date,YEAR,DOY,T2M_MAX,T2M_MIN,T2M,RH2M,WS2M,PRECTOTCORR,ALLSKY_SFC_SW_DWN
2010-01-01,2010,1,17.34,11.0,13.84,66.5,7.14,0.92,10.23
2010-01-02,2010,2,16.42,11.59,13.74,72.61,5.96,1.64,6.84
2010-01-03,2010,3,16.77,9.63,12.83,74.8,2.58,0.02,9.39
2010-01-04,2010,4,16.71,7.91,11.65,71.33,2.14,0.01,5.96
2010-01-05,2010,5,18.78,7.35,12.64,71.62,2.4,0.02,10.29
2010-01-06,2010,6,18.32,9.73,13.14,76.68,3.58,0.26,9.81
2010-01-07,2010,7,19.15,7.92,13.25,79.8,3.37,0.03,9.41
2010-01-08,2010,8,18.86,8.39,13.2,72.52,3.65,9.17,6.84
2010-01-09,2010,9,10.93,5.94,8.08,64.34,6.63,0.47,10.69
2010-01-10,2010,10,10.94,5.01,7.23,74.23,5.53,1.52,9.82
2010-01-11,2010,11,14.57,5.43,9.65,73.09,3.74,1.58,8.88
2010-01-12,2010,12,12.89,8.25,10.28,78.44,4.21,1.19,7.14
2010-01-13,2010,13,14.78,8.43,11.72,76.2,8.56,7.47,8.27
2010-01-14,2010,14,16.98,9.47,12.81,72.48,3.46,3.29,10.56
2010-01-15,2010,15,14.37,10.22,12.17,84.97,4.9,7.35,7.03
2010-01-16,2010,16,14.58,10.33,12.22,78.74,5.16,1.08,6.76
2010-01-17,2010,17,15.22,8.56,11.65,75.46,1.97,0.64,7.43
2010-01-18,2010,18,15.96,8.68,12.25,83.14,3.51,1.76,4.84
2010-01-19,2010,19,15.16,8.53,11.14,77.27,1.37,0.12,8.74
2010-01-20,2010,20,14.2,8.0,11.14,88.57,2.6,3.51,5.42
2010-01-21,2010,21,15.18,11.21,12.51,75.33,6.49,1.18,10.59
2010-01-22,2010,22,13.79,8.77,11.18,77.66,3.72,0.47,8.44
2010-01-23,2010,23,13.89,7.8,10.64,79.37,2.19,0.35,8.18
2010-01-24,2010,24,13.93,7.05,10.27,84.05,4.06,0.06,7.63
2010-01-25,2010,25,17.13,8.57,12.07,83.52,4.29,0.15,9.83
2010-01-26,2010,26,16.79,10.91,13.19,86.27,4.71,9.1,4.18
2010-01-27,2010,27,15.1,10.04,12.14,91.89,2.12,4.68,8.37
2010-01-28,2010,28,14.43,9.64,11.5,78.71,4.41,1.58,6.32
2010-01-29,2010,29,14.12,8.31,10.89,74.17,5.08,0.81,10.73
2010-01-30,2010,30,12.42,7.28,9.54,84.21,5.19,2.51,9.02
2010-01-31,2010,31,15.58,8.12,10.75,79.43,4.56,1.0,12.47
2010-02-01,2010,32,10.54,6.83,8.77,82.37,3.29,4.74,7.71
2010-02-02,2010,33,12.3,6.13,8.97,67.06,4.91,0.27,9.11
2010-02-03,2010,34,15.85,2.75,8.35,66.44,1.88,0.0,13.1
2010-02-04,2010,35,19.55,2.31,10.17,67.51,2.7,0.0,13.56
2010-02-05,2010,36,18.59,8.75,13.48,81.91,4.2,0.89,7.84
2010-02-06,2010,37,17.26,9.81,13.24,72.79,5.73,1.06,10.81
2010-02-07,2010,38,13.89,10.05,11.71,73.99,6.59,5.06,11.07
2010-02-08,2010,39,14.5,9.19,11.29,74.16,2.72,1.25,11.03
2010-02-09,2010,40,18.13,8.72,12.09,81.45,3.89,8.88,8.4
2010-02-10,2010,41,11.77,7.89,10.0,77.54,8.28,4.67,11.93
2010-02-11,2010,42,11.93,7.01,9.08,76.78,3.32,2.16,5.98
2010-02-12,2010,43,9.21,5.4,7.09,75.53,5.88,3.48,12.81
2010-02-13,2010,44,9.56,3.57,6.08,83.55,3.5,7.88,6.34
2010-02-14,2010,45,13.09,3.88,8.37,81.21,4.02,0.71,9.45
2010-02-15,2010,46,13.34,5.63,9.5,72.34,3.52,0.02,7.63
2010-02-16,2010,47,17.49,8.94,11.82,88.42,3.91,0.12,6.65
2010-02-17,2010,48,21.76,7.4,13.14,74.42,2.83,0.0,11.29
2010-02-18,2010,49,22.33,8.6,14.92,71.8,2.97,0.0,15.02
2010-02-19,2010,50,22.95,12.66,17.34,69.17,4.1,0.01,10.3
2010-02-20,2010,51,14.87,8.47,12.26,70.47,6.89,0.29,13.55
2010-02-21,2010,52,17.89,6.74,12.39,64.95,3.55,0.03,15.84
2010-02-22,2010,53,20.59,10.09,14.59,66.49,3.04,0.59,15.07
2010-02-23,2010,54,19.33,10.4,14.69,71.8,3.37,0.08,10.84
2010-02-24,2010,55,18.96,12.19,15.03,76.2,6.58,0.86,12.19
2010-02-25,2010,56,20.65,10.09,15.22,69.3,3.06,0.01,16.41
2010-02-26,2010,57,21.29,10.41,15.27,72.56,3.9,0.0,14.56
2010-02-27,2010,58,23.48,10.53,16.24,74.15,2.25,0.0,15.4
2010-02-28,2010,59,25.58,12.28,17.75,61.46,3.11,0.0,16.37
2010-03-01,2010,60,20.18,11.16,15.52,78.48,4.64,0.0,16.08
2010-03-02,2010,61,18.66,9.22,13.69,75.47,2.57,0.91,11.87
2010-03-03,2010,62,23.56,12.17,15.65,75.92,5.37,1.41,11.37
2010-03-04,2010,63,18.63,11.9,14.44,76.76,5.93,2.63,14.21
2010-03-05,2010,64,18.53,11.1,13.84,74.57,3.24,0.09,15.82
2010-03-06,2010,65,12.67,9.26,11.12,79.79,2.99,1.98,8.03
2010-03-07,2010,66,14.1,9.32,11.79,91.41,4.8,13.58,2.23
2010-03-08,2010,67,13.22,9.78,11.8,84.4,2.41,3.3,9.35
2010-03-09,2010,68,12.13,9.31,10.36,85.94,3.47,23.72,4.62
2010-03-10,2010,69,14.22,7.65,10.75,64.52,4.28,0.39,18.69
2010-03-11,2010,70,13.52,6.36,9.35,70.91,3.95,0.34,17.56
2010-03-12,2010,71,12.5,6.19,9.56,82.99,1.88,6.71,10.35
2010-03-13,2010,72,12.91,7.72,9.86,78.75,3.66,6.63,12.21
2010-03-14,2010,73,14.68,7.06,10.25,74.35,3.46,0.23,12.73
2010-03-15,2010,74,14.45,6.98,10.69,74.22,4.84,0.41,13.85
2010-03-16,2010,75,14.79,8.23,11.48,71.23,4.95,0.15,15.39
2010-03-17,2010,76,16.9,6.88,11.35,74.2,2.06,0.0,19.48
2010-03-18,2010,77,21.36,6.09,13.38,64.25,2.73,0.0,18.17
2010-03-19,2010,78,23.35,7.66,14.96,59.43,1.63,0.0,18.99
2010-03-20,2010,79,25.62,10.69,17.49,59.58,1.74,0.0,14.27
2010-03-21,2010,80,26.51,12.11,18.09,64.69,1.75,0.0,18.19
2010-03-22,2010,81,25.12,13.03,17.07,59.32,2.24,0.0,17.96
2010-03-23,2010,82,19.58,12.12,15.35,84.01,2.84,0.01,18.4
2010-03-24,2010,83,23.93,9.7,15.99,74.33,2.65,0.0,19.24
2010-03-25,2010,84,27.08,12.2,17.39,71.57,3.05,0.0,11.06
2010-03-26,2010,85,20.74,11.96,15.76,82.71,2.17,0.0,16.42
2010-03-27,2010,86,20.26,11.79,15.32,75.72,4.89,0.0,19.5
2010-03-28,2010,87,19.12,9.52,13.75,71.32,3.5,0.0,21.08
2010-03-29,2010,88,26.66,8.08,16.83,65.78,2.51,0.0,20.38
2010-03-30,2010,89,22.06,13.78,17.11,67.86,5.19,0.01,19.27
2010-03-31,2010,90,20.65,10.56,15.36,69.9,3.17,0.0,22.74
2010-04-01,2010,91,22.28,10.64,15.79,70.09,1.83,0.55,19.23
2010-04-02,2010,92,19.85,10.35,14.35,74.55,2.61,0.08,20.66
2010-04-03,2010,93,23.75,10.01,16.1,67.75,3.06,0.0,20.44
2010-04-04,2010,94,26.58,12.71,17.58,66.21,4.62,0.14,19.28
2010-04-05,2010,95,18.17,10.34,14.09,66.55,4.85,0.06,21.6
2010-04-06,2010,96,19.01,10.13,14.16,63.86,2.72,0.08,13.43
2010-04-07,2010,97,22.69,12.06,16.14,69.92,4.28,0.06,15.48
2010-04-08,2010,98,20.0,11.06,14.83,81.22,1.96,1.59,10.14
2010-04-09,2010,99,18.35,10.36,13.89,79.05,2.22,6.48,12.09
2010-04-10,2010,100,19.4,12.05,14.89,72.75,2.0,1.38,17.96
2010-04-11,2010,101,22.78,9.07,15.85,70.11,1.63,0.06,22.65
2010-04-12,2010,102,20.02,12.16,15.43,82.8,1.71,4.65,14.36
2010-04-13,2010,103,20.24,12.14,15.69,82.98,2.05,0.33,18.44
2010-04-14,2010,104,22.81,11.07,16.75,78.76,2.78,1.18,17.39
2010-04-15,2010,105,23.81,12.87,17.24,83.27,2.45,1.55,19.14
2010-04-16,2010,106,20.37,13.86,16.47,81.13,2.65,7.88,15.84
2010-04-17,2010,107,19.0,12.75,15.53,82.56,1.98,4.1,16.92
2010-04-18,2010,108,20.05,12.64,15.38,86.37,2.73,10.48,14.6
2010-04-19,2010,109,20.1,11.47,15.29,75.34,4.05,0.08,22.69
2010-04-20,2010,110,21.52,9.51,15.69,72.52,2.21,0.0,23.62
2010-04-21,2010,111,25.87,11.1,18.27,68.31,2.62,0.0,23.41
2010-04-22,2010,112,27.24,15.44,19.75,72.86,2.86,1.2,8.24
2010-04-23,2010,113,21.42,14.76,17.45,76.29,3.54,6.95,17.7
2010-04-24,2010,114,19.39,14.68,16.56,82.4,6.62,7.6,11.49
2010-04-25,2010,115,20.64,13.56,16.94,82.17,4.15,5.33,18.98
2010-04-26,2010,116,22.16,12.92,16.94,80.77,2.9,0.1,22.64
2010-04-27,2010,117,22.39,12.5,16.99,79.41,2.78,0.57,20.73
2010-04-28,2010,118,22.49,11.36,16.66,76.86,2.84,0.01,24.94
2010-04-29,2010,119,22.62,12.45,16.98,77.09,2.01,0.0,21.39
2010-04-30,2010,120,26.17,11.2,18.67,65.98,3.24,0.0,25.16
2010-05-01,2010,121,30.35,13.77,21.63,62.46,3.19,0.0,25.13
2010-05-02,2010,122,24.0,16.3,19.97,74.3,1.64,0.57,19.45
2010-05-03,2010,123,26.12,15.78,20.83,70.23,2.64,0.17,22.2
2010-05-04,2010,124,19.15,14.0,17.06,78.61,4.16,4.43,9.94
2010-05-05,2010,125,21.32,11.77,15.93,64.27,4.63,0.23,24.03
2010-05-06,2010,126,21.22,10.64,15.8,64.98,2.8,0.11,23.25
2010-05-07,2010,127,22.61,12.57,17.21,74.6,2.37,0.76,17.09
2010-05-08,2010,128,22.84,13.1,17.62,75.59,2.17,0.01,26.35
2010-05-09,2010,129,31.01,13.15,22.02,59.8,2.79,0.0,25.98
2010-05-10,2010,130,32.27,16.77,23.75,48.52,3.58,0.0,26.11
2010-05-11,2010,131,25.67,17.19,20.77,65.86,2.95,0.0,25.63
2010-05-12,2010,132,25.4,14.77,19.58,62.32,2.64,0.0,23.99
2010-05-13,2010,133,24.96,14.57,19.32,65.12,2.99,0.01,25.41
2010-05-14,2010,134,21.04,13.53,17.23,72.73,3.76,3.97,16.72
2010-05-15,2010,135,20.35,12.68,16.39,64.82,7.53,1.14,23.22
2010-05-16,2010,136,21.17,13.02,16.67,60.59,5.5,0.13,25.35
2010-05-17,2010,137,21.36,11.62,16.58,64.32,5.39,0.0,26.86
2010-05-18,2010,138,21.48,12.99,16.97,65.92,5.79,0.0,25.77
2010-05-19,2010,139,23.98,12.85,17.87,63.54,5.61,0.0,27.52
2010-05-20,2010,140,20.73,14.35,16.96,66.05,6.26,0.85,18.46
2010-05-21,2010,141,22.37,13.4,17.6,67.31,4.97,0.1,26.81
2010-05-22,2010,142,25.03,12.53,18.7,67.16,2.36,0.0,27.21
2010-05-23,2010,143,23.72,14.57,19.21,71.08,2.16,7.46,15.13
2010-05-24,2010,144,21.65,14.92,18.09,77.63,1.54,13.25,9.94
2010-05-25,2010,145,25.82,12.59,19.28,66.34,1.82,0.0,27.21
2010-05-26,2010,146,32.17,13.98,23.05,54.24,2.58,0.0,26.81
2010-05-27,2010,147,29.26,19.24,22.67,64.58,2.84,0.25,19.99
2010-05-28,2010,148,28.11,17.46,21.28,71.57,1.92,0.37,22.76
2010-05-29,2010,149,23.28,16.69,19.39,77.62,3.82,1.06,10.94
2010-05-30,2010,150,24.43,16.81,20.28,73.32,6.07,2.56,12.69
2010-05-31,2010,151,26.36,17.8,21.77,64.8,7.73,0.02,25.14
2010-06-01,2010,152,24.2,16.82,20.27,67.82,7.02,0.0,24.18
2010-06-02,2010,153,26.76,16.41,21.17,65.98,5.49,0.0,27.61
2010-06-03,2010,154,27.37,15.77,21.33,62.11,3.71,0.01,28.64
2010-06-04,2010,155,25.75,15.47,20.52,65.98,3.42,0.03,26.62
2010-06-05,2010,156,27.32,16.07,21.32,66.65,2.23,0.0,28.11
2010-06-06,2010,157,30.21,15.7,22.96,55.89,2.32,0.0,29.01
2010-06-07,2010,158,33.02,17.56,24.36,61.79,2.09,0.11,23.22
2010-06-08,2010,159,31.86,18.76,24.78,60.67,2.99,0.02,28.09
2010-06-09,2010,160,33.29,19.09,25.33,63.13,5.83,0.01,26.6
2010-06-10,2010,161,38.3,20.04,27.18,61.68,3.74,0.0,23.08
2010-06-11,2010,162,30.47,18.95,23.58,72.75,2.33,0.03,22.48
2010-06-12,2010,163,27.88,19.34,22.82,69.91,3.13,0.0,23.69
2010-06-13,2010,164,28.21,18.17,22.94,71.11,2.22,0.0,14.21
2010-06-14,2010,165,29.28,19.3,24.09,70.06,3.53,2.66,13.9
2010-06-15,2010,166,31.51,18.97,24.21,71.16,3.89,20.13,13.15
2010-06-16,2010,167,29.48,18.01,23.47,67.19,2.85,0.0,27.69
2010-06-17,2010,168,35.83,18.7,25.63,61.22,2.32,0.0,28.59
2010-06-18,2010,169,28.28,19.19,22.85,71.82,3.93,0.01,25.7
2010-06-19,2010,170,27.35,17.64,21.82,63.87,4.31,1.04,25.44
2010-06-20,2010,171,28.13,18.22,22.05,66.26,5.54,0.47,24.28
2010-06-21,2010,172,22.89,16.46,19.51,56.78,7.23,0.04,26.39
2010-06-22,2010,173,24.31,15.52,19.7,59.29,6.09,0.0,27.73
2010-06-23,2010,174,26.17,16.25,20.91,64.53,3.59,0.0,28.28
2010-06-24,2010,175,27.84,15.83,21.4,61.12,2.02,0.0,29.07
2010-06-25,2010,176,28.53,16.71,22.06,57.69,1.96,0.0,30.14
2010-06-26,2010,177,28.88,17.19,22.9,61.42,3.16,0.01,26.34
2010-06-27,2010,178,28.95,18.7,23.35,63.92,2.61,0.0,26.63
2010-06-28,2010,179,29.25,18.2,23.42,64.16,1.77,0.0,26.75
2010-06-29,2010,180,30.54,18.21,24.17,60.56,3.2,0.0,26.22
2010-06-30,2010,181,31.0,18.9,24.54,68.31,3.32,0.02,28.0
2010-07-01,2010,182,31.3,19.31,25.05,65.44,2.74,0.01,26.08
2010-07-02,2010,183,32.28,19.72,25.81,59.74,2.02,1.26,25.76
2010-07-03,2010,184,32.55,20.42,26.0,63.22,2.5,0.0,26.57
2010-07-04,2010,185,33.68,20.51,26.85,58.87,1.58,0.0,28.92
2010-07-05,2010,186,31.95,21.36,26.85,54.64,2.75,0.06,25.63
2010-07-06,2010,187,31.09,22.13,25.92,66.76,5.34,0.04,27.54
2010-07-07,2010,188,31.5,20.61,25.5,63.03,4.36,0.01,27.87
2010-07-08,2010,189,31.92,18.83,25.06,65.61,2.58,0.0,28.55
2010-07-09,2010,190,32.2,20.28,26.05,64.69,1.98,0.04,26.82
2010-07-10,2010,191,32.46,21.08,26.39,62.37,2.29,0.0,27.61
2010-07-11,2010,192,34.7,20.63,27.72,52.4,2.63,0.0,28.65
2010-07-12,2010,193,36.85,21.93,29.2,47.94,3.7,0.0,27.85
2010-07-13,2010,194,38.56,23.14,30.6,47.4,2.74,0.0,27.77
2010-07-14,2010,195,41.67,24.33,32.07,42.25,2.34,0.0,27.83
2010-07-15,2010,196,35.22,23.26,28.73,61.26,2.86,0.0,26.87
2010-07-16,2010,197,34.76,21.46,27.88,63.77,2.18,0.0,27.31
2010-07-17,2010,198,35.89,22.51,28.94,56.08,1.67,0.0,27.61
2010-07-18,2010,199,34.49,23.21,28.35,62.82,4.7,0.0,28.03
2010-07-19,2010,200,32.05,22.97,26.75,60.92,4.99,0.0,27.83
2010-07-20,2010,201,32.03,22.81,26.98,67.23,3.02,0.06,26.5
2010-07-21,2010,202,38.02,22.32,29.86,56.37,2.61,0.37,26.09
2010-07-22,2010,203,40.65,24.04,31.78,54.2,2.69,0.02,26.1
2010-07-23,2010,204,38.95,25.97,31.6,54.74,3.99,0.0,26.04
2010-07-24,2010,205,30.8,22.92,26.63,62.29,7.04,0.02,26.05
2010-07-25,2010,206,28.42,21.87,24.83,56.79,7.78,0.01,24.76
2010-07-26,2010,207,29.04,21.56,24.9,60.4,6.37,2.36,26.11
2010-07-27,2010,208,30.25,20.73,25.16,62.08,4.32,0.37,25.6
2010-07-28,2010,209,30.54,20.92,25.4,64.21,3.88,0.0,25.87
2010-07-29,2010,210,33.5,20.35,26.18,57.58,1.99,0.0,24.75
2010-07-30,2010,211,32.07,20.77,26.01,59.81,3.58,0.0,26.88
2010-07-31,2010,212,29.8,21.04,24.81,57.4,3.63,0.0,25.37
2010-08-01,2010,213,31.0,19.94,25.09,56.7,2.37,0.0,27.25
2010-08-02,2010,214,34.88,20.57,27.33,55.75,3.15,0.0,26.52
2010-08-03,2010,215,32.66,22.01,26.67,63.08,3.34,0.05,25.67
2010-08-04,2010,216,29.83,22.12,25.32,59.01,6.18,0.0,26.01
2010-08-05,2010,217,29.25,21.38,24.99,60.42,6.29,0.0,25.75
2010-08-06,2010,218,29.56,21.0,24.8,56.18,4.78,0.0,26.68
2010-08-07,2010,219,29.7,19.72,24.11,56.82,3.42,0.0,26.14
2010-08-08,2010,220,30.63,18.74,23.89,60.65,2.34,0.0,25.65
2010-08-09,2010,221,32.36,18.92,25.27,50.52,1.64,0.0,26.31
2010-08-10,2010,222,35.01,20.55,27.35,44.92,1.85,0.0,26.04
2010-08-11,2010,223,34.16,21.24,27.41,54.01,2.5,0.0,25.33
2010-08-12,2010,224,36.79,21.97,29.24,45.13,1.95,0.0,23.53
2010-08-13,2010,225,39.33,24.99,30.91,46.53,2.21,0.0,20.79
2010-08-14,2010,226,37.35,24.31,28.67,62.42,4.03,8.32,10.99
2010-08-15,2010,227,30.82,22.99,26.18,65.09,3.02,0.0,21.56
2010-08-16,2010,228,30.76,22.1,25.71,70.63,2.85,0.51,21.71
2010-08-17,2010,229,31.0,23.43,26.1,60.01,2.53,0.01,22.85
2010-08-18,2010,230,35.37,23.84,28.68,50.45,1.61,0.0,22.61
2010-08-19,2010,231,36.89,23.99,29.67,51.9,2.45,0.0,24.05
2010-08-20,2010,232,41.53,24.25,32.22,42.01,2.48,0.0,24.04
2010-08-21,2010,233,36.11,24.77,29.28,62.37,3.52,0.25,20.81
2010-08-22,2010,234,32.36,23.45,27.1,68.52,4.12,0.0,23.16
2010-08-23,2010,235,33.42,22.05,27.33,65.87,2.58,0.0,22.64
2010-08-24,2010,236,38.66,21.87,29.61,52.0,1.94,0.0,24.56
2010-08-25,2010,237,34.07,23.14,27.88,65.94,3.82,0.0,22.54
2010-08-26,2010,238,33.9,22.67,27.66,66.58,3.19,0.0,24.05
2010-08-27,2010,239,35.73,21.55,28.33,54.15,1.52,0.0,23.95
2010-08-28,2010,240,36.82,22.8,28.66,47.21,4.03,0.0,22.25
2010-08-29,2010,241,29.48,22.13,25.52,55.2,6.69,0.0,23.4
2010-08-30,2010,242,29.63,21.73,24.9,54.07,6.28,0.0,22.39
2010-08-31,2010,243,27.29,18.88,23.31,53.81,5.61,0.0,23.3
2010-09-01,2010,244,31.15,17.99,24.15,51.67,3.29,0.0,23.81
2010-09-02,2010,245,37.66,22.86,28.3,54.0,3.81,1.04,13.76
2010-09-03,2010,246,28.79,20.78,24.92,70.9,2.73,6.46,7.2
2010-09-04,2010,247,28.42,20.27,23.82,74.47,3.17,0.22,22.43
2010-09-05,2010,248,30.87,18.92,24.45,64.11,1.65,0.0,22.57
2010-09-06,2010,249,33.41,19.35,26.25,61.2,2.2,0.06,21.82
2010-09-07,2010,250,37.74,22.79,29.0,53.65,3.17,0.05,19.69
2010-09-08,2010,251,30.9,22.95,26.37,62.19,2.75,0.31,14.38
2010-09-09,2010,252,26.88,21.71,24.35,67.87,3.09,4.7,14.22
2010-09-10,2010,253,26.6,20.31,23.01,62.39,6.45,0.75,18.27
2010-09-11,2010,254,27.13,19.56,22.88,64.89,4.79,0.03,20.65
2010-09-12,2010,255,29.12,18.51,23.16,60.11,1.77,0.0,21.83
2010-09-13,2010,256,28.86,19.1,23.57,67.06,5.15,0.02,21.24
2010-09-14,2010,257,26.33,20.07,22.72,63.47,6.21,1.02,15.26
2010-09-15,2010,258,26.87,19.55,22.77,71.46,4.33,0.83,17.77
2010-09-16,2010,259,30.15,17.87,23.62,61.27,2.1,0.0,21.11
2010-09-17,2010,260,35.2,18.86,26.4,51.96,3.21,0.0,20.84
2010-09-18,2010,261,35.51,20.36,26.82,49.87,3.01,0.0,18.42
2010-09-19,2010,262,28.69,20.22,24.01,71.74,4.01,0.08,17.39
2010-09-20,2010,263,28.51,18.87,22.88,65.17,2.46,0.0,19.99
2010-09-21,2010,264,32.78,21.16,25.43,62.16,2.57,0.42,10.0
2010-09-22,2010,265,28.1,19.75,23.57,72.96,3.65,0.02,18.72
2010-09-23,2010,266,27.66,18.53,22.81,71.44,1.87,0.48,16.62
2010-09-24,2010,267,29.55,20.69,23.3,73.9,5.99,7.31,7.25
2010-09-25,2010,268,26.89,18.87,22.27,71.59,5.86,1.81,14.94
2010-09-26,2010,269,26.39,17.37,21.43,65.42,2.96,0.27,17.08
2010-09-27,2010,270,25.53,18.94,21.67,74.24,1.62,0.35,8.51
2010-09-28,2010,271,26.92,19.39,21.99,73.05,1.1,6.83,12.68
2010-09-29,2010,272,23.87,18.66,20.64,68.29,4.83,4.04,17.9
2010-09-30,2010,273,26.09,17.5,21.2,64.88,2.18,0.14,18.84
2010-10-01,2010,274,28.13,16.09,21.44,61.87,1.75,0.0,18.41
2010-10-02,2010,275,31.03,16.64,23.04,60.93,2.44,0.0,17.59
2010-10-03,2010,276,33.59,17.3,24.66,62.82,2.18,0.0,17.8
2010-10-04,2010,277,28.77,21.19,24.72,57.06,2.65,0.33,12.23
2010-10-05,2010,278,30.26,19.23,23.89,63.98,2.0,0.03,15.02
2010-10-06,2010,279,30.55,17.77,22.83,66.21,2.62,0.0,17.34
2010-10-07,2010,280,29.43,18.72,23.49,75.43,3.14,0.0,16.98
2010-10-08,2010,281,32.77,20.52,24.68,74.05,3.16,0.12,12.41
2010-10-09,2010,282,32.4,19.42,25.03,64.33,2.09,0.1,15.64
2010-10-10,2010,283,26.65,20.34,22.71,82.78,2.57,3.52,9.13
2010-10-11,2010,284,25.45,18.88,21.96,78.53,2.21,0.65,12.51
2010-10-12,2010,285,30.96,18.82,23.7,73.28,4.45,1.77,13.56
2010-10-13,2010,286,26.46,18.6,22.01,66.05,1.34,1.96,12.77
2010-10-14,2010,287,25.11,17.83,20.92,72.4,3.99,2.1,13.44
2010-10-15,2010,288,24.9,16.63,20.14,72.05,3.14,1.88,14.67
2010-10-16,2010,289,23.56,16.66,19.34,77.35,2.82,2.36,13.52
2010-10-17,2010,290,22.61,15.29,18.43,73.9,2.7,19.78,12.61
2010-10-18,2010,291,18.7,15.12,16.33,73.29,6.76,20.27,11.09
2010-10-19,2010,292,18.97,15.06,16.77,70.61,7.97,2.93,7.98
2010-10-20,2010,293,21.47,16.31,18.42,65.64,6.07,0.25,14.76
2010-10-21,2010,294,20.95,14.4,17.36,68.73,2.74,0.0,13.76
2010-10-22,2010,295,22.02,12.45,16.6,69.66,1.67,0.0,14.71
2010-10-23,2010,296,25.08,13.13,18.15,70.74,3.36,0.0,14.75
2010-10-24,2010,297,24.53,13.98,18.64,73.96,1.63,0.27,6.12
2010-10-25,2010,298,23.23,13.17,17.48,78.43,4.34,8.54,14.01
2010-10-26,2010,299,17.58,12.35,14.75,76.23,5.31,5.98,13.5
2010-10-27,2010,300,18.94,14.45,16.58,68.29,6.85,2.11,10.95
2010-10-28,2010,301,21.11,14.2,17.17,69.12,4.48,0.01,11.47
2010-10-29,2010,302,20.35,13.63,16.61,74.07,1.67,0.0,10.89
2010-10-30,2010,303,24.79,10.44,16.49,62.43,2.39,0.0,12.79
2010-10-31,2010,304,26.34,14.07,18.29,54.73,4.1,0.15,6.63
2010-11-01,2010,305,22.05,13.84,17.1,69.21,3.2,0.7,9.31
2010-11-02,2010,306,19.38,12.39,15.6,80.26,3.42,4.24,12.15
2010-11-03,2010,307,19.18,14.47,16.4,81.8,3.95,6.35,9.43
2010-11-04,2010,308,19.32,14.42,16.7,87.57,3.48,33.26,8.89
2010-11-05,2010,309,19.38,15.09,17.05,93.05,2.42,4.43,5.78
2010-11-06,2010,310,21.87,15.46,17.96,84.18,2.12,2.57,9.64
2010-11-07,2010,311,20.52,14.8,17.05,85.76,1.89,12.27,8.13
2010-11-08,2010,312,20.53,13.29,16.2,79.13,4.79,1.48,11.47
2010-11-09,2010,313,22.3,12.53,16.84,69.87,4.62,0.03,12.34
2010-11-10,2010,314,22.52,12.83,16.94,69.32,4.01,0.04,11.49
2010-11-11,2010,315,17.98,13.66,15.5,72.63,5.03,2.26,10.28
2010-11-12,2010,316,19.34,13.4,15.92,72.95,5.35,0.12,10.13
2010-11-13,2010,317,21.57,14.09,17.09,77.62,3.2,0.09,11.68
2010-11-14,2010,318,24.06,11.99,16.8,72.59,2.85,0.0,12.13
2010-11-15,2010,319,22.8,10.61,16.11,75.23,2.94,0.2,12.0
2010-11-16,2010,320,18.1,11.82,15.04,68.65,6.11,2.13,10.44
2010-11-17,2010,321,18.54,10.84,13.83,75.15,4.33,0.2,11.99
2010-11-18,2010,322,19.95,11.72,14.85,70.56,2.94,0.07,10.9
2010-11-19,2010,323,18.98,11.06,14.97,73.16,2.25,0.02,11.86
2010-11-20,2010,324,21.22,11.45,15.53,71.82,3.23,0.0,10.36
2010-11-21,2010,325,18.91,11.5,14.68,68.57,2.97,0.66,6.14
2010-11-22,2010,326,17.47,10.29,13.73,75.19,4.85,2.51,11.08
2010-11-23,2010,327,17.03,12.11,13.78,72.71,5.84,1.5,10.26
2010-11-24,2010,328,16.74,11.8,13.62,76.88,4.36,2.13,8.17
2010-11-25,2010,329,15.45,11.75,13.32,81.93,1.83,3.0,8.0
2010-11-26,2010,330,17.12,11.87,13.98,82.29,3.35,2.35,7.27
2010-11-27,2010,331,20.57,11.09,15.15,73.65,4.9,0.35,6.13
2010-11-28,2010,332,22.54,12.45,15.75,66.45,6.41,0.46,8.66
2010-11-29,2010,333,21.2,10.17,15.5,71.72,4.64,0.0,10.59
2010-11-30,2010,334,25.34,15.21,18.86,63.57,4.35,0.0,8.04
2010-12-01,2010,335,19.45,12.46,16.59,71.52,4.71,2.51,3.19
2010-12-02,2010,336,18.9,10.37,14.28,72.84,2.24,0.11,8.93
2010-12-03,2010,337,14.19,9.82,11.97,82.28,2.95,7.22,4.08
2010-12-04,2010,338,13.2,8.08,10.39,76.16,3.81,1.1,7.43
2010-12-05,2010,339,16.89,5.47,10.32,68.35,3.37,0.01,10.35
2010-12-06,2010,340,19.23,6.82,12.28,65.23,2.01,0.0,9.4
2010-12-07,2010,341,25.43,10.53,16.34,63.84,2.83,0.0,9.77
2010-12-08,2010,342,22.93,13.66,16.37,71.43,2.81,0.0,6.99
2010-12-09,2010,343,23.22,12.73,16.62,72.01,3.5,0.0,9.34
2010-12-10,2010,344,16.08,9.48,13.69,73.25,5.56,0.11,8.0
2010-12-11,2010,345,14.86,8.18,11.5,72.92,3.11,0.51,6.15
2010-12-12,2010,346,16.62,10.68,12.64,73.68,3.59,0.34,7.49
2010-12-13,2010,347,15.3,10.57,12.47,75.19,4.29,0.01,6.04
2010-12-14,2010,348,15.59,10.28,12.23,71.53,3.92,0.2,5.65
2010-12-15,2010,349,11.38,8.39,10.0,68.84,5.24,2.51,7.32
2010-12-16,2010,350,9.51,6.26,7.68,76.49,3.57,4.28,6.88
2010-12-17,2010,351,12.34,4.56,8.33,71.43,4.65,0.98,9.19
2010-12-18,2010,352,16.86,3.61,9.62,67.75,2.97,0.03,6.52
2010-12-19,2010,353,20.69,5.72,12.49,66.06,2.01,0.0,8.77
2010-12-20,2010,354,18.03,10.48,13.25,85.15,3.74,2.25,7.63
2010-12-21,2010,355,18.86,8.74,13.37,80.34,3.58,0.18,8.88
2010-12-22,2010,356,21.03,8.92,13.95,74.45,3.69,0.0,7.76
2010-12-23,2010,357,21.07,11.81,14.8,72.91,4.52,0.75,6.92
2010-12-24,2010,358,14.57,8.74,11.54,71.68,7.01,1.8,7.04
2010-12-25,2010,359,12.38,8.37,10.01,82.36,5.29,2.93,8.93
2010-12-26,2010,360,11.8,7.13,9.36,76.98,4.53,2.32,7.97
2010-12-27,2010,361,13.56,6.18,9.97,76.36,3.74,0.43,9.08
2010-12-28,2010,362,14.09,7.24,10.68,75.74,2.06,0.09,7.84
2010-12-29,2010,363,13.39,5.47,8.92,76.79,1.77,0.0,8.5
2010-12-30,2010,364,16.48,6.35,10.53,71.52,2.35,0.0,9.77
2010-12-31,2010,365,16.62,5.21,10.56,84.28,3.34,0.16,9.59
2011-01-01,2011,1,15.41,9.28,11.5,86.87,2.67,1.09,7.77
2011-01-02,2011,2,13.92,8.11,10.66,90.25,2.77,1.75,6.09
2011-01-03,2011,3,13.8,8.9,10.91,79.27,4.68,1.14,7.07
2011-01-04,2011,4,13.82,8.84,10.81,82.7,2.56,0.47,9.68
2011-01-05,2011,5,16.02,7.03,10.82,73.35,1.84,0.03,9.29
2011-01-06,2011,6,18.56,6.2,11.37,66.53,1.7,0.0,10.33
2011-01-07,2011,7,20.98,7.21,12.89,65.44,2.6,0.0,10.51
2011-01-08,2011,8,20.32,8.35,13.59,56.4,2.29,0.0,10.2
2011-01-09,2011,9,16.88,7.9,12.45,62.52,1.87,0.0,6.49
2011-01-10,2011,10,17.64,8.79,12.32,80.15,3.0,0.14,9.95
2011-01-11,2011,11,14.81,9.59,11.39,87.58,3.89,3.27,9.28
2011-01-12,2011,12,13.93,10.35,12.04,84.37,4.37,13.78,6.27
2011-01-13,2011,13,15.35,9.6,12.49,81.95,3.7,2.39,8.85
2011-01-14,2011,14,16.17,8.8,12.81,87.36,3.39,1.96,8.69
2011-01-15,2011,15,18.04,7.23,11.35,84.94,3.09,0.29,11.03
2011-01-16,2011,16,17.21,8.26,11.61,88.78,1.76,0.01,10.36
2011-01-17,2011,17,15.9,8.0,10.82,86.16,0.88,0.03,10.39
2011-01-18,2011,18,14.96,7.47,10.28,86.11,1.05,0.05,6.48
2011-01-19,2011,19,14.86,8.17,10.76,81.92,0.72,0.03,7.33
2011-01-20,2011,20,13.96,8.99,11.01,80.22,2.73,0.11,6.34
2011-01-21,2011,21,13.62,6.44,9.79,72.26,4.47,0.4,10.99
2011-01-22,2011,22,12.22,5.46,8.47,80.97,6.0,0.94,10.9
2011-01-23,2011,23,11.24,6.01,8.18,78.47,3.0,0.58,11.38
2011-01-24,2011,24,12.79,6.71,8.88,72.94,1.8,0.48,10.7
2011-01-25,2011,25,9.35,6.54,7.73,85.36,1.31,2.77,3.44
2011-01-26,2011,26,13.88,6.8,9.93,76.92,2.09,5.16,9.97
2011-01-27,2011,27,16.37,9.43,12.51,91.85,2.75,10.69,6.02
2011-01-28,2011,28,16.32,8.99,12.17,84.02,3.72,0.73,11.3
2011-01-29,2011,29,19.58,7.36,12.87,74.98,2.49,0.37,12.64
2011-01-30,2011,30,16.09,9.75,12.06,83.8,1.88,1.63,11.14
2011-01-31,2011,31,12.58,9.43,10.51,85.47,2.01,19.53,4.24
2011-02-01,2011,32,12.84,8.29,10.14,84.17,3.42,5.1,10.3
2011-02-02,2011,33,12.67,7.69,9.86,85.99,2.84,4.55,8.17
2011-02-03,2011,34,11.78,8.05,10.29,83.29,4.35,4.67,6.37
2011-02-04,2011,35,14.31,6.61,9.62,74.28,3.58,0.0,11.34
2011-02-05,2011,36,15.37,6.01,9.7,82.07,2.56,0.0,13.52
2011-02-06,2011,37,14.84,8.51,11.02,83.85,3.78,0.0,13.53
2011-02-07,2011,38,15.48,8.27,11.34,84.05,2.62,0.0,12.59
2011-02-08,2011,39,13.45,8.94,10.24,85.24,2.29,0.0,9.18
2011-02-09,2011,40,13.84,9.55,10.94,82.36,3.36,0.0,10.48
2011-02-10,2011,41,14.47,7.73,10.59,79.71,2.43,0.25,11.7
2011-02-11,2011,42,16.32,4.15,9.23,79.49,1.57,0.07,14.95
2011-02-12,2011,43,17.14,5.79,10.24,71.08,1.24,0.0,13.84
2011-02-13,2011,44,15.38,5.83,9.31,78.44,1.38,0.02,15.23
2011-02-14,2011,45,15.97,4.49,9.42,70.36,1.15,0.0,15.37
2011-02-15,2011,46,15.88,6.65,11.16,75.19,3.32,1.53,12.95
2011-02-16,2011,47,17.31,9.68,12.41,70.79,3.84,0.98,13.22
2011-02-17,2011,48,19.48,6.8,11.94,77.31,2.73,5.48,12.88
2011-02-18,2011,49,12.77,9.54,11.45,80.02,7.11,14.13,10.38
2011-02-19,2011,50,16.15,8.32,12.55,71.97,6.39,0.11,16.13
2011-02-20,2011,51,17.77,7.87,12.42,78.69,3.49,0.6,14.44
2011-02-21,2011,52,15.24,9.16,11.7,78.04,5.03,0.79,11.75
2011-02-22,2011,53,13.39,10.34,11.61,83.14,5.43,8.89,5.15
2011-02-23,2011,54,12.85,9.07,10.83,74.2,7.05,4.01,8.73
2011-02-24,2011,55,12.41,7.01,9.48,59.62,6.28,0.0,16.41
2011-02-25,2011,56,12.85,7.03,9.57,61.9,5.23,0.0,14.78
2011-02-26,2011,57,10.56,5.32,7.95,80.47,4.27,11.36,3.76
2011-02-27,2011,58,14.16,4.93,9.28,77.73,2.17,1.52,11.44
2011-02-28,2011,59,13.27,6.71,9.49,77.59,2.97,4.38,5.61
2011-03-01,2011,60,11.46,6.55,8.72,77.48,3.26,1.03,13.5
2011-03-02,2011,61,13.1,7.6,9.93,85.47,5.57,4.37,13.8
2011-03-03,2011,62,13.43,5.26,9.21,85.25,2.37,1.97,11.31
2011-03-04,2011,63,13.51,9.13,11.04,89.57,3.6,10.84,3.11
2011-03-05,2011,64,14.81,7.45,11.01,84.14,4.39,1.32,14.82
2011-03-06,2011,65,16.65,6.04,10.83,76.89,2.05,0.01,17.76
2011-03-07,2011,66,16.58,7.62,11.39,76.96,2.29,0.0,18.16
2011-03-08,2011,67,11.81,4.49,8.65,64.99,4.19,0.0,12.66
2011-03-09,2011,68,13.97,3.39,8.46,74.28,3.73,0.0,15.91
2011-03-10,2011,69,16.15,6.23,10.88,82.34,2.81,0.0,12.87
2011-03-11,2011,70,16.88,6.48,11.27,78.38,3.66,0.0,16.02
2011-03-12,2011,71,17.22,8.32,12.63,83.28,6.68,3.23,9.62
2011-03-13,2011,72,20.28,11.52,14.89,81.43,3.35,1.46,14.47
2011-03-14,2011,73,21.76,11.14,15.41,81.25,2.99,0.0,14.78
2011-03-15,2011,74,22.16,10.89,16.63,78.06,5.52,0.53,9.63
2011-03-16,2011,75,15.93,8.99,13.88,87.46,3.68,5.7,12.37
2011-03-17,2011,76,19.03,7.48,12.71,77.59,4.15,0.8,18.74
2011-03-18,2011,77,16.85,10.74,13.08,80.8,5.41,1.16,14.57
2011-03-19,2011,78,17.51,11.85,14.23,75.94,5.27,0.44,16.63
2011-03-20,2011,79,15.87,9.91,12.82,81.83,4.41,5.84,16.77
2011-03-21,2011,80,15.62,8.4,11.4,78.35,2.62,0.83,17.62
2011-03-22,2011,81,16.34,7.77,11.42,75.88,1.79,0.02,18.63
2011-03-23,2011,82,17.13,8.47,12.12,75.5,1.99,0.0,17.77
2011-03-24,2011,83,17.82,8.14,12.33,74.71,2.35,0.0,20.4
2011-03-25,2011,84,19.78,6.6,12.88,75.7,2.7,0.01,16.69
2011-03-26,2011,85,20.82,8.88,14.63,75.23,1.75,0.13,19.29
2011-03-27,2011,86,24.33,10.25,16.68,69.9,1.02,0.0,20.24
2011-03-28,2011,87,18.56,11.46,14.66,78.1,2.93,0.06,16.57
2011-03-29,2011,88,17.42,9.43,13.14,81.72,3.0,0.02,18.21
2011-03-30,2011,89,17.37,9.06,13.07,84.57,2.64,2.04,13.03
2011-03-31,2011,90,17.23,11.85,13.99,81.68,4.73,1.16,19.64
2011-04-01,2011,91,19.45,10.36,14.62,80.33,3.4,0.03,20.05
2011-04-02,2011,92,20.88,9.62,14.61,80.43,2.16,0.0,22.84
2011-04-03,2011,93,24.47,9.57,16.02,64.77,1.83,0.0,22.01
2011-04-04,2011,94,25.41,10.57,17.94,55.05,1.24,0.0,19.82
2011-04-05,2011,95,22.71,12.55,16.64,70.94,4.29,0.0,19.96
2011-04-06,2011,96,19.24,11.01,14.69,78.7,3.62,0.0,21.75
2011-04-07,2011,97,20.95,9.1,14.65,75.21,2.94,0.0,21.77
2011-04-08,2011,98,24.48,10.41,16.83,65.33,2.56,0.0,21.87
2011-04-09,2011,99,25.28,11.0,17.37,64.07,2.7,0.0,22.4
2011-04-10,2011,100,24.32,11.33,17.04,69.66,2.97,0.0,22.76
2011-04-11,2011,101,22.32,12.35,16.57,82.92,2.57,0.29,21.62
2011-04-12,2011,102,22.16,11.97,16.63,81.66,2.17,0.66,19.28
2011-04-13,2011,103,19.37,11.5,15.63,70.97,6.25,0.02,22.88
2011-04-14,2011,104,22.17,9.44,15.45,66.09,2.09,0.0,23.3
2011-04-15,2011,105,18.01,10.29,14.63,78.88,3.23,0.01,15.48
2011-04-16,2011,106,18.28,11.35,14.52,75.01,4.37,4.32,18.5
2011-04-17,2011,107,19.19,10.19,14.32,64.89,3.36,0.0,23.53
2011-04-18,2011,108,20.71,9.74,14.82,65.35,2.27,0.0,24.52
2011-04-19,2011,109,24.96,12.09,17.74,69.37,4.26,1.42,22.49
2011-04-20,2011,110,21.23,13.11,16.71,71.64,4.25,0.1,14.51
2011-04-21,2011,111,19.71,12.8,15.92,73.36,6.12,2.64,10.71
2011-04-22,2011,112,22.1,12.84,17.17,79.49,4.63,9.3,16.11
2011-04-23,2011,113,22.88,13.95,17.5,77.41,3.95,1.68,12.2
2011-04-24,2011,114,21.23,13.93,16.75,76.38,5.71,5.58,21.88
2011-04-25,2011,115,19.69,14.48,16.51,86.06,2.98,27.85,9.64
2011-04-26,2011,116,18.28,14.04,15.8,87.41,4.35,9.55,9.64
2011-04-27,2011,117,20.22,13.49,16.25,80.92,4.46,2.75,15.83
2011-04-28,2011,118,22.05,12.65,17.02,72.99,3.4,0.07,25.35
2011-04-29,2011,119,25.14,12.29,18.21,73.8,4.2,0.1,18.07
2011-04-30,2011,120,24.19,15.63,19.18,71.79,4.26,1.38,20.21
2011-05-01,2011,121,22.46,14.95,18.13,74.29,4.74,0.35,22.16
2011-05-02,2011,122,28.89,14.89,19.42,72.34,5.84,0.07,16.17
2011-05-03,2011,123,21.81,14.54,17.66,77.98,5.5,2.97,19.73
2011-05-04,2011,124,23.0,14.43,18.07,75.65,5.27,0.02,26.51
2011-05-05,2011,125,23.0,12.96,17.43,75.68,2.75,0.0,26.92
2011-05-06,2011,126,25.1,12.03,18.28,72.71,3.18,0.01,24.0
2011-05-07,2011,127,26.81,14.25,19.72,72.01,4.69,0.0,22.86
2011-05-08,2011,128,26.85,13.51,19.03,75.27,3.23,2.58,20.04
2011-05-09,2011,129,22.58,13.44,17.54,76.94,4.06,0.27,20.3
2011-05-10,2011,130,20.82,12.75,16.55,70.7,3.78,0.0,26.65
2011-05-11,2011,131,22.79,11.98,17.3,66.63,2.2,0.0,27.27
2011-05-12,2011,132,26.09,11.37,18.77,56.33,1.77,0.0,27.93
2011-05-13,2011,133,29.91,12.34,20.85,53.71,2.79,0.0,26.21
2011-05-14,2011,134,30.88,16.24,22.86,50.78,2.65,0.0,26.53
2011-05-15,2011,135,25.64,15.64,20.07,64.24,4.65,0.67,24.71
2011-05-16,2011,136,22.65,14.23,18.16,62.61,5.48,0.0,28.52
2011-05-17,2011,137,23.7,12.37,17.78,64.77,2.55,0.0,27.74
2011-05-18,2011,138,25.7,12.86,19.21,57.29,2.14,0.0,27.24
2011-05-19,2011,139,23.34,15.98,19.0,67.72,3.68,2.03,14.77
2011-05-20,2011,140,23.29,16.12,19.08,69.81,4.39,2.44,12.84
2011-05-21,2011,141,22.49,15.61,18.05,77.59,4.65,13.87,8.44
2011-05-22,2011,142,20.56,15.87,17.56,78.81,4.0,8.13,4.22
2011-05-23,2011,143,21.81,15.72,18.56,81.33,3.42,4.35,12.48
2011-05-24,2011,144,23.42,15.4,19.2,78.83,2.88,2.77,16.3
2011-05-25,2011,145,24.33,16.46,20.25,79.04,3.02,5.01,21.75
2011-05-26,2011,146,25.82,16.45,20.63,74.41,3.15,1.72,26.37
2011-05-27,2011,147,28.08,15.52,21.6,59.94,2.22,0.01,26.54
2011-05-28,2011,148,27.14,17.49,21.56,60.21,2.87,0.01,25.36
2011-05-29,2011,149,24.72,16.07,19.83,71.17,3.63,0.0,26.05
2011-05-30,2011,150,27.18,14.85,20.83,61.95,2.04,0.0,27.44
2011-05-31,2011,151,27.57,16.99,20.51,80.27,2.7,4.92,15.1
2011-06-01,2011,152,23.73,16.49,20.13,70.03,4.16,1.03,12.78
2011-06-02,2011,153,24.04,14.77,19.12,67.65,3.0,0.01,24.65
2011-06-03,2011,154,23.39,16.76,19.73,73.69,2.51,0.14,23.65
2011-06-04,2011,155,25.9,16.33,20.68,79.33,1.95,4.45,23.12
2011-06-05,2011,156,28.16,17.99,22.56,73.17,1.38,0.05,25.23
2011-06-06,2011,157,28.83,18.07,22.95,74.1,3.09,0.12,22.16
2011-06-07,2011,158,25.55,17.5,21.44,79.76,3.6,10.4,21.08
2011-06-08,2011,159,25.81,17.44,21.11,71.58,2.91,2.99,24.91
2011-06-09,2011,160,25.64,16.54,20.68,71.85,4.1,0.27,26.92
2011-06-10,2011,161,27.46,15.77,21.02,62.2,2.04,2.48,27.82
2011-06-11,2011,162,26.57,16.59,21.41,69.63,3.27,0.06,28.16
2011-06-12,2011,163,25.8,16.59,20.98,66.16,3.85,0.0,27.14
2011-06-13,2011,164,27.43,15.83,21.38,64.46,2.36,0.0,27.8
2011-06-14,2011,165,27.71,17.6,22.32,65.68,3.02,1.05,27.59
2011-06-15,2011,166,26.93,17.68,22.05,73.75,3.74,0.0,27.95
2011-06-16,2011,167,28.5,17.2,22.83,71.04,2.15,0.0,27.39
2011-06-17,2011,168,31.92,17.3,24.72,59.16,2.73,0.0,28.22
2011-06-18,2011,169,36.85,18.96,27.3,55.56,2.42,0.0,27.91
2011-06-19,2011,170,27.99,19.85,23.72,62.87,5.85,0.01,28.97
2011-06-20,2011,171,26.88,18.36,22.4,62.36,4.51,0.0,29.08
2011-06-21,2011,172,31.02,17.98,24.17,63.85,2.2,0.0,29.67
2011-06-22,2011,173,33.64,17.46,25.44,55.13,3.76,0.0,29.11
2011-06-23,2011,174,35.66,19.65,27.66,44.82,2.19,0.0,29.42
2011-06-24,2011,175,31.5,21.18,25.87,64.83,4.67,0.0,26.0
2011-06-25,2011,176,28.33,19.54,23.55,61.58,5.57,0.0,28.91
2011-06-26,2011,177,29.0,17.99,23.52,72.32,2.89,0.0,28.67
2011-06-27,2011,178,30.46,19.12,24.84,60.36,2.21,0.0,29.4
2011-06-28,2011,179,34.81,19.68,27.15,44.06,1.4,0.0,29.27
2011-06-29,2011,180,33.92,21.54,27.09,49.43,2.45,0.0,29.11
2011-06-30,2011,181,31.84,20.71,25.72,69.2,4.97,0.44,27.84
2011-07-01,2011,182,30.39,20.54,24.96,55.99,5.31,0.0,27.85
2011-07-02,2011,183,31.58,19.57,25.14,55.6,3.34,0.0,27.5
2011-07-03,2011,184,32.96,20.27,26.08,56.07,2.24,0.0,27.87
2011-07-04,2011,185,35.84,20.6,27.2,59.58,3.43,0.2,23.27
2011-07-05,2011,186,30.92,21.89,25.72,67.08,3.84,3.48,24.91
2011-07-06,2011,187,29.37,20.66,24.69,65.12,3.99,0.0,26.52
2011-07-07,2011,188,33.84,19.44,26.69,53.86,2.55,0.0,28.65
2011-07-08,2011,189,38.56,20.72,28.98,50.67,2.94,0.0,27.17
2011-07-09,2011,190,37.56,22.33,29.74,48.32,2.07,0.0,25.78
2011-07-10,2011,191,39.73,23.77,31.47,42.29,2.15,0.0,25.28
2011-07-11,2011,192,39.23,26.21,31.5,46.99,2.39,0.0,26.3
2011-07-12,2011,193,38.58,25.16,31.19,49.32,2.31,0.0,27.12
2011-07-13,2011,194,40.72,24.17,31.36,51.7,2.49,0.09,27.15
2011-07-14,2011,195,30.49,23.9,26.95,61.0,4.78,0.16,26.43
2011-07-15,2011,196,30.87,22.75,26.34,55.77,4.07,0.0,26.33
2011-07-16,2011,197,33.36,22.07,26.74,59.34,2.41,0.0,26.55
2011-07-17,2011,198,40.15,23.1,30.13,54.48,2.68,0.0,24.85
2011-07-18,2011,199,33.75,23.74,27.83,64.15,3.45,0.06,26.81
2011-07-19,2011,200,36.67,22.45,27.88,60.17,2.59,0.18,24.25
2011-07-20,2011,201,28.49,21.11,25.1,57.5,5.43,0.25,26.23
2011-07-21,2011,202,32.0,19.92,25.5,58.82,2.29,0.0,25.87
2011-07-22,2011,203,33.57,22.71,27.45,63.01,3.51,8.88,25.23
2011-07-23,2011,204,30.38,22.34,25.99,68.46,5.19,0.03,22.26
2011-07-24,2011,205,28.75,20.82,24.27,62.23,4.86,0.04,25.41
2011-07-25,2011,206,27.61,21.25,23.66,62.01,5.77,0.69,19.53
2011-07-26,2011,207,31.84,20.75,25.55,60.63,2.77,0.0,25.11
2011-07-27,2011,208,36.53,21.22,28.56,52.54,3.58,0.0,26.22
2011-07-28,2011,209,31.95,21.9,26.36,63.7,4.04,2.91,25.48
2011-07-29,2011,210,29.71,20.83,24.87,59.61,4.1,0.0,26.52
2011-07-30,2011,211,30.16,20.67,24.87,57.93,2.94,0.04,25.24
2011-07-31,2011,212,29.42,20.92,24.78,61.25,3.19,0.7,25.6
2011-08-01,2011,213,31.84,20.67,25.4,56.19,1.86,0.0,25.29
2011-08-02,2011,214,32.36,20.16,25.71,55.79,2.63,0.0,26.15
2011-08-03,2011,215,33.33,20.14,26.5,57.45,2.57,0.0,26.21
2011-08-04,2011,216,35.84,23.26,28.51,55.63,3.14,0.57,22.45
2011-08-05,2011,217,32.1,21.68,26.16,67.89,3.52,0.0,26.11
2011-08-06,2011,218,35.15,20.06,27.21,57.4,1.68,0.0,26.49
2011-08-07,2011,219,38.66,22.67,30.0,58.22,2.15,0.55,24.83
2011-08-08,2011,220,38.23,23.84,30.02,58.63,2.24,0.01,25.34
2011-08-09,2011,221,29.36,21.74,25.42,59.53,7.25,0.0,26.59
2011-08-10,2011,222,27.54,20.48,23.77,60.41,6.64,0.0,25.2
2011-08-11,2011,223,29.43,19.32,24.02,61.52,2.97,0.0,25.89
2011-08-12,2011,224,30.54,18.65,24.37,55.4,2.02,0.0,26.05
2011-08-13,2011,225,32.72,17.9,25.14,49.5,1.8,0.0,27.22
2011-08-14,2011,226,37.52,19.9,28.36,46.42,1.86,0.0,24.63
2011-08-15,2011,227,32.58,22.43,26.84,65.8,3.15,0.1,23.19
2011-08-16,2011,228,32.8,22.24,27.06,65.92,3.04,0.0,23.79
2011-08-17,2011,229,34.55,21.84,27.93,59.51,1.89,0.0,24.86
2011-08-18,2011,230,36.73,22.03,29.24,51.55,3.89,0.0,24.26
2011-08-19,2011,231,37.17,22.5,29.75,47.79,4.35,0.0,23.65
2011-08-20,2011,232,36.16,22.87,28.94,51.44,2.16,0.0,23.82
2011-08-21,2011,233,34.89,22.21,27.91,55.56,1.58,0.0,23.45
2011-08-22,2011,234,36.39,22.69,28.83,56.74,2.07,0.0,21.68
2011-08-23,2011,235,37.26,22.03,29.65,56.87,2.91,0.0,23.02
2011-08-24,2011,236,37.0,23.58,30.12,47.53,3.35,0.0,24.01
2011-08-25,2011,237,36.56,23.33,29.42,45.73,2.27,0.0,20.93
2011-08-26,2011,238,38.31,22.48,30.41,41.37,3.22,0.0,22.73
2011-08-27,2011,239,31.92,23.93,27.51,58.77,4.95,0.0,21.44
2011-08-28,2011,240,28.69,21.7,24.91,55.53,4.98,0.0,23.02
2011-08-29,2011,241,28.8,20.64,24.14,66.75,3.92,0.0,22.97
2011-08-30,2011,242,34.41,20.38,26.15,56.97,1.82,0.01,21.59
2011-08-31,2011,243,35.07,22.16,28.16,47.08,2.47,0.09,22.16
2011-09-01,2011,244,40.52,24.39,32.01,42.68,3.08,0.0,16.18
2011-09-02,2011,245,41.84,28.09,33.7,36.0,2.56,0.03,16.86
2011-09-03,2011,246,39.03,25.55,31.41,53.08,2.69,0.52,16.37
2011-09-04,2011,247,34.32,24.15,27.97,68.71,4.5,1.19,16.08
2011-09-05,2011,248,30.55,23.22,26.22,67.27,3.83,0.0,19.0
2011-09-06,2011,249,30.84,22.43,26.05,65.8,4.45,0.0,20.65
2011-09-07,2011,250,28.49,21.86,24.69,64.03,5.97,0.0,20.85
2011-09-08,2011,251,29.54,21.8,25.17,65.56,6.31,0.0,20.68
2011-09-09,2011,252,30.64,22.27,25.51,68.94,3.64,0.0,21.72
2011-09-10,2011,253,33.97,19.46,26.34,63.8,2.65,0.0,20.78
2011-09-11,2011,254,35.39,22.27,28.03,62.89,2.85,0.1,19.92
2011-09-12,2011,255,31.61,22.77,26.38,69.83,3.02,0.11,18.84
2011-09-13,2011,256,31.14,21.38,25.57,65.54,2.98,0.01,19.95
2011-09-14,2011,257,32.59,20.68,25.8,60.28,1.94,0.4,19.19
2011-09-15,2011,258,31.34,21.73,25.92,70.88,2.21,0.42,18.72
2011-09-16,2011,259,31.57,21.16,25.82,65.97,2.4,0.0,19.5
2011-09-17,2011,260,33.55,20.49,26.4,60.26,2.3,0.04,18.76
2011-09-18,2011,261,32.29,20.97,26.02,69.09,2.57,0.24,19.14
2011-09-19,2011,262,27.1,20.96,23.62,65.35,5.14,0.51,15.18
2011-09-20,2011,263,25.98,20.11,22.49,57.35,7.28,0.04,19.0
2011-09-21,2011,264,27.63,18.77,22.31,56.87,3.84,0.0,18.2
2011-09-22,2011,265,29.87,16.37,22.45,56.58,1.96,0.0,20.48
2011-09-23,2011,266,28.73,17.25,22.34,64.93,1.99,0.0,19.17
2011-09-24,2011,267,29.47,19.05,23.77,69.24,1.93,1.0,13.2
2011-09-25,2011,268,29.13,20.89,24.13,74.83,2.74,3.72,13.87
2011-09-26,2011,269,26.95,20.27,22.84,75.48,2.74,1.28,18.29
2011-09-27,2011,270,26.5,19.27,22.56,76.25,3.61,1.97,16.73
2011-09-28,2011,271,25.8,20.25,22.56,77.83,2.28,8.7,14.27
2011-09-29,2011,272,26.62,19.89,22.53,74.04,1.85,3.32,14.26
2011-09-30,2011,273,26.81,20.11,22.83,69.07,1.84,2.19,14.76
2011-10-01,2011,274,28.03,18.7,22.59,64.11,2.8,0.01,17.64
2011-10-02,2011,275,27.1,17.92,21.6,69.82,1.76,0.0,16.93
2011-10-03,2011,276,26.75,17.25,21.44,73.18,2.33,3.46,16.81
2011-10-04,2011,277,26.85,17.2,21.43,71.45,1.76,0.03,14.99
2011-10-05,2011,278,26.45,16.62,20.97,76.81,2.14,1.53,16.78
2011-10-06,2011,279,27.11,16.52,21.43,69.42,1.44,0.18,16.08
2011-10-07,2011,280,26.56,17.2,21.44,71.46,4.2,5.16,15.43
2011-10-08,2011,281,22.51,18.07,20.04,62.24,6.46,1.86,11.32
2011-10-09,2011,282,21.13,16.47,19.29,62.04,7.14,6.39,12.09
2011-10-10,2011,283,22.34,16.06,18.79,60.89,4.82,0.0,16.51
2011-10-11,2011,284,26.9,18.22,21.8,76.62,4.57,0.65,15.7
2011-10-12,2011,285,27.5,17.84,21.65,75.98,3.33,0.28,16.72
2011-10-13,2011,286,27.61,15.96,21.15,76.23,4.09,0.11,17.17
2011-10-14,2011,287,25.13,18.62,21.15,74.86,4.91,3.77,15.49
2011-10-15,2011,288,19.54,16.39,17.99,76.9,3.67,10.21,6.83
2011-10-16,2011,289,20.95,16.09,18.04,63.63,3.89,0.41,11.56
2011-10-17,2011,290,21.12,15.94,17.86,66.16,2.82,1.15,11.06
2011-10-18,2011,291,23.34,12.32,17.6,66.61,2.58,0.0,15.99
2011-10-19,2011,292,26.91,12.43,18.93,59.32,3.86,0.0,16.41
2011-10-20,2011,293,24.63,14.43,18.71,69.79,3.33,3.39,15.06
2011-10-21,2011,294,22.2,14.82,18.14,67.81,2.39,0.07,13.3
2011-10-22,2011,295,23.35,15.29,18.67,76.28,2.34,3.85,13.46
2011-10-23,2011,296,25.25,14.28,19.21,77.22,2.0,0.63,14.54
2011-10-24,2011,297,26.26,15.82,19.8,70.61,4.63,0.84,12.52
2011-10-25,2011,298,25.6,13.85,19.52,72.33,3.76,0.43,12.76
2011-10-26,2011,299,22.8,16.75,19.22,76.87,2.93,1.07,10.73
2011-10-27,2011,300,26.45,14.76,19.75,74.96,3.77,0.0,13.91
2011-10-28,2011,301,26.24,16.58,20.69,79.17,4.5,1.03,12.41
2011-10-29,2011,302,23.85,18.43,20.47,80.28,6.53,6.38,5.63
2011-10-30,2011,303,21.21,18.83,19.6,86.64,6.19,31.21,1.75
2011-10-31,2011,304,21.56,16.07,18.69,87.1,3.36,25.02,7.65
2011-11-01,2011,305,20.09,17.1,18.43,90.04,4.69,21.16,3.64
2011-11-02,2011,306,19.64,16.19,17.63,87.53,2.3,7.93,8.77
2011-11-03,2011,307,22.55,14.45,18.25,82.96,3.38,0.01,10.87
2011-11-04,2011,308,24.21,15.22,18.45,80.49,5.16,0.0,9.47
2011-11-05,2011,309,25.02,12.98,19.06,80.64,6.15,1.68,10.33
2011-11-06,2011,310,21.03,11.26,15.44,66.22,3.43,0.02,11.13
2011-11-07,2011,311,22.4,10.58,15.91,63.37,3.61,0.0,11.64
2011-11-08,2011,312,22.87,10.35,15.87,62.34,2.63,0.0,12.2
2011-11-09,2011,313,21.62,11.88,16.1,71.99,2.46,0.0,11.9
2011-11-10,2011,314,20.49,13.65,16.33,84.03,2.78,0.35,10.7
2011-11-11,2011,315,20.69,13.24,16.25,84.07,2.03,0.41,11.77
2011-11-12,2011,316,20.19,14.31,16.36,84.14,1.85,0.36,10.39
2011-11-13,2011,317,19.94,13.44,16.15,77.23,1.9,0.03,9.57
2011-11-14,2011,318,18.62,12.08,15.05,69.43,1.75,0.01,11.48
2011-11-15,2011,319,19.68,12.65,15.3,77.11,3.65,0.02,8.43
2011-11-16,2011,320,18.55,13.29,15.46,86.21,3.03,3.41,4.39
2011-11-17,2011,321,19.07,12.99,15.57,83.91,2.35,1.65,9.19
2011-11-18,2011,322,19.61,13.94,16.15,79.17,2.67,3.01,8.21
2011-11-19,2011,323,17.85,13.85,15.54,90.85,3.17,3.94,6.07
2011-11-20,2011,324,21.64,12.28,15.87,86.69,3.31,0.11,10.06
2011-11-21,2011,325,20.1,14.35,17.38,91.01,5.2,1.29,3.69
2011-11-22,2011,326,21.0,11.39,15.48,70.14,2.93,0.16,9.92
2011-11-23,2011,327,19.56,12.72,15.38,82.62,4.2,2.3,9.85
2011-11-24,2011,328,19.86,12.85,15.6,87.93,2.57,1.9,8.03
2011-11-25,2011,329,19.44,13.42,15.63,87.12,1.58,1.54,9.16
2011-11-26,2011,330,19.49,12.87,15.26,86.95,1.73,0.64,8.95
2011-11-27,2011,331,19.56,11.97,15.27,86.12,3.1,0.39,8.67
2011-11-28,2011,332,19.27,14.58,16.71,86.73,4.99,2.19,3.41
2011-11-29,2011,333,17.69,15.48,16.42,90.64,4.56,8.01,4.96
2011-11-30,2011,334,19.36,13.42,15.56,81.41,2.33,0.4,9.07
2011-12-01,2011,335,18.65,11.38,14.34,82.33,1.19,0.04,9.75
2011-12-02,2011,336,20.3,8.76,13.7,78.91,2.85,0.0,10.13
2011-12-03,2011,337,19.81,9.16,13.58,77.37,2.47,0.0,10.35
2011-12-04,2011,338,18.21,10.47,13.48,86.3,3.21,0.18,9.9
2011-12-05,2011,339,19.4,8.31,12.82,77.44,3.44,0.0,10.63
2011-12-06,2011,340,17.49,11.23,13.58,89.1,4.42,1.55,6.88
2011-12-07,2011,341,18.37,12.77,14.82,81.28,4.57,0.27,9.32
2011-12-08,2011,342,18.18,12.16,14.82,81.86,4.5,0.03,9.01
2011-12-09,2011,343,18.34,10.05,14.11,77.46,2.31,0.01,10.44
2011-12-10,2011,344,16.88,8.9,12.13,72.71,2.31,0.0,8.84
2011-12-11,2011,345,14.97,9.54,11.87,68.52,1.37,0.0,6.18
2011-12-12,2011,346,18.08,8.95,12.98,83.58,3.67,0.58,10.12
2011-12-13,2011,347,17.11,10.18,13.37,81.91,3.28,0.32,9.21
2011-12-14,2011,348,19.37,7.42,12.14,80.84,2.43,0.0,10.43
2011-12-15,2011,349,18.45,9.44,13.36,85.05,4.09,0.28,9.55
2011-12-16,2011,350,18.07,11.1,13.22,73.46,3.69,0.02,10.01
2011-12-17,2011,351,15.59,10.98,13.55,78.7,4.91,7.35,4.12
2011-12-18,2011,352,13.35,9.48,10.78,78.89,3.8,5.33,7.89
2011-12-19,2011,353,11.22,8.2,9.65,71.59,6.25,3.9,7.5
2011-12-20,2011,354,13.47,9.45,11.5,75.38,6.41,9.59,6.56
2011-12-21,2011,355,14.57,11.89,12.76,74.65,6.97,14.43,6.92
2011-12-22,2011,356,15.83,9.85,12.71,76.92,4.34,3.94,8.63
2011-12-23,2011,357,16.39,9.44,12.06,82.92,3.72,0.01,9.04
2011-12-24,2011,358,16.41,10.34,13.18,77.11,6.19,0.7,8.07
2011-12-25,2011,359,15.28,10.59,12.64,71.26,6.2,0.51,7.02
2011-12-26,2011,360,14.28,10.05,11.93,77.75,2.66,2.9,7.56
2011-12-27,2011,361,13.48,10.65,11.85,86.32,3.6,22.76,3.67
2011-12-28,2011,362,14.54,9.53,11.69,87.16,2.29,3.3,8.82
2011-12-29,2011,363,13.6,6.61,10.44,85.74,3.43,0.93,7.38
2011-12-30,2011,364,13.49,10.39,12.08,74.81,8.85,3.59,5.94
2011-12-31,2011,365,14.68,12.26,13.38,82.69,7.95,4.06,5.67
2012-01-01,2012,1,16.95,10.69,13.7,88.95,5.0,1.14,4.86
2012-01-02,2012,2,18.21,7.88,12.28,85.06,2.28,0.59,10.21
2012-01-03,2012,3,13.58,10.85,12.15,77.34,5.6,5.63,8.28
2012-01-04,2012,4,15.4,11.17,12.99,75.71,5.92,0.53,9.4
2012-01-05,2012,5,14.82,11.46,12.83,72.02,8.28,0.57,7.99
2012-01-06,2012,6,14.74,11.61,13.3,60.81,10.32,0.49,8.91
2012-01-07,2012,7,14.27,9.93,11.59,65.19,6.18,0.07,9.6
2012-01-08,2012,8,14.18,11.1,12.68,72.95,7.08,0.79,8.82
2012-01-09,2012,9,14.84,8.54,12.14,75.02,5.27,1.81,6.74
2012-01-10,2012,10,15.21,7.35,10.3,68.49,2.63,0.0,11.26
2012-01-11,2012,11,15.48,7.66,11.06,83.24,2.49,0.23,9.95
2012-01-12,2012,12,14.8,7.54,10.61,77.62,1.89,0.0,9.31
2012-01-13,2012,13,15.93,3.71,8.84,78.36,2.48,0.0,11.14
2012-01-14,2012,14,14.43,6.79,10.26,87.4,3.11,0.98,8.28
2012-01-15,2012,15,14.54,8.52,10.77,83.8,2.56,0.94,8.6
2012-01-16,2012,16,14.21,8.33,10.68,82.07,2.47,1.75,9.55
2012-01-17,2012,17,12.18,9.09,10.31,84.27,3.46,2.42,5.37
2012-01-18,2012,18,12.93,7.56,10.05,72.21,2.34,0.04,8.75
2012-01-19,2012,19,13.74,8.43,10.22,72.32,2.14,0.0,10.52
2012-01-20,2012,20,14.21,8.48,11.29,75.88,5.42,0.08,11.62
2012-01-21,2012,21,15.74,11.97,13.28,75.45,7.12,1.18,7.86
2012-01-22,2012,22,15.79,11.28,13.23,82.16,5.52,0.91,10.19
2012-01-23,2012,23,15.6,10.42,12.35,85.29,3.87,1.69,7.79
2012-01-24,2012,24,15.39,10.89,12.74,77.41,6.74,1.77,7.21
2012-01-25,2012,25,13.45,10.45,11.82,81.07,4.53,2.16,6.44
2012-01-26,2012,26,14.11,8.25,10.89,73.78,1.21,0.8,10.8
2012-01-27,2012,27,14.27,6.37,10.32,82.77,3.16,0.03,9.0
2012-01-28,2012,28,14.47,7.64,10.72,82.62,2.35,0.03,8.77
2012-01-29,2012,29,13.77,7.24,9.82,86.25,1.99,2.63,7.42
2012-01-30,2012,30,11.34,7.88,9.43,89.35,3.19,20.45,3.48
2012-01-31,2012,31,12.21,7.85,10.72,85.14,3.68,4.03,5.43
2012-02-01,2012,32,12.8,6.46,9.18,89.42,3.72,0.69,8.11
2012-02-02,2012,33,17.09,5.34,10.4,72.39,2.45,0.1,11.49
2012-02-03,2012,34,14.03,7.7,9.55,76.47,5.04,1.94,9.2
2012-02-04,2012,35,10.17,5.7,7.67,76.52,3.88,3.23,6.85
2012-02-05,2012,36,8.9,5.26,6.65,80.95,3.55,3.5,6.68
2012-02-06,2012,37,8.38,5.11,6.7,75.17,5.44,1.58,9.77
2012-02-07,2012,38,7.25,5.53,6.35,83.47,5.57,4.99,8.66
2012-02-08,2012,39,10.34,4.99,7.37,80.59,3.27,1.85,10.41
2012-02-09,2012,40,11.67,6.15,8.62,83.72,3.2,2.27,9.8
2012-02-10,2012,41,12.11,7.24,9.13,76.81,5.85,1.93,11.65
2012-02-11,2012,42,9.69,5.71,7.29,73.14,3.63,0.42,3.93
2012-02-12,2012,43,9.51,5.02,6.63,77.88,3.89,2.34,11.77
2012-02-13,2012,44,9.08,3.48,5.52,78.03,2.88,2.19,13.79
2012-02-14,2012,45,8.68,4.51,6.34,84.52,4.07,2.74,11.22
2012-02-15,2012,46,11.82,4.85,7.67,81.81,5.2,2.28,14.31
2012-02-16,2012,47,12.56,7.72,9.95,79.9,6.43,3.53,10.45
2012-02-17,2012,48,13.77,6.46,9.73,80.78,2.01,0.78,10.79
2012-02-18,2012,49,15.63,5.27,9.81,76.11,1.97,0.0,14.79
2012-02-19,2012,50,16.43,3.3,9.87,74.89,2.27,0.11,15.33
2012-02-20,2012,51,14.14,7.39,10.11,84.48,2.11,1.92,13.49
2012-02-21,2012,52,11.99,7.17,9.87,78.17,3.3,1.89,8.99
2012-02-22,2012,53,12.34,9.76,11.17,90.07,6.53,35.09,5.46
2012-02-23,2012,54,14.36,10.86,12.18,87.39,3.91,10.64,9.92
2012-02-24,2012,55,15.69,7.93,11.29,85.94,2.8,0.12,16.02
2012-02-25,2012,56,15.66,5.7,9.79,83.55,2.28,0.0,16.88
2012-02-26,2012,57,14.76,6.07,10.82,84.97,5.26,0.1,13.09
2012-02-27,2012,58,15.45,7.75,11.93,70.98,4.69,0.03,17.05
2012-02-28,2012,59,14.84,6.69,10.05,69.18,1.76,0.0,16.9
2012-02-29,2012,60,16.53,4.23,9.84,74.49,1.75,0.0,16.16
2012-03-01,2012,61,16.38,6.97,10.83,85.54,3.06,0.0,17.5
2012-03-02,2012,62,19.49,6.1,12.01,73.49,1.43,0.0,17.24
2012-03-03,2012,63,18.51,7.22,12.45,78.81,3.38,0.0,17.78
2012-03-04,2012,64,15.5,9.82,12.35,83.46,4.67,2.77,14.08
2012-03-05,2012,65,15.62,8.68,11.95,82.63,4.47,4.16,7.99
2012-03-06,2012,66,12.8,8.07,9.88,73.5,3.65,2.31,13.6
2012-03-07,2012,67,9.49,7.16,8.21,87.87,2.34,5.11,7.48
2012-03-08,2012,68,13.37,7.61,10.46,77.06,4.23,0.42,13.89
2012-03-09,2012,69,14.78,8.34,11.44,79.86,4.02,5.6,9.9
2012-03-10,2012,70,13.44,11.96,12.64,88.27,8.5,18.93,3.12
2012-03-11,2012,71,14.2,8.85,12.13,79.77,4.86,2.66,6.85
2012-03-12,2012,72,16.78,7.7,11.83,81.13,3.72,0.0,19.38
2012-03-13,2012,73,17.04,9.45,12.41,86.77,4.54,0.0,18.84
2012-03-14,2012,74,17.8,9.11,12.79,77.28,1.21,0.0,18.49
2012-03-15,2012,75,18.49,7.53,12.43,74.11,1.42,0.0,20.0
2012-03-16,2012,76,20.67,6.83,12.96,72.77,2.29,0.0,19.64
2012-03-17,2012,77,23.38,7.05,14.3,71.05,2.44,0.0,20.36
2012-03-18,2012,78,23.63,8.49,14.97,68.45,2.26,0.0,19.68
2012-03-19,2012,79,21.19,8.55,14.32,76.07,1.93,0.0,19.88
2012-03-20,2012,80,20.94,8.88,14.75,76.03,3.32,0.0,19.1
2012-03-21,2012,81,19.65,11.04,14.84,79.4,4.24,0.0,16.2
2012-03-22,2012,82,19.18,9.82,14.31,80.18,3.75,0.0,11.89
2012-03-23,2012,83,21.96,10.12,15.33,74.77,2.56,0.0,19.47
2012-03-24,2012,84,20.04,9.24,14.06,80.59,2.81,0.01,11.74
2012-03-25,2012,85,18.18,9.11,13.55,84.64,3.95,0.03,16.36
2012-03-26,2012,86,19.06,9.91,13.94,82.1,2.08,0.0,20.36
2012-03-27,2012,87,19.76,11.75,14.82,78.13,1.38,0.18,18.74
2012-03-28,2012,88,20.15,9.76,14.19,68.99,1.41,0.0,21.88
2012-03-29,2012,89,20.63,8.39,14.33,64.54,1.7,0.34,20.89
2012-03-30,2012,90,17.44,10.96,13.91,77.98,2.44,2.07,9.39
2012-03-31,2012,91,20.76,8.6,14.58,70.99,2.1,0.0,21.53
2012-04-01,2012,92,23.37,9.44,16.14,64.4,1.67,0.0,21.09
2012-04-02,2012,93,23.19,13.13,16.79,70.65,3.25,0.01,20.98
2012-04-03,2012,94,21.59,12.08,15.87,84.73,1.62,1.24,13.68
2012-04-04,2012,95,22.43,12.48,16.32,83.21,1.85,3.48,13.26
2012-04-05,2012,96,20.9,12.5,16.02,80.55,2.43,3.19,19.78
2012-04-06,2012,97,21.62,11.45,15.98,81.23,1.73,10.41,19.49
2012-04-07,2012,98,19.21,11.07,15.13,76.24,4.41,5.41,20.79
2012-04-08,2012,99,18.08,11.6,14.6,71.35,7.07,1.0,19.16
2012-04-09,2012,100,18.18,10.77,14.48,71.81,5.49,0.37,19.8
2012-04-10,2012,101,22.84,8.18,15.66,74.19,2.39,0.38,23.66
2012-04-11,2012,102,21.18,11.64,16.26,75.69,4.2,1.35,22.81
2012-04-12,2012,103,22.08,10.35,16.01,74.92,3.42,0.25,15.11
2012-04-13,2012,104,18.53,12.65,15.21,76.52,7.8,13.26,14.71
2012-04-14,2012,105,18.26,12.31,14.58,69.95,6.99,2.19,19.42
2012-04-15,2012,106,18.08,10.57,13.58,76.05,4.01,5.71,17.97
2012-04-16,2012,107,14.97,10.34,12.37,77.81,4.25,4.54,18.46
2012-04-17,2012,108,14.84,10.19,12.44,76.74,6.2,6.72,17.17
2012-04-18,2012,109,20.08,10.89,15.04,64.57,4.02,0.11,24.24
2012-04-19,2012,110,18.28,12.15,14.95,75.51,3.2,0.99,18.78
2012-04-20,2012,111,18.57,10.29,14.44,78.26,4.64,2.03,20.12
2012-04-21,2012,112,22.19,9.54,16.02,68.52,2.42,0.0,25.56
2012-04-22,2012,113,24.6,12.09,17.31,74.13,2.45,0.24,18.68
2012-04-23,2012,114,20.36,13.01,16.45,80.82,1.8,3.98,20.92
2012-04-24,2012,115,23.2,10.62,16.48,76.73,3.02,0.0,23.71
2012-04-25,2012,116,25.0,12.13,17.54,75.89,2.92,0.26,24.35
2012-04-26,2012,117,29.11,13.13,20.29,62.29,4.33,0.0,25.84
2012-04-27,2012,118,26.39,13.42,19.33,60.18,3.66,0.0,26.29
2012-04-28,2012,119,26.74,12.19,19.24,63.15,4.62,0.0,25.17
2012-04-29,2012,120,21.52,14.5,17.79,77.08,3.21,0.03,12.77
2012-04-30,2012,121,25.01,14.48,18.92,74.17,2.85,0.07,23.04
2012-05-01,2012,122,20.87,11.87,16.24,75.21,3.79,1.57,24.49
2012-05-02,2012,123,22.12,10.9,16.24,74.2,2.12,0.0,26.57
2012-05-03,2012,124,23.39,12.3,17.31,69.87,1.38,0.0,25.85
2012-05-04,2012,125,23.86,13.0,18.59,71.12,1.82,5.48,26.14
2012-05-05,2012,126,27.69,14.0,20.63,62.99,2.13,0.01,25.9
2012-05-06,2012,127,28.74,15.33,20.63,62.04,3.94,0.01,26.59
2012-05-07,2012,128,21.85,13.95,17.71,70.7,3.84,0.0,20.09
2012-05-08,2012,129,23.23,12.45,17.84,70.66,2.42,0.0,28.7
2012-05-09,2012,130,24.5,12.85,18.5,60.74,1.69,0.0,27.99
2012-05-10,2012,131,24.76,14.67,19.27,63.24,1.72,0.0,27.59
2012-05-11,2012,132,24.98,14.39,19.46,66.96,1.95,0.0,27.37
2012-05-12,2012,133,26.22,13.75,19.87,67.07,2.33,0.0,27.24
2012-05-13,2012,134,27.45,15.42,20.8,68.36,5.53,0.0,26.4
2012-05-14,2012,135,24.35,15.47,19.59,70.06,4.27,0.01,24.57
2012-05-15,2012,136,23.63,14.23,18.5,69.25,3.69,0.0,25.62
2012-05-16,2012,137,22.23,13.82,17.53,67.29,6.02,0.0,27.57
2012-05-17,2012,138,21.89,12.55,16.89,59.42,3.64,0.0,27.09
2012-05-18,2012,139,25.1,12.94,18.59,60.08,4.76,0.0,23.26
2012-05-19,2012,140,29.02,15.87,21.56,66.86,4.87,0.0,21.95
2012-05-20,2012,141,25.39,15.22,20.02,75.99,3.98,0.95,13.35
2012-05-21,2012,142,21.92,13.93,17.55,67.08,6.05,0.4,23.74
2012-05-22,2012,143,22.98,12.84,18.17,65.32,6.3,0.06,27.67
2012-05-23,2012,144,21.71,14.42,17.94,75.12,5.74,3.3,17.35
2012-05-24,2012,145,24.56,15.58,19.6,71.63,4.13,0.06,26.3
2012-05-25,2012,146,26.02,16.38,20.9,72.84,2.89,0.42,25.91
2012-05-26,2012,147,28.5,16.04,21.48,69.21,1.64,4.0,24.5
2012-05-27,2012,148,27.42,15.53,21.22,67.53,1.69,0.0,26.62
2012-05-28,2012,149,31.36,15.33,23.08,60.65,1.93,0.1,22.72
2012-05-29,2012,150,26.59,16.76,21.13,72.35,2.25,0.01,27.34
2012-05-30,2012,151,26.35,16.41,20.94,71.78,1.98,0.0,26.46
2012-05-31,2012,152,28.52,15.4,21.86,61.77,1.41,0.0,26.21
2012-06-01,2012,153,29.97,15.54,22.92,55.97,1.56,0.0,27.52
2012-06-02,2012,154,31.98,17.02,24.6,54.26,3.5,0.0,28.52
2012-06-03,2012,155,33.82,18.04,26.03,55.38,3.31,0.03,27.52
2012-06-04,2012,156,29.48,19.33,23.88,69.05,3.24,2.36,23.49
2012-06-05,2012,157,27.09,17.53,21.95,64.84,4.24,0.0,29.52
2012-06-06,2012,158,30.24,16.46,22.84,58.15,1.89,0.0,29.37
2012-06-07,2012,159,35.07,17.35,25.81,62.97,3.72,0.0,28.44
2012-06-08,2012,160,36.76,21.22,27.9,53.95,4.48,0.0,25.69
2012-06-09,2012,161,28.94,20.0,24.09,69.68,2.89,0.18,9.88
2012-06-10,2012,162,28.21,18.97,22.98,64.38,3.76,0.0,27.07
2012-06-11,2012,163,34.99,17.45,26.09,50.66,1.76,0.0,28.9
2012-06-12,2012,164,32.38,20.35,25.58,58.85,3.58,0.0,28.35
2012-06-13,2012,165,26.65,18.62,22.31,57.53,3.43,0.0,26.29
2012-06-14,2012,166,30.65,17.86,23.85,57.39,2.7,0.08,22.04
2012-06-15,2012,167,35.77,20.62,27.07,63.91,3.26,0.04,26.89
2012-06-16,2012,168,33.68,20.54,26.08,64.79,2.4,0.0,26.51
2012-06-17,2012,169,32.71,20.94,26.12,60.43,1.73,0.0,21.72
2012-06-18,2012,170,35.28,21.32,27.48,50.52,1.83,0.0,28.16
2012-06-19,2012,171,37.06,21.71,28.96,44.89,2.29,0.0,27.85
2012-06-20,2012,172,37.67,22.76,30.17,44.47,2.14,0.0,27.33
2012-06-21,2012,173,33.17,22.43,27.04,62.54,3.38,0.0,26.89
2012-06-22,2012,174,32.92,20.62,26.53,57.9,3.55,0.0,28.4
2012-06-23,2012,175,34.2,21.06,27.37,58.92,2.52,0.0,29.27
2012-06-24,2012,176,35.04,21.39,27.85,52.39,2.03,0.0,29.41
2012-06-25,2012,177,32.43,21.51,26.5,62.12,4.97,0.0,27.57
2012-06-26,2012,178,31.97,21.58,26.23,65.05,6.62,0.0,28.42
2012-06-27,2012,179,31.75,21.44,26.28,67.24,3.84,0.0,27.02
2012-06-28,2012,180,35.8,21.0,28.64,51.6,1.6,0.0,27.85
2012-06-29,2012,181,37.44,22.21,29.87,48.27,2.48,0.0,27.8
2012-06-30,2012,182,37.42,23.42,30.16,47.15,2.92,0.0,28.49
2012-07-01,2012,183,36.83,22.2,29.68,41.85,3.49,0.0,26.53
2012-07-02,2012,184,32.07,23.03,27.1,62.63,3.99,0.04,26.08
2012-07-03,2012,185,33.44,21.54,26.57,61.38,2.39,0.2,26.08
2012-07-04,2012,186,33.41,21.87,26.93,65.11,2.08,0.61,24.58
2012-07-05,2012,187,35.76,22.02,28.69,57.45,2.41,0.0,27.87
2012-07-06,2012,188,35.64,23.15,28.81,58.06,2.62,0.01,27.36
2012-07-07,2012,189,37.16,22.58,29.58,52.53,2.01,0.0,26.9
2012-07-08,2012,190,42.89,24.83,32.7,47.44,2.54,0.0,27.24
2012-07-09,2012,191,35.9,26.06,29.73,61.27,3.44,0.01,24.3
2012-07-10,2012,192,38.54,24.02,31.17,51.16,2.24,0.0,27.29
2012-07-11,2012,193,39.09,27.2,32.76,47.04,2.51,0.0,25.82
2012-07-12,2012,194,36.04,24.94,29.85,57.41,3.87,0.04,25.62
2012-07-13,2012,195,32.88,23.53,27.76,54.78,3.93,0.0,27.38
2012-07-14,2012,196,41.81,21.56,31.99,39.61,2.68,0.0,27.32
2012-07-15,2012,197,33.58,24.25,29.13,55.33,4.63,0.0,25.11
2012-07-16,2012,198,28.95,22.04,25.38,54.15,6.81,0.0,26.8
2012-07-17,2012,199,29.12,21.22,24.76,58.24,6.01,0.0,27.07
2012-07-18,2012,200,30.98,21.09,25.53,60.36,4.2,0.0,26.64
2012-07-19,2012,201,34.38,19.54,26.97,54.52,2.11,0.0,27.87
2012-07-20,2012,202,39.6,21.52,30.54,43.76,2.83,0.0,27.66
2012-07-21,2012,203,36.62,23.78,29.18,51.08,4.08,0.0,24.9
2012-07-22,2012,204,29.37,22.34,25.28,57.92,6.27,0.12,20.69
2012-07-23,2012,205,27.36,21.27,24.17,59.27,6.18,6.43,19.69
2012-07-24,2012,206,28.75,20.43,24.44,62.73,4.76,1.45,23.18
2012-07-25,2012,207,31.59,19.55,25.05,66.41,2.6,0.0,27.07
2012-07-26,2012,208,33.63,21.19,27.07,61.11,2.47,0.0,25.3
2012-07-27,2012,209,36.24,21.58,28.45,52.52,2.8,0.0,25.74
2012-07-28,2012,210,40.98,22.78,31.64,40.17,2.18,0.0,25.76
2012-07-29,2012,211,36.5,24.9,29.8,56.3,3.16,0.8,24.86
2012-07-30,2012,212,35.41,23.2,28.61,62.07,2.86,0.0,25.94
2012-07-31,2012,213,34.84,22.62,28.22,60.49,3.61,0.0,27.1
2012-08-01,2012,214,35.77,21.85,28.4,59.08,2.78,0.0,26.82
2012-08-02,2012,215,39.66,22.4,30.56,44.56,2.38,0.0,25.84
2012-08-03,2012,216,41.36,24.03,32.04,39.16,2.0,0.0,23.82
2012-08-04,2012,217,40.53,25.04,31.69,43.43,1.66,0.0,25.22
2012-08-05,2012,218,43.97,24.55,33.5,43.66,2.1,0.0,24.51
2012-08-06,2012,219,40.63,26.6,32.09,50.52,2.63,0.03,22.5
2012-08-07,2012,220,35.71,25.46,29.55,65.93,2.79,0.05,22.85
2012-08-08,2012,221,37.71,23.86,29.71,60.92,1.96,0.0,23.96
2012-08-09,2012,222,35.0,24.33,29.22,55.67,3.47,0.0,23.58
2012-08-10,2012,223,34.82,23.55,28.81,55.04,4.15,0.0,25.42
2012-08-11,2012,224,33.43,23.69,27.94,59.93,4.3,0.0,24.78
2012-08-12,2012,225,36.63,21.93,29.37,52.52,2.42,0.0,24.88
2012-08-13,2012,226,36.77,24.74,29.94,50.78,3.67,0.0,22.8
2012-08-14,2012,227,34.75,22.81,27.88,67.57,3.13,0.06,24.06
2012-08-15,2012,228,34.91,21.5,27.77,63.0,2.34,0.0,24.65
2012-08-16,2012,229,40.65,22.79,30.51,46.98,2.0,0.0,23.51
2012-08-17,2012,230,35.37,22.49,28.36,63.13,2.71,0.0,24.0
2012-08-18,2012,231,32.54,23.3,27.61,68.37,3.03,0.01,21.16
2012-08-19,2012,232,35.77,23.81,29.1,59.06,1.88,0.0,23.44
2012-08-20,2012,233,35.36,24.13,29.28,56.03,1.66,0.0,23.26
2012-08-21,2012,234,35.47,23.73,29.5,57.37,1.95,0.0,21.25
2012-08-22,2012,235,35.81,24.14,29.71,51.41,2.04,0.0,21.66
2012-08-23,2012,236,37.8,23.39,30.47,48.7,4.21,0.0,23.01
2012-08-24,2012,237,39.06,25.0,31.67,47.76,3.07,0.0,22.96
2012-08-25,2012,238,40.38,26.02,32.36,44.47,1.45,0.0,20.15
2012-08-26,2012,239,33.43,25.34,28.76,64.23,5.54,0.54,21.49
2012-08-27,2012,240,30.97,22.48,26.56,54.37,4.88,0.0,24.3
2012-08-28,2012,241,32.81,21.39,26.5,56.33,1.99,0.0,22.71
2012-08-29,2012,242,34.37,21.04,27.27,51.02,2.06,0.0,23.81
2012-08-30,2012,243,37.42,21.12,29.11,46.73,2.93,0.0,23.36
2012-08-31,2012,244,29.33,22.97,25.69,65.9,4.92,9.56,17.18
2012-09-01,2012,245,27.95,21.13,23.91,54.1,4.48,0.1,12.35
2012-09-02,2012,246,21.65,16.05,19.13,80.55,3.3,58.53,3.61
2012-09-03,2012,247,25.6,16.09,21.17,69.95,4.36,0.83,21.64
2012-09-04,2012,248,27.0,18.57,22.45,70.63,5.21,0.96,19.95
2012-09-05,2012,249,29.73,19.46,24.09,67.27,3.36,0.0,20.93
2012-09-06,2012,250,29.53,19.7,24.02,66.11,2.25,0.0,14.55
2012-09-07,2012,251,29.96,19.46,24.21,67.0,1.7,0.0,20.2
2012-09-08,2012,252,30.75,20.72,25.06,66.14,1.78,0.13,20.8
2012-09-09,2012,253,31.05,21.05,25.19,74.93,1.79,3.04,18.79
2012-09-10,2012,254,31.4,20.65,24.94,70.3,1.87,0.12,20.35
2012-09-11,2012,255,29.48,21.81,24.93,78.97,2.16,1.11,13.16
2012-09-12,2012,256,32.2,21.04,25.56,75.73,2.87,2.23,20.47
2012-09-13,2012,257,24.34,19.98,22.21,72.72,6.67,4.04,10.2
2012-09-14,2012,258,24.35,19.44,21.5,62.17,6.18,3.59,17.41
2012-09-15,2012,259,26.06,18.72,21.97,66.79,5.54,0.4,18.51
2012-09-16,2012,260,27.6,18.86,22.48,71.24,3.64,0.01,19.77
2012-09-17,2012,261,28.47,17.1,22.27,70.39,1.72,0.0,21.74
2012-09-18,2012,262,32.48,17.39,24.19,65.08,2.26,0.0,19.47
2012-09-19,2012,263,32.16,19.42,24.48,70.69,3.21,0.0,19.88
2012-09-20,2012,264,29.18,20.01,23.61,67.66,3.15,0.0,19.58
2012-09-21,2012,265,32.8,18.89,24.77,66.52,2.6,0.02,19.56
2012-09-22,2012,266,36.31,20.54,27.66,55.22,2.46,0.0,17.86
2012-09-23,2012,267,38.55,21.26,29.41,43.28,2.02,0.0,19.54
2012-09-24,2012,268,34.33,22.76,27.01,50.39,4.66,0.06,18.78
2012-09-25,2012,269,31.37,21.95,25.68,62.32,2.73,0.13,12.73
2012-09-26,2012,270,33.72,21.26,26.41,62.67,3.84,0.01,15.0
2012-09-27,2012,271,35.18,21.47,27.46,53.2,3.75,0.01,12.67
2012-09-28,2012,272,35.54,21.67,27.74,59.75,4.84,0.0,18.47
2012-09-29,2012,273,33.86,22.09,26.62,64.52,3.13,0.76,16.44
2012-09-30,2012,274,28.46,21.21,23.95,74.56,3.21,1.81,15.18
2012-10-01,2012,275,27.51,20.25,23.14,72.24,4.23,1.94,17.56
2012-10-02,2012,276,27.3,18.61,22.08,68.42,2.54,0.0,17.93
2012-10-03,2012,277,28.75,17.66,22.11,68.3,1.63,0.01,16.04
2012-10-04,2012,278,31.81,18.58,24.07,72.16,1.68,0.0,17.76
2012-10-05,2012,279,32.56,20.65,25.16,74.99,2.2,0.01,17.91
2012-10-06,2012,280,32.47,20.52,25.43,70.59,1.59,0.0,16.99
2012-10-07,2012,281,31.31,20.63,24.98,66.36,3.22,0.04,16.22
2012-10-08,2012,282,27.92,21.57,23.96,74.62,5.95,0.25,15.5
2012-10-09,2012,283,30.74,20.03,24.36,71.81,3.56,0.0,16.54
2012-10-10,2012,284,29.14,20.15,23.67,73.58,3.84,0.04,16.69
2012-10-11,2012,285,31.16,18.69,23.84,64.37,2.31,0.07,11.45
2012-10-12,2012,286,26.94,20.07,22.7,77.53,2.88,20.68,14.51
2012-10-13,2012,287,23.59,18.4,20.67,84.36,2.38,18.79,8.67
2012-10-14,2012,288,24.3,18.04,20.47,76.99,2.69,6.89,9.55
2012-10-15,2012,289,25.91,15.95,19.55,75.94,3.05,0.26,7.37
2012-10-16,2012,290,22.91,15.51,18.82,65.54,3.54,0.01,16.54
2012-10-17,2012,291,25.89,13.6,19.33,65.42,2.7,0.0,17.32
2012-10-18,2012,292,27.16,15.69,20.98,70.51,4.72,0.0,15.62
2012-10-19,2012,293,28.84,16.92,22.64,79.98,4.05,0.02,12.93
2012-10-20,2012,294,27.15,20.21,23.16,85.38,4.4,1.58,12.32
2012-10-21,2012,295,26.62,20.79,23.02,84.61,3.92,0.73,11.34
2012-10-22,2012,296,26.47,19.85,22.51,77.83,1.8,2.35,12.44
2012-10-23,2012,297,23.57,18.5,20.58,79.14,2.42,4.85,10.43
2012-10-24,2012,298,23.13,16.59,19.29,78.97,1.99,11.1,8.47
2012-10-25,2012,299,23.86,15.72,19.27,75.54,2.5,0.33,14.0
2012-10-26,2012,300,24.65,16.13,19.68,77.63,3.21,0.01,10.75
2012-10-27,2012,301,25.73,17.72,20.5,70.87,4.35,0.31,10.98
2012-10-28,2012,302,17.91,13.6,16.12,72.14,5.78,4.07,7.95
2012-10-29,2012,303,17.99,13.21,14.99,59.2,5.91,0.15,12.11
2012-10-30,2012,304,21.94,10.77,16.44,61.83,3.8,0.02,12.03
2012-10-31,2012,305,24.09,14.46,17.89,71.19,4.84,2.93,4.03
2012-11-01,2012,306,23.82,14.72,18.19,67.79,3.63,0.14,13.4
2012-11-02,2012,307,23.27,15.47,18.53,75.43,3.36,0.34,12.54
2012-11-03,2012,308,26.53,13.21,19.22,75.15,2.71,0.0,12.57
2012-11-04,2012,309,29.89,16.52,22.38,64.96,2.93,0.0,11.42
2012-11-05,2012,310,27.89,17.74,22.09,72.56,4.36,0.16,11.84
2012-11-06,2012,311,24.41,16.77,19.19,80.08,2.29,1.14,7.8
2012-11-07,2012,312,20.49,14.39,17.56,72.12,3.66,0.5,6.79
2012-11-08,2012,313,21.15,13.38,16.52,65.36,2.36,0.0,11.98
2012-11-09,2012,314,27.56,12.99,19.08,73.89,3.16,0.0,11.8
2012-11-10,2012,315,26.8,15.45,20.34,72.24,3.01,0.0,9.2
2012-11-11,2012,316,25.58,17.32,20.99,80.55,3.38,1.58,7.38
2012-11-12,2012,317,25.65,16.74,20.72,80.31,4.08,1.63,8.61
2012-11-13,2012,318,23.82,19.72,21.07,80.7,7.02,1.21,8.43
2012-11-14,2012,319,22.88,18.91,20.3,85.41,6.72,17.92,6.02
2012-11-15,2012,320,19.95,15.99,18.12,86.04,3.58,5.38,9.52
2012-11-16,2012,321,20.64,15.63,17.36,84.24,2.43,3.87,9.34
2012-11-17,2012,322,21.64,14.58,17.43,78.44,1.94,0.12,10.83
2012-11-18,2012,323,21.78,14.22,17.07,64.93,2.51,0.07,9.46
2012-11-19,2012,324,19.65,13.72,16.11,80.39,3.49,0.92,10.08
2012-11-20,2012,325,18.95,14.63,16.38,81.4,5.28,4.22,8.3
2012-11-21,2012,326,20.13,13.6,16.28,80.14,3.69,0.71,9.93
2012-11-22,2012,327,20.22,11.41,15.0,78.56,1.41,0.0,10.87
2012-11-23,2012,328,21.16,10.86,15.33,72.98,1.81,0.0,10.74
2012-11-24,2012,329,20.89,10.71,15.32,75.8,1.46,0.0,10.7
2012-11-25,2012,330,21.48,9.37,14.41,71.24,2.21,0.0,9.81
2012-11-26,2012,331,22.39,8.92,14.65,72.58,2.79,0.0,10.53
2012-11-27,2012,332,23.6,12.63,16.55,69.08,4.38,0.0,9.32
2012-11-28,2012,333,15.37,10.24,12.75,71.15,5.39,0.37,10.76
2012-11-29,2012,334,15.57,8.95,11.76,68.57,6.78,0.96,10.77
2012-11-30,2012,335,13.11,7.85,10.12,77.56,4.9,1.06,10.65
2012-12-01,2012,336,15.74,6.02,10.85,61.68,2.77,0.06,10.38
2012-12-02,2012,337,15.08,6.88,11.24,71.98,5.77,2.6,9.97
2012-12-03,2012,338,14.83,11.63,13.45,74.68,7.15,2.88,6.84
2012-12-04,2012,339,17.1,12.6,14.33,75.44,5.89,4.31,10.38
2012-12-05,2012,340,16.01,11.32,13.13,71.01,6.02,5.39,8.85
2012-12-06,2012,341,14.84,10.2,12.47,72.18,5.57,4.01,7.65
2012-12-07,2012,342,15.06,9.01,11.48,68.4,3.15,0.14,8.79
2012-12-08,2012,343,14.07,9.22,11.93,71.51,7.07,4.88,5.51
2012-12-09,2012,344,13.69,9.48,11.29,60.28,6.6,1.78,8.56
2012-12-10,2012,345,14.99,10.24,12.08,70.28,4.75,0.35,9.64
2012-12-11,2012,346,14.37,10.51,12.04,68.96,5.07,0.19,7.39
2012-12-12,2012,347,14.13,9.59,11.18,68.1,3.06,0.1,7.63
2012-12-13,2012,348,16.66,6.8,10.72,62.99,3.86,0.01,9.17
2012-12-14,2012,349,17.79,6.81,11.77,69.79,1.65,0.0,10.06
2012-12-15,2012,350,19.6,6.91,12.41,72.09,2.74,0.0,8.92
2012-12-16,2012,351,18.28,11.48,14.24,83.02,3.76,0.29,6.41
2012-12-17,2012,352,18.3,11.58,14.15,91.37,4.66,1.51,6.07
2012-12-18,2012,353,16.47,11.28,13.44,73.6,6.01,0.33,8.33
2012-12-19,2012,354,16.08,10.46,13.22,71.67,5.2,0.15,9.06
2012-12-20,2012,355,17.53,10.22,12.9,78.16,1.72,0.04,8.65
2012-12-21,2012,356,17.55,11.59,14.15,83.38,5.13,3.1,7.09
2012-12-22,2012,357,15.62,10.49,13.62,77.8,5.4,0.85,6.8
2012-12-23,2012,358,17.2,9.52,12.31,85.06,3.08,0.0,9.87
2012-12-24,2012,359,19.97,8.35,12.55,69.69,2.63,0.0,10.02
2012-12-25,2012,360,22.05,6.81,12.85,69.22,2.91,0.0,9.7
2012-12-26,2012,361,18.14,8.21,12.59,75.81,4.38,0.2,9.35
2012-12-27,2012,362,16.04,12.2,13.71,73.87,6.57,0.11,8.16
2012-12-28,2012,363,16.27,12.12,13.62,73.81,7.07,0.04,8.2
2012-12-29,2012,364,16.02,9.07,12.22,77.76,4.22,0.02,9.69
2012-12-30,2012,365,15.89,8.93,12.35,84.57,3.37,0.55,5.96
2012-12-31,2012,366,15.78,8.77,11.63,79.95,2.83,0.13,9.35
2013-01-01,2013,1,16.85,6.0,11.31,69.61,1.7,0.1,5.35
2013-01-02,2013,2,14.53,5.44,9.95,80.13,2.24,6.39,9.21
2013-01-03,2013,3,14.21,9.9,11.27,81.54,1.52,14.7,7.23
2013-01-04,2013,4,15.17,9.68,11.61,83.17,2.81,1.58,8.19
2013-01-05,2013,5,14.79,9.71,12.56,84.6,5.53,4.31,8.11
2013-01-06,2013,6,15.77,10.78,13.16,82.27,4.0,0.18,7.96
2013-01-07,2013,7,16.76,12.26,13.82,79.88,5.05,0.03,7.81
2013-01-08,2013,8,17.42,11.36,13.45,82.25,2.22,0.02,10.08
2013-01-09,2013,9,16.6,10.43,13.15,82.49,3.57,0.03,8.73
2013-01-10,2013,10,16.09,9.48,12.49,83.82,4.81,0.05,9.09
2013-01-11,2013,11,16.2,10.25,13.2,75.99,5.56,0.4,8.22
2013-01-12,2013,12,16.31,8.47,11.58,72.6,3.26,0.01,10.69
2013-01-13,2013,13,17.74,6.51,11.17,73.06,2.57,0.22,10.85
2013-01-14,2013,14,12.24,7.06,9.72,83.89,3.26,1.86,7.43
2013-01-15,2013,15,12.41,6.77,9.19,83.19,4.27,2.17,9.35
2013-01-16,2013,16,14.01,7.79,10.97,72.76,6.82,3.17,8.79
2013-01-17,2013,17,14.43,8.61,11.08,76.24,6.88,5.05,4.86
2013-01-18,2013,18,13.5,8.89,10.73,70.92,5.55,2.33,8.55
2013-01-19,2013,19,20.91,10.11,14.8,77.72,3.25,0.59,9.04
2013-01-20,2013,20,14.4,10.07,12.62,80.17,3.97,2.53,2.59
2013-01-21,2013,21,15.43,9.86,12.13,74.57,6.45,2.16,10.04
2013-01-22,2013,22,14.55,6.61,10.5,74.68,4.27,0.57,11.13
2013-01-23,2013,23,15.79,5.11,9.26,72.36,4.93,1.9,9.62
2013-01-24,2013,24,13.17,8.16,10.21,79.79,7.63,18.7,6.92
2013-01-25,2013,25,11.57,8.98,9.79,81.8,7.8,8.22,7.79
2013-01-26,2013,26,14.49,7.86,10.61,74.59,4.79,1.62,10.82
2013-01-27,2013,27,14.22,7.22,10.32,76.55,3.49,0.17,9.04
2013-01-28,2013,28,14.47,6.92,10.37,78.4,6.54,4.88,6.39
2013-01-29,2013,29,13.04,10.58,11.84,83.38,6.3,2.4,4.82
2013-01-30,2013,30,16.75,8.37,11.83,83.27,4.13,0.0,13.31
2013-01-31,2013,31,18.02,10.35,13.32,88.03,5.51,0.01,13.18
2013-02-01,2013,32,19.85,9.23,13.16,76.87,3.25,0.0,12.84
2013-02-02,2013,33,19.09,7.83,12.15,66.09,5.9,1.81,13.91
2013-02-03,2013,34,12.88,8.78,10.12,71.17,5.77,2.21,9.92
2013-02-04,2013,35,13.6,8.8,10.87,67.56,5.59,0.96,12.86
2013-02-05,2013,36,15.39,8.5,12.06,83.52,5.7,2.51,6.86
2013-02-06,2013,37,16.64,7.64,10.63,77.74,4.92,3.35,10.72
2013-02-07,2013,38,11.75,7.79,9.03,75.1,6.96,5.97,9.05
2013-02-08,2013,39,11.25,7.02,8.7,71.17,6.7,3.85,9.84
2013-02-09,2013,40,11.75,6.86,8.6,73.64,4.56,2.85,9.22
2013-02-10,2013,41,11.22,6.42,8.42,81.95,5.24,4.78,8.9
2013-02-11,2013,42,16.25,3.8,9.15,70.53,4.43,1.23,10.39
2013-02-12,2013,43,11.03,6.27,8.06,86.11,4.88,4.84,9.58
2013-02-13,2013,44,11.82,7.32,9.41,77.27,6.14,6.32,8.91
2013-02-14,2013,45,12.12,7.7,9.55,71.9,5.4,2.28,11.47
2013-02-15,2013,46,14.82,6.33,9.85,78.3,3.63,0.18,10.06
2013-02-16,2013,47,14.54,6.96,10.5,77.0,3.97,0.15,13.65
2013-02-17,2013,48,14.93,7.3,10.52,72.3,1.56,0.0,11.48
2013-02-18,2013,49,13.72,7.89,10.72,83.2,1.13,0.06,9.36
2013-02-19,2013,50,15.37,8.22,11.18,82.5,1.9,0.32,11.23
2013-02-20,2013,51,16.44,9.68,12.29,84.57,3.55,1.71,9.69
2013-02-21,2013,52,14.22,8.55,11.63,85.77,4.15,4.08,7.26
2013-02-22,2013,53,18.3,8.27,12.86,80.99,4.44,2.61,11.19
2013-02-23,2013,54,18.26,9.44,12.83,80.17,3.95,1.73,13.47
2013-02-24,2013,55,11.23,5.73,8.44,74.83,3.96,1.61,7.9
2013-02-25,2013,56,11.76,3.82,7.32,76.96,3.03,2.69,11.03
2013-02-26,2013,57,11.33,3.02,7.23,77.28,2.36,1.66,15.37
2013-02-27,2013,58,13.77,3.92,8.52,69.47,2.03,0.25,17.14
2013-02-28,2013,59,14.11,7.76,10.89,72.68,5.21,0.08,9.37
2013-03-01,2013,60,15.76,7.83,11.74,86.4,5.05,12.11,3.41
2013-03-02,2013,61,14.71,7.11,10.94,81.35,4.7,1.57,11.56
2013-03-03,2013,62,16.44,9.59,12.4,77.13,2.07,0.02,16.47
2013-03-04,2013,63,18.89,7.64,12.91,75.56,4.28,0.07,17.85
2013-03-05,2013,64,17.17,11.0,13.49,86.22,8.46,3.66,4.06
2013-03-06,2013,65,21.56,12.67,16.2,76.15,3.88,0.79,13.18
2013-03-07,2013,66,20.23,11.44,15.5,80.19,3.14,1.51,16.83
2013-03-08,2013,67,20.93,11.17,15.73,77.5,4.15,0.37,17.37
2013-03-09,2013,68,20.19,10.94,15.41,75.85,2.67,0.55,11.32
2013-03-10,2013,69,21.22,10.1,14.8,78.47,3.29,0.21,17.23
2013-03-11,2013,70,17.82,10.02,13.71,73.87,4.6,0.98,18.31
2013-03-12,2013,71,16.55,8.73,11.77,79.99,3.94,0.71,15.0
2013-03-13,2013,72,17.73,9.54,12.9,81.08,4.26,6.45,6.02
2013-03-14,2013,73,11.24,7.37,9.29,68.21,9.91,2.64,12.85
2013-03-15,2013,74,11.48,7.08,8.98,60.35,9.22,0.81,15.73
2013-03-16,2013,75,15.02,8.38,11.0,60.45,4.01,0.01,17.01
2013-03-17,2013,76,23.69,8.61,14.68,61.5,3.85,0.16,16.41
2013-03-18,2013,77,20.68,11.26,14.86,65.8,3.9,0.13,14.89
2013-03-19,2013,78,21.93,9.76,14.81,71.37,2.47,0.01,20.89
2013-03-20,2013,79,19.8,10.79,14.66,82.01,3.44,3.82,15.8
2013-03-21,2013,80,16.97,8.77,13.08,69.79,6.29,0.02,20.77
2013-03-22,2013,81,24.18,5.91,14.2,65.48,1.58,0.0,21.56
2013-03-23,2013,82,25.16,10.36,16.51,62.85,2.86,0.0,20.83
2013-03-24,2013,83,20.02,10.4,14.34,76.6,4.64,0.83,17.75
2013-03-25,2013,84,16.79,11.46,13.75,76.18,7.95,7.65,11.91
2013-03-26,2013,85,20.41,9.06,14.65,74.14,5.31,0.07,19.75
2013-03-27,2013,86,21.79,11.02,15.34,75.79,2.7,0.03,17.44
2013-03-28,2013,87,23.28,11.53,16.27,72.72,1.75,0.1,19.57
2013-03-29,2013,88,21.02,11.33,15.6,78.56,3.44,0.01,20.55
2013-03-30,2013,89,21.9,11.59,16.29,73.68,4.41,0.21,15.6
2013-03-31,2013,90,20.88,10.03,15.08,76.56,3.35,0.42,20.39
2013-04-01,2013,91,25.62,12.24,17.21,74.86,2.32,2.52,18.51
2013-04-02,2013,92,18.15,11.94,14.81,72.99,5.75,3.24,15.86
2013-04-03,2013,93,20.66,11.15,15.48,66.49,3.76,0.06,23.37
2013-04-04,2013,94,27.04,10.58,16.66,58.1,4.99,0.01,21.19
2013-04-05,2013,95,21.46,10.61,15.41,72.27,3.4,0.23,22.12
2013-04-06,2013,96,17.99,10.37,13.08,83.26,4.55,12.46,15.52
2013-04-07,2013,97,16.29,9.41,12.68,73.0,7.09,4.72,16.75
2013-04-08,2013,98,20.94,9.74,14.12,69.03,2.86,0.11,21.77
2013-04-09,2013,99,22.45,8.26,15.34,63.55,1.65,0.0,20.79
2013-04-10,2013,100,22.43,10.74,15.71,69.14,2.63,0.0,18.93
2013-04-11,2013,101,23.31,10.65,16.54,74.28,2.84,0.03,22.83
2013-04-12,2013,102,26.95,12.54,18.75,67.31,2.51,0.02,23.04
2013-04-13,2013,103,19.96,12.89,16.24,79.56,1.61,0.01,20.64
2013-04-14,2013,104,23.37,12.24,16.93,70.81,2.63,0.0,21.85
2013-04-15,2013,105,24.58,11.38,17.65,68.34,2.37,0.0,23.94
2013-04-16,2013,106,24.77,11.25,17.65,66.32,1.56,0.0,22.94
2013-04-17,2013,107,23.74,12.75,17.45,64.89,1.43,0.0,23.2
2013-04-18,2013,108,24.0,12.62,17.63,62.16,1.27,0.0,22.5
2013-04-19,2013,109,25.88,11.86,18.56,53.79,1.42,0.0,22.12
2013-04-20,2013,110,20.35,13.27,16.06,72.26,3.94,2.73,19.33
2013-04-21,2013,111,15.05,11.01,12.89,71.92,2.55,4.92,17.64
2013-04-22,2013,112,19.37,9.23,14.08,71.4,2.91,0.02,21.08
2013-04-23,2013,113,17.43,10.03,13.99,79.68,3.36,7.15,10.6
2013-04-24,2013,114,18.32,14.43,16.46,81.24,7.44,11.05,7.27
2013-04-25,2013,115,21.43,14.51,17.62,81.28,6.8,7.87,12.63
2013-04-26,2013,116,26.19,12.17,18.74,71.01,3.16,0.43,23.18
2013-04-27,2013,117,24.17,14.05,18.56,74.21,2.12,0.15,22.28
2013-04-28,2013,118,27.68,14.15,20.05,72.79,4.75,0.4,21.29
2013-04-29,2013,119,25.51,16.81,20.06,71.24,4.98,0.32,16.55
2013-04-30,2013,120,22.48,13.97,18.02,78.24,2.5,0.22,20.09
2013-05-01,2013,121,21.78,14.21,17.34,87.16,1.46,0.2,9.91
2013-05-02,2013,122,23.98,13.26,18.1,79.78,1.77,0.01,22.06
2013-05-03,2013,123,23.6,14.43,18.58,82.07,2.48,0.82,24.14
2013-05-04,2013,124,23.17,14.68,18.33,80.0,3.41,0.13,23.0
2013-05-05,2013,125,21.44,14.26,17.54,76.56,5.83,0.64,19.45
2013-05-06,2013,126,22.38,12.18,16.98,69.38,4.56,0.0,26.99
2013-05-07,2013,127,25.7,11.29,18.43,56.31,2.22,0.0,27.36
2013-05-08,2013,128,26.09,14.81,19.94,55.49,3.44,0.0,25.22
2013-05-09,2013,129,25.43,15.44,20.0,59.64,2.23,0.0,25.91
2013-05-10,2013,130,29.58,14.78,22.03,57.75,1.81,0.0,26.55
2013-05-11,2013,131,24.87,16.14,20.09,66.9,4.32,0.0,26.21
2013-05-12,2013,132,22.42,14.58,17.89,63.97,6.04,0.0,27.34
2013-05-13,2013,133,21.87,13.15,17.26,66.58,5.77,0.0,26.31
2013-05-14,2013,134,26.22,11.8,18.57,67.0,2.82,0.14,21.37
2013-05-15,2013,135,27.18,17.23,21.18,72.14,3.86,2.83,10.8
2013-05-16,2013,136,24.09,16.39,19.65,71.48,4.0,1.1,18.46
2013-05-17,2013,137,27.08,15.01,19.64,65.56,3.29,0.18,26.33
2013-05-18,2013,138,31.2,15.1,20.6,67.54,5.38,0.0,20.41
2013-05-19,2013,139,23.4,14.29,18.4,59.65,4.17,0.0,27.62
2013-05-20,2013,140,26.2,13.98,19.53,61.02,2.98,0.0,26.73
2013-05-21,2013,141,27.06,14.66,20.21,78.64,4.08,0.21,17.97
2013-05-22,2013,142,24.1,16.26,18.45,76.2,8.17,3.42,19.4
2013-05-23,2013,143,22.44,14.11,18.22,66.19,7.58,0.99,25.45
2013-05-24,2013,144,25.79,11.8,18.82,66.28,3.0,0.01,27.71
2013-05-25,2013,145,26.86,13.44,18.56,65.13,2.55,0.05,26.42
2013-05-26,2013,146,23.01,13.09,17.41,60.39,3.03,0.0,28.44
2013-05-27,2013,147,28.39,13.25,19.76,55.27,3.5,0.03,26.96
2013-05-28,2013,148,22.03,13.69,17.72,76.31,4.56,0.11,23.43
2013-05-29,2013,149,26.58,13.33,19.22,70.6,3.3,3.6,25.28
2013-05-30,2013,150,23.43,13.8,18.06,61.5,3.45,0.43,21.59
2013-05-31,2013,151,23.58,12.83,17.92,60.06,3.54,0.02,27.65
2013-06-01,2013,152,21.88,14.26,18.16,65.34,6.09,0.69,22.51
2013-06-02,2013,153,24.62,14.49,19.45,63.61,6.34,0.0,27.18
2013-06-03,2013,154,26.35,13.2,19.47,60.1,3.03,0.0,27.77
2013-06-04,2013,155,25.3,13.5,19.05,66.9,3.19,0.0,28.15
2013-06-05,2013,156,26.24,13.86,20.08,63.17,2.37,0.01,25.93
2013-06-06,2013,157,26.48,16.53,20.73,67.92,4.48,0.0,21.51
2013-06-07,2013,158,26.46,15.11,20.64,65.13,2.47,0.0,27.56
2013-06-08,2013,159,30.94,14.78,22.88,49.9,2.58,0.0,28.85
2013-06-09,2013,160,27.66,16.12,21.24,68.24,2.63,0.0,27.1
2013-06-10,2013,161,25.91,15.83,20.86,64.97,4.69,0.0,24.93
2013-06-11,2013,162,25.8,17.08,21.1,63.81,4.94,0.0,27.8
2013-06-12,2013,163,27.66,16.25,22.01,65.37,4.58,0.0,27.4
2013-06-13,2013,164,28.11,17.44,22.36,66.64,3.26,0.0,28.19
2013-06-14,2013,165,28.86,16.47,22.66,56.82,1.89,0.0,29.45
2013-06-15,2013,166,32.23,16.3,24.19,43.95,2.48,0.0,29.74
2013-06-16,2013,167,34.85,17.4,26.07,48.57,3.63,0.0,29.88
2013-06-17,2013,168,35.49,20.44,27.17,48.98,4.97,0.0,29.37
2013-06-18,2013,169,36.03,20.28,27.76,47.33,5.6,0.0,28.94
2013-06-19,2013,170,33.41,19.96,26.39,50.71,3.03,0.0,28.32
2013-06-20,2013,171,32.52,18.91,24.93,60.51,2.03,0.0,27.58
2013-06-21,2013,172,33.04,18.75,24.93,61.5,2.15,0.0,28.63
2013-06-22,2013,173,28.84,19.48,23.77,68.86,3.24,0.0,23.56
2013-06-23,2013,174,28.61,19.88,23.49,63.44,4.5,0.0,26.64
2013-06-24,2013,175,26.56,17.91,22.05,63.61,6.25,0.0,28.55
2013-06-25,2013,176,26.13,16.81,20.98,59.19,5.88,0.0,28.77
2013-06-26,2013,177,26.55,16.92,21.47,58.27,5.47,0.0,29.52
2013-06-27,2013,178,27.12,15.52,21.21,60.89,2.84,0.0,25.0
2013-06-28,2013,179,27.3,16.56,21.88,57.05,4.16,0.0,26.16
2013-06-29,2013,180,25.28,18.27,21.36,61.0,6.56,0.08,26.53
2013-06-30,2013,181,26.48,18.59,22.09,67.17,4.9,0.89,20.85
2013-07-01,2013,182,32.16,16.9,24.22,63.88,2.72,0.0,26.97
2013-07-02,2013,183,34.27,20.63,26.49,62.09,3.56,1.03,25.32
2013-07-03,2013,184,35.63,20.58,27.18,62.91,2.37,0.68,25.88
2013-07-04,2013,185,29.48,20.23,24.29,66.69,4.86,0.0,26.4
2013-07-05,2013,186,26.84,19.47,22.91,72.94,4.69,1.39,22.27
2013-07-06,2013,187,30.32,18.87,24.5,68.14,3.37,0.02,25.62
2013-07-07,2013,188,30.76,19.63,25.18,66.32,3.42,0.0,26.15
2013-07-08,2013,189,29.86,20.46,25.0,68.25,2.93,0.06,25.76
2013-07-09,2013,190,31.06,20.33,25.39,59.98,2.13,0.25,25.21
2013-07-10,2013,191,31.63,21.26,25.96,57.14,1.81,0.17,27.24
2013-07-11,2013,192,33.5,21.57,27.05,54.83,1.68,0.22,25.32
2013-07-12,2013,193,36.99,21.78,28.66,53.42,2.39,0.0,27.4
2013-07-13,2013,194,35.47,22.23,28.13,56.7,2.33,0.0,26.95
2013-07-14,2013,195,34.05,23.22,27.7,58.7,2.56,0.0,25.98
2013-07-15,2013,196,32.95,21.61,26.99,62.54,2.43,0.0,24.3
2013-07-16,2013,197,32.35,21.48,26.51,64.5,2.94,0.0,24.44
2013-07-17,2013,198,33.2,21.14,27.05,58.86,2.35,0.01,25.67
2013-07-18,2013,199,34.97,21.68,28.18,54.27,2.47,0.0,24.88
2013-07-19,2013,200,36.03,22.69,29.51,52.01,2.82,0.0,25.3
2013-07-20,2013,201,36.71,23.54,30.28,48.26,2.79,0.0,20.58
2013-07-21,2013,202,35.41,24.43,28.84,60.45,3.75,0.3,24.93
2013-07-22,2013,203,32.11,23.4,26.7,63.45,3.11,1.81,25.23
2013-07-23,2013,204,32.09,22.35,26.7,64.04,2.17,0.06,24.3
2013-07-24,2013,205,33.91,22.17,27.6,56.12,1.82,0.0,25.18
2013-07-25,2013,206,35.37,23.47,29.08,48.5,1.95,0.0,25.61
2013-07-26,2013,207,36.18,22.31,29.09,46.65,3.05,0.0,26.25
2013-07-27,2013,208,36.61,22.45,29.33,49.48,2.82,0.0,27.16
2013-07-28,2013,209,39.26,22.93,30.86,43.5,3.63,0.0,27.94
2013-07-29,2013,210,40.45,23.83,30.37,45.37,3.33,0.03,25.85
2013-07-30,2013,211,31.26,24.0,27.35,59.73,6.18,0.01,26.87
2013-07-31,2013,212,30.6,22.95,26.29,63.01,5.43,0.0,25.91
2013-08-01,2013,213,31.28,22.19,26.4,67.86,3.62,0.0,24.05
2013-08-02,2013,214,32.74,21.95,26.81,66.31,2.5,0.0,23.71
2013-08-03,2013,215,33.74,21.66,27.59,61.18,2.17,0.0,25.04
2013-08-04,2013,216,34.87,22.69,28.33,56.32,2.07,0.0,23.93
2013-08-05,2013,217,35.7,23.23,29.1,49.94,1.7,0.0,25.23
2013-08-06,2013,218,37.02,23.8,30.09,39.56,2.11,0.0,26.04
2013-08-07,2013,219,39.46,23.47,31.67,33.31,3.48,0.0,25.76
2013-08-08,2013,220,40.45,25.44,32.1,33.07,3.14,0.0,24.55
2013-08-09,2013,221,30.58,24.22,26.86,61.6,7.2,0.01,24.19
2013-08-10,2013,222,29.3,22.87,25.84,59.73,8.17,0.0,23.34
2013-08-11,2013,223,31.25,22.5,26.09,64.33,5.36,0.0,23.38
2013-08-12,2013,224,32.41,20.7,26.08,60.46,2.87,0.0,24.2
2013-08-13,2013,225,34.16,21.21,27.45,54.95,2.48,0.0,25.37
2013-08-14,2013,226,31.79,22.8,26.51,62.67,2.42,5.41,22.57
2013-08-15,2013,227,30.42,22.05,25.7,64.04,4.74,0.06,23.13
2013-08-16,2013,228,31.46,21.65,25.6,68.03,2.41,0.01,23.1
2013-08-17,2013,229,33.98,21.54,27.18,62.59,1.93,0.08,22.47
2013-08-18,2013,230,33.54,22.74,27.57,64.17,1.74,3.4,22.06
2013-08-19,2013,231,31.5,23.2,26.83,67.65,1.68,2.64,19.6
2013-08-20,2013,232,30.28,22.17,25.73,67.74,4.54,2.52,20.51
2013-08-21,2013,233,28.56,21.59,24.95,65.93,4.42,3.53,20.86
2013-08-22,2013,234,29.82,22.2,25.41,68.51,2.78,0.84,21.31
2013-08-23,2013,235,32.81,21.25,26.77,60.5,2.7,0.0,20.24
2013-08-24,2013,236,34.63,21.55,27.86,59.23,2.62,1.48,21.82
2013-08-25,2013,237,32.71,21.88,26.61,65.21,2.67,0.35,21.33
2013-08-26,2013,238,35.93,22.67,27.08,70.4,2.71,1.72,17.85
2013-08-27,2013,239,35.08,23.18,27.33,70.98,2.28,5.4,18.48
2013-08-28,2013,240,29.5,21.47,25.33,67.27,2.47,14.0,20.78
2013-08-29,2013,241,36.5,21.9,28.26,62.64,3.53,0.15,21.0
2013-08-30,2013,242,33.0,23.5,26.96,70.47,2.19,2.2,16.5
2013-08-31,2013,243,28.69,22.6,24.99,78.25,2.33,8.22,10.84
2013-09-01,2013,244,25.73,21.88,23.62,80.68,2.58,8.17,13.26
2013-09-02,2013,245,28.11,21.79,24.41,73.4,3.15,0.73,17.02
2013-09-03,2013,246,28.25,21.97,24.77,75.69,2.75,6.71,17.76
2013-09-04,2013,247,26.91,21.8,24.26,76.6,2.04,7.95,18.63
2013-09-05,2013,248,29.38,21.0,24.78,74.49,2.03,4.4,20.85
2013-09-06,2013,249,30.97,20.74,25.33,70.63,2.41,0.16,21.59
2013-09-07,2013,250,32.08,20.88,26.09,70.32,2.27,0.54,20.83
2013-09-08,2013,251,34.04,23.02,27.62,71.38,4.0,1.12,20.24
2013-09-09,2013,252,28.38,22.88,25.33,81.3,2.51,4.36,18.08
2013-09-10,2013,253,28.9,22.11,24.93,74.81,2.46,1.7,17.5
2013-09-11,2013,254,30.16,21.95,25.47,73.78,1.57,7.37,18.27
2013-09-12,2013,255,25.22,20.98,23.18,74.52,2.84,6.3,14.01
2013-09-13,2013,256,26.66,19.13,22.43,65.63,4.15,0.0,18.43
2013-09-14,2013,257,28.91,19.22,23.45,67.62,2.14,0.0,17.84
2013-09-15,2013,258,33.0,21.19,25.64,75.77,1.97,4.12,15.87
2013-09-16,2013,259,28.22,21.58,24.29,72.64,3.59,0.59,16.98
2013-09-17,2013,260,29.21,19.44,23.77,69.4,3.8,0.0,19.32
2013-09-18,2013,261,25.96,19.87,22.57,68.89,4.67,0.14,14.39
2013-09-19,2013,262,27.54,18.87,22.62,69.17,2.77,0.32,9.48
2013-09-20,2013,263,25.94,19.21,21.85,70.24,4.22,2.23,13.37
2013-09-21,2013,264,27.04,18.16,22.03,71.2,3.68,0.11,18.27
2013-09-22,2013,265,26.05,19.68,22.29,77.75,2.96,7.76,17.94
2013-09-23,2013,266,26.89,18.12,21.88,74.87,2.39,0.05,19.17
2013-09-24,2013,267,28.64,17.16,22.61,65.52,2.2,0.0,19.5
2013-09-25,2013,268,33.06,18.48,25.29,60.7,2.66,0.09,18.48
2013-09-26,2013,269,30.11,19.1,23.43,71.72,2.68,0.02,18.47
2013-09-27,2013,270,30.69,17.55,23.03,67.82,1.86,0.0,19.22
2013-09-28,2013,271,33.89,19.08,25.32,72.04,2.64,0.0,18.93
2013-09-29,2013,272,29.46,20.9,24.26,78.21,2.02,1.04,14.62
2013-09-30,2013,273,28.27,21.48,24.2,71.19,5.66,0.34,16.73
2013-10-01,2013,274,29.22,21.24,24.56,73.49,4.48,0.26,18.16
2013-10-02,2013,275,30.31,21.62,24.87,77.82,2.85,0.02,18.07
2013-10-03,2013,276,28.88,21.38,24.52,83.78,4.51,14.17,14.24
2013-10-04,2013,277,30.72,22.87,25.75,79.99,5.95,8.03,15.95
2013-10-05,2013,278,32.2,22.44,25.15,76.71,3.8,3.45,15.0
2013-10-06,2013,279,25.49,19.7,22.87,76.62,2.65,4.78,10.35
2013-10-07,2013,280,26.41,18.13,21.87,65.76,1.55,0.05,12.68
2013-10-08,2013,281,26.74,17.52,21.77,67.08,1.61,0.19,13.78
2013-10-09,2013,282,26.69,17.59,22.02,70.17,1.29,0.56,15.74
2013-10-10,2013,283,25.54,19.65,22.09,78.06,2.93,1.32,9.79
2013-10-11,2013,284,28.08,18.32,22.63,75.98,2.64,0.88,14.63
2013-10-12,2013,285,30.91,19.59,24.1,69.07,3.2,0.61,12.48
2013-10-13,2013,286,27.41,19.66,22.89,85.24,1.8,0.02,14.99
2013-10-14,2013,287,28.56,20.14,23.05,81.36,1.46,0.01,14.24
2013-10-15,2013,288,27.21,19.56,22.24,78.23,1.14,0.01,11.36
2013-10-16,2013,289,27.25,20.41,23.22,73.87,6.52,0.0,15.56
2013-10-17,2013,290,26.9,18.97,22.57,72.68,5.2,0.0,15.98
2013-10-18,2013,291,28.37,18.26,22.19,66.79,2.0,0.0,15.97
2013-10-19,2013,292,30.7,18.82,23.67,75.59,3.24,0.0,13.47
2013-10-20,2013,293,30.59,19.31,24.21,70.52,5.19,0.0,14.67
2013-10-21,2013,294,29.18,19.73,23.27,71.32,4.86,0.0,14.61
2013-10-22,2013,295,29.0,17.77,22.58,69.55,5.24,0.0,15.28
2013-10-23,2013,296,28.76,17.81,22.61,65.56,3.8,0.0,14.91
2013-10-24,2013,297,27.49,19.18,22.18,75.97,2.75,0.0,9.57
2013-10-25,2013,298,29.71,17.94,22.49,64.06,4.4,0.0,14.7
2013-10-26,2013,299,27.66,18.86,22.48,78.59,4.68,0.0,14.16
2013-10-27,2013,300,28.33,17.8,22.36,74.86,2.67,0.0,14.22
2013-10-28,2013,301,28.55,17.41,21.64,71.39,2.01,0.05,14.16
2013-10-29,2013,302,29.91,14.78,20.91,52.1,3.28,0.0,14.2
2013-10-30,2013,303,25.4,15.96,20.03,77.53,2.22,2.7,10.4
2013-10-31,2013,304,23.72,16.64,19.25,72.56,1.09,6.53,12.23
2013-11-01,2013,305,24.02,14.93,18.47,75.29,2.68,1.81,13.03
2013-11-02,2013,306,23.04,14.93,18.4,78.27,2.17,2.1,12.47
2013-11-03,2013,307,26.28,13.85,19.16,67.0,1.8,0.0,13.02
2013-11-04,2013,308,27.04,14.56,19.33,69.54,2.84,0.26,13.12
2013-11-05,2013,309,21.73,17.85,19.65,70.3,7.83,9.46,8.82
2013-11-06,2013,310,22.63,19.53,20.66,75.06,8.89,1.1,10.12
2013-11-07,2013,311,24.75,16.63,20.66,76.12,3.87,0.35,12.57
2013-11-08,2013,312,27.36,13.18,19.38,68.56,1.53,0.0,12.7
2013-11-09,2013,313,23.03,16.07,18.93,87.16,2.93,4.98,10.7
2013-11-10,2013,314,20.86,17.08,18.62,76.46,4.52,3.01,9.44
2013-11-11,2013,315,17.82,14.51,15.87,66.98,8.85,11.15,8.4
2013-11-12,2013,316,16.91,12.97,15.03,80.05,3.81,5.88,7.67
2013-11-13,2013,317,19.73,12.73,15.71,79.83,2.65,2.95,9.38
2013-11-14,2013,318,20.13,13.86,16.36,84.21,3.3,4.1,7.68
2013-11-15,2013,319,18.28,12.44,15.23,73.67,3.74,7.23,5.59
2013-11-16,2013,320,20.58,11.73,15.64,65.99,1.82,0.0,11.67
2013-11-17,2013,321,22.35,11.56,16.75,77.2,3.92,0.32,11.31
2013-11-18,2013,322,23.81,12.38,18.31,77.98,5.97,2.94,9.57
2013-11-19,2013,323,19.47,9.23,14.2,68.43,5.31,0.22,11.2
2013-11-20,2013,324,18.66,13.05,14.99,77.84,5.27,1.58,11.66
2013-11-21,2013,325,15.61,10.27,12.65,73.85,3.74,1.52,10.93
2013-11-22,2013,326,16.94,7.53,11.86,69.94,5.75,1.65,11.22
2013-11-23,2013,327,14.66,8.67,11.19,73.64,4.62,1.43,10.81
2013-11-24,2013,328,13.79,9.0,11.47,80.66,6.3,5.23,8.99
2013-11-25,2013,329,15.7,11.23,13.15,74.91,3.87,1.17,9.18
2013-11-26,2013,330,14.28,8.68,11.44,64.75,3.91,0.43,8.83
2013-11-27,2013,331,12.63,8.82,10.41,69.09,1.88,1.39,7.24
2013-11-28,2013,332,13.69,8.26,10.66,80.44,2.63,0.9,9.32
2013-11-29,2013,333,12.78,8.69,10.5,79.5,1.71,0.48,7.48
2013-11-30,2013,334,14.2,9.62,11.51,75.17,4.17,0.39,5.52
2013-12-01,2013,335,13.94,10.52,12.36,82.39,5.49,0.9,3.1
2013-12-02,2013,336,15.02,9.73,11.93,84.3,2.83,3.4,8.3
2013-12-03,2013,337,16.82,9.44,12.13,80.48,1.77,0.75,9.07
2013-12-04,2013,338,16.46,10.12,13.13,87.11,2.25,1.59,5.8
2013-12-05,2013,339,17.09,9.79,13.18,83.36,3.49,0.64,8.87
2013-12-06,2013,340,15.82,12.45,13.68,74.42,6.23,1.35,6.51
2013-12-07,2013,341,16.28,12.53,13.88,72.59,4.28,0.33,5.93
2013-12-08,2013,342,17.59,9.17,12.94,69.28,1.8,0.02,6.64
2013-12-09,2013,343,17.88,7.48,12.37,68.26,1.26,0.0,9.09
2013-12-10,2013,344,16.95,10.47,12.57,75.2,1.73,0.01,7.87
2013-12-11,2013,345,16.78,10.42,13.27,80.22,1.83,0.05,8.79
2013-12-12,2013,346,16.65,8.57,12.29,73.36,1.1,0.0,9.97
2013-12-13,2013,347,17.02,7.27,11.13,76.04,1.51,0.0,9.95
2013-12-14,2013,348,16.04,6.79,10.77,84.53,2.07,0.0,9.17
2013-12-15,2013,349,16.48,8.46,11.93,84.17,3.3,0.01,7.1
2013-12-16,2013,350,16.19,10.07,12.2,80.5,2.06,0.0,7.74
2013-12-17,2013,351,16.15,8.32,11.22,77.28,1.47,0.02,9.85
2013-12-18,2013,352,16.41,8.52,11.78,75.35,2.53,0.07,8.26
2013-12-19,2013,353,16.18,8.52,11.92,82.48,2.67,0.66,7.1
2013-12-20,2013,354,16.97,7.22,11.43,82.55,3.32,0.62,5.79
2013-12-21,2013,355,17.21,11.33,13.57,85.82,3.09,0.78,5.59
2013-12-22,2013,356,15.92,12.86,14.09,94.12,3.29,8.76,2.42
2013-12-23,2013,357,16.08,11.37,13.32,87.23,2.22,3.1,6.74
2013-12-24,2013,358,16.3,9.83,12.43,84.19,1.74,1.24,8.2
2013-12-25,2013,359,19.93,7.71,12.81,70.56,3.87,0.24,9.84
2013-12-26,2013,360,13.63,10.69,11.75,74.26,7.29,20.93,7.38
2013-12-27,2013,361,14.69,10.99,12.28,70.45,6.87,1.76,7.22
2013-12-28,2013,362,16.71,9.2,12.64,83.9,1.91,0.13,9.94
2013-12-29,2013,363,14.33,9.16,11.92,84.06,2.45,1.52,5.18
2013-12-30,2013,364,13.31,9.34,11.47,76.68,4.23,0.41,4.89
2013-12-31,2013,365,14.58,8.07,11.18,72.48,4.77,0.33,9.47
2014-01-01,2014,1,15.68,8.81,11.68,69.9,1.64,0.01,10.48
2014-01-02,2014,2,17.53,5.37,10.61,64.72,1.89,0.0,9.34
2014-01-03,2014,3,18.73,8.71,12.88,70.11,2.01,0.0,8.71
2014-01-04,2014,4,20.77,9.58,14.22,70.48,2.77,0.0,10.22
2014-01-05,2014,5,14.49,10.93,12.52,66.82,6.28,0.92,8.46
2014-01-06,2014,6,15.84,10.37,12.74,74.91,4.39,0.17,8.12
2014-01-07,2014,7,16.44,7.2,10.93,78.89,1.73,0.0,10.76
2014-01-08,2014,8,17.7,6.09,10.47,79.82,2.48,0.0,10.2
2014-01-09,2014,9,18.52,5.75,10.55,80.28,1.97,0.0,10.45
2014-01-10,2014,10,19.79,6.89,12.13,72.4,1.64,0.0,10.72
2014-01-11,2014,11,18.32,7.14,12.71,68.88,1.23,0.0,10.62
2014-01-12,2014,12,16.89,9.47,12.51,87.32,2.81,0.48,6.49
2014-01-13,2014,13,16.65,9.9,12.56,88.26,2.09,2.44,8.37
2014-01-14,2014,14,13.56,9.81,11.14,88.08,2.8,4.92,3.37
2014-01-15,2014,15,14.01,9.03,10.98,80.92,3.82,1.33,9.49
2014-01-16,2014,16,16.28,8.32,11.6,72.4,3.13,0.01,11.5
2014-01-17,2014,17,18.47,6.73,11.18,72.57,4.28,0.0,8.04
2014-01-18,2014,18,18.49,5.43,11.13,66.48,4.07,0.03,6.79
2014-01-19,2014,19,18.09,9.1,12.06,65.29,3.56,0.29,8.66
2014-01-20,2014,20,14.46,9.28,11.62,70.55,7.91,1.05,10.86
2014-01-21,2014,21,13.76,8.41,10.56,76.67,6.13,1.31,9.74
2014-01-22,2014,22,16.71,7.04,11.34,68.38,2.52,0.33,11.27
2014-01-23,2014,23,16.77,7.01,11.19,76.44,2.69,0.71,8.16
2014-01-24,2014,24,14.05,10.85,12.07,76.42,7.43,3.85,10.1
2014-01-25,2014,25,13.86,10.22,12.1,67.07,7.46,19.24,11.23
2014-01-26,2014,26,15.94,8.57,12.35,77.74,6.89,0.83,10.39
2014-01-27,2014,27,16.48,9.42,12.96,85.81,4.94,2.18,5.28
2014-01-28,2014,28,12.33,8.14,10.2,81.62,4.97,11.54,10.5
2014-01-29,2014,29,16.28,4.88,10.34,69.98,3.25,0.18,11.04
2014-01-30,2014,30,16.35,7.43,11.2,76.87,3.01,0.04,6.29
2014-01-31,2014,31,13.01,9.76,10.96,88.3,3.58,12.14,3.53
2014-02-01,2014,32,14.3,8.8,11.01,77.38,4.26,0.07,9.22
2014-02-02,2014,33,14.82,9.5,11.11,77.4,6.23,4.18,9.75
2014-02-03,2014,34,14.08,8.22,10.43,68.67,3.83,0.27,13.84
2014-02-04,2014,35,15.4,3.73,9.04,74.15,2.2,0.73,11.53
2014-02-05,2014,36,17.11,5.2,10.52,76.97,2.45,0.71,10.23
2014-02-06,2014,37,17.93,9.67,13.31,79.84,2.98,0.77,13.9
2014-02-07,2014,38,19.28,8.11,13.18,81.57,4.52,1.52,12.77
2014-02-08,2014,39,16.57,8.64,11.8,71.41,3.24,0.99,14.73
2014-02-09,2014,40,17.26,7.04,11.88,68.9,3.83,0.31,9.82
2014-02-10,2014,41,19.33,10.37,13.25,71.16,4.33,1.39,7.79
2014-02-11,2014,42,13.22,8.7,10.84,80.14,6.28,8.75,5.59
2014-02-12,2014,43,14.74,7.85,11.11,74.74,6.68,2.03,8.91
2014-02-13,2014,44,17.55,9.06,12.78,78.5,4.25,0.01,15.06
2014-02-14,2014,45,20.06,11.04,14.8,87.06,3.86,0.12,14.29
2014-02-15,2014,46,24.45,9.57,15.59,74.13,2.62,0.0,15.5
2014-02-16,2014,47,24.35,9.46,16.11,56.86,2.42,0.0,15.81
2014-02-17,2014,48,24.28,8.04,14.82,54.12,3.26,0.0,15.83
2014-02-18,2014,49,21.19,10.24,14.73,75.94,4.22,0.03,12.0
2014-02-19,2014,50,18.01,9.34,13.27,77.27,2.61,0.03,8.92
2014-02-20,2014,51,15.32,10.41,12.65,77.99,5.04,0.19,4.16
2014-02-21,2014,52,17.47,10.09,13.11,80.9,4.32,0.27,13.31
2014-02-22,2014,53,15.76,9.79,12.22,81.0,4.1,0.92,8.04
2014-02-23,2014,54,16.26,8.74,11.87,68.65,3.97,0.05,14.31
2014-02-24,2014,55,18.28,4.52,11.21,77.36,2.34,0.0,16.74
2014-02-25,2014,56,18.13,5.62,11.78,76.01,2.16,0.02,14.25
2014-02-26,2014,57,16.34,8.67,12.24,81.7,1.86,0.85,13.62
2014-02-27,2014,58,14.63,8.74,11.16,79.9,3.14,0.66,11.77
2014-02-28,2014,59,15.72,7.44,11.16,71.31,3.41,0.71,16.78
2014-03-01,2014,60,12.5,8.58,10.32,74.65,5.05,10.33,12.21
2014-03-02,2014,61,14.43,7.8,10.98,78.31,5.33,4.75,11.23
2014-03-03,2014,62,17.92,8.33,12.81,74.12,5.37,4.0,10.1
2014-03-04,2014,63,13.35,7.7,10.24,77.82,6.83,10.08,7.24
2014-03-05,2014,64,13.97,9.53,11.6,75.28,6.34,5.95,12.75
2014-03-06,2014,65,14.5,8.23,11.05,80.9,3.44,2.56,14.02
2014-03-07,2014,66,15.49,8.55,11.36,81.36,3.46,1.94,12.66
2014-03-08,2014,67,15.9,8.52,12.12,81.24,3.54,2.56,15.67
2014-03-09,2014,68,14.06,9.01,11.36,83.57,1.68,6.97,10.92
2014-03-10,2014,69,13.78,8.19,10.41,84.56,2.65,4.98,10.48
2014-03-11,2014,70,13.28,7.87,10.31,81.7,1.41,3.76,15.38
2014-03-12,2014,71,16.37,7.22,11.42,77.3,2.12,0.03,17.4
2014-03-13,2014,72,14.45,8.53,11.9,84.99,5.28,9.77,2.57
2014-03-14,2014,73,15.69,11.7,13.54,87.4,5.42,9.11,3.18
2014-03-15,2014,74,15.67,10.33,12.81,88.57,3.32,12.65,8.38
2014-03-16,2014,75,17.15,9.44,12.69,85.78,4.78,1.64,14.92
2014-03-17,2014,76,17.94,10.41,13.44,82.91,2.07,1.3,18.0
2014-03-18,2014,77,22.3,7.76,14.53,77.2,1.86,0.0,18.0
2014-03-19,2014,78,21.21,8.91,14.5,82.39,1.96,0.02,18.57
2014-03-20,2014,79,21.99,10.68,15.18,78.84,2.54,0.37,15.04
2014-03-21,2014,80,21.49,11.29,15.93,76.9,1.8,1.85,15.39
2014-03-22,2014,81,21.61,12.02,16.03,73.78,2.89,0.07,18.85
2014-03-23,2014,82,21.41,11.28,14.89,69.76,4.08,0.37,14.75
2014-03-24,2014,83,16.39,8.93,12.45,64.2,5.53,0.04,19.06
2014-03-25,2014,84,16.7,7.62,11.17,76.79,5.12,1.57,10.92
2014-03-26,2014,85,13.72,7.78,10.17,82.9,4.59,5.02,8.83
2014-03-27,2014,86,15.69,6.9,11.1,75.85,7.07,1.96,15.86
2014-03-28,2014,87,17.86,7.67,12.23,75.08,3.02,0.0,20.59
2014-03-29,2014,88,18.92,7.05,12.86,77.19,4.76,0.0,18.6
2014-03-30,2014,89,18.3,11.62,14.63,75.34,4.64,0.1,11.21
2014-03-31,2014,90,17.25,10.97,13.83,83.44,1.21,0.74,12.18
2014-04-01,2014,91,22.27,8.91,15.15,75.71,1.77,0.0,19.95
2014-04-02,2014,92,25.21,9.24,16.68,67.23,2.62,0.0,20.5
2014-04-03,2014,93,25.45,11.82,17.29,65.94,5.06,0.26,18.58
2014-04-04,2014,94,19.05,10.93,14.33,78.31,5.88,3.0,17.37
2014-04-05,2014,95,18.95,13.33,15.49,75.48,8.05,3.62,12.44
2014-04-06,2014,96,19.59,12.99,15.54,78.55,5.3,0.66,18.51
2014-04-07,2014,97,20.91,11.63,15.72,78.99,3.08,0.0,21.9
2014-04-08,2014,98,23.07,10.35,16.18,71.17,1.97,0.0,20.06
2014-04-09,2014,99,22.42,10.51,15.99,71.45,2.95,0.0,22.81
2014-04-10,2014,100,20.16,9.86,14.49,76.66,2.57,0.0,23.64
2014-04-11,2014,101,24.15,8.5,15.73,72.89,1.66,0.0,21.07
2014-04-12,2014,102,23.7,12.09,16.47,77.97,2.46,0.28,18.5
2014-04-13,2014,103,21.02,12.41,16.18,81.3,2.56,0.01,18.58
2014-04-14,2014,104,20.71,11.89,15.95,78.49,2.41,0.13,19.16
2014-04-15,2014,105,20.99,10.06,15.41,78.8,2.42,0.0,20.79
2014-04-16,2014,106,18.64,10.69,14.53,70.47,3.27,0.0,23.29
2014-04-17,2014,107,17.41,9.48,13.17,57.15,3.65,0.01,23.35
2014-04-18,2014,108,19.31,7.75,13.66,56.53,3.16,0.0,25.24
2014-04-19,2014,109,26.11,9.77,17.62,53.45,2.65,0.0,23.01
2014-04-20,2014,110,27.3,13.95,19.6,62.66,2.47,0.0,10.62
2014-04-21,2014,111,25.28,12.8,18.64,67.66,2.41,0.0,21.56
2014-04-22,2014,112,21.85,14.56,17.73,78.62,2.44,10.56,8.21
2014-04-23,2014,113,22.13,15.02,17.85,76.42,6.11,0.05,21.92
2014-04-24,2014,114,22.55,14.17,17.99,67.34,4.0,0.01,25.48
2014-04-25,2014,115,23.88,11.78,16.15,70.4,5.02,3.42,14.92
2014-04-26,2014,116,19.13,13.1,15.99,75.45,7.16,2.34,15.16
2014-04-27,2014,117,22.08,11.01,15.81,73.66,4.94,0.12,18.61
2014-04-28,2014,118,20.72,11.13,15.43,69.26,4.06,0.0,22.33
2014-04-29,2014,119,21.56,11.13,16.01,69.62,4.19,0.0,25.84
2014-04-30,2014,120,24.53,10.81,17.32,66.6,2.02,0.0,24.34
2014-05-01,2014,121,22.57,11.83,16.91,69.74,3.7,0.0,25.47
2014-05-02,2014,122,23.7,11.92,17.05,72.62,2.94,9.83,22.24
2014-05-03,2014,123,18.55,12.78,15.63,77.06,7.02,5.74,19.26
2014-05-04,2014,124,19.7,13.48,16.15,70.16,6.76,0.32,25.41
2014-05-05,2014,125,21.1,12.95,16.21,74.22,3.71,0.29,27.14
2014-05-06,2014,126,23.68,10.89,17.45,67.73,2.25,0.0,27.93
2014-05-07,2014,127,29.09,13.0,19.99,67.01,2.54,0.0,26.45
2014-05-08,2014,128,24.19,12.94,17.86,74.6,2.46,0.36,22.9
2014-05-09,2014,129,25.06,11.76,17.91,71.55,2.45,0.19,26.81
2014-05-10,2014,130,25.96,13.14,19.05,71.14,3.53,0.04,27.01
2014-05-11,2014,131,30.64,13.61,21.9,55.65,1.49,0.0,27.35
2014-05-12,2014,132,27.71,15.05,21.09,62.53,2.54,0.0,25.92
2014-05-13,2014,133,29.64,15.58,20.61,63.21,5.37,0.0,26.06
2014-05-14,2014,134,21.08,13.55,17.14,59.09,7.16,0.0,27.41
2014-05-15,2014,135,21.22,13.73,17.19,63.79,5.88,0.09,24.7
2014-05-16,2014,136,22.05,13.39,17.14,62.73,3.47,2.36,25.97
2014-05-17,2014,137,24.49,10.69,18.18,57.02,3.72,0.02,23.49
2014-05-18,2014,138,24.26,15.15,18.71,62.94,5.12,0.29,9.1
2014-05-19,2014,139,25.51,14.89,19.53,75.61,2.37,2.77,19.61
2014-05-20,2014,140,29.36,16.03,22.01,70.7,3.35,0.0,24.87
2014-05-21,2014,141,29.02,17.29,22.59,71.12,5.64,0.56,22.1
2014-05-22,2014,142,28.94,17.72,22.45,75.87,2.68,10.74,20.06
2014-05-23,2014,143,22.21,16.56,19.31,77.11,2.34,2.18,19.32
2014-05-24,2014,144,24.19,16.06,19.65,77.12,2.79,0.01,22.94
2014-05-25,2014,145,25.39,16.2,20.56,76.74,3.02,0.66,26.14
2014-05-26,2014,146,27.93,16.01,21.02,72.23,2.13,0.12,23.22
2014-05-27,2014,147,21.89,15.42,18.65,75.3,3.55,0.13,20.23
2014-05-28,2014,148,21.5,15.24,17.68,67.66,2.46,4.7,15.4
2014-05-29,2014,149,24.42,13.08,19.24,67.82,3.61,2.17,24.26
2014-05-30,2014,150,24.05,15.83,19.67,64.08,4.41,0.52,27.08
2014-05-31,2014,151,27.6,13.81,20.68,59.18,1.68,0.07,24.06
2014-06-01,2014,152,23.09,16.35,19.42,70.98,1.67,0.84,15.83
2014-06-02,2014,153,23.56,16.77,19.42,70.46,4.72,1.22,17.24
2014-06-03,2014,154,24.39,15.86,19.94,64.98,4.9,0.01,27.0
2014-06-04,2014,155,27.29,15.37,21.03,61.04,3.0,0.0,28.88
2014-06-05,2014,156,33.77,15.14,24.5,50.9,2.1,0.0,28.08
2014-06-06,2014,157,35.65,18.62,26.65,46.31,2.47,0.0,26.74
2014-06-07,2014,158,32.64,20.56,25.74,53.91,1.86,0.0,24.56
2014-06-08,2014,159,31.1,18.82,24.4,55.16,2.17,0.0,28.0
2014-06-09,2014,160,30.01,18.0,24.11,59.15,2.26,0.0,28.03
2014-06-10,2014,161,31.93,18.05,25.16,55.13,2.13,0.03,26.94
2014-06-11,2014,162,31.98,19.33,25.46,50.84,2.25,0.0,25.62
2014-06-12,2014,163,31.56,20.79,25.64,54.45,1.58,0.0,25.95
2014-06-13,2014,164,31.04,18.8,24.96,58.4,2.79,0.18,25.3
2014-06-14,2014,165,29.61,19.54,24.4,66.11,4.51,2.58,26.17
2014-06-15,2014,166,32.27,20.43,25.96,58.73,2.71,2.63,26.03
2014-06-16,2014,167,26.32,19.99,22.45,68.6,2.57,4.1,11.57
2014-06-17,2014,168,26.0,18.63,22.41,66.91,3.56,0.74,14.77
2014-06-18,2014,169,28.31,17.3,22.57,65.42,2.87,0.96,26.27
2014-06-19,2014,170,28.64,17.3,22.78,57.76,2.82,0.0,27.73
2014-06-20,2014,171,29.56,17.98,23.54,53.67,1.95,0.0,26.27
2014-06-21,2014,172,33.72,18.05,25.53,58.63,2.63,0.01,28.61
2014-06-22,2014,173,33.73,19.01,25.89,51.43,3.36,0.0,28.63
2014-06-23,2014,174,36.14,20.7,27.8,44.67,5.44,0.0,29.41
2014-06-24,2014,175,39.65,21.31,29.05,48.35,4.36,0.03,18.42
2014-06-25,2014,176,29.73,20.87,24.36,67.74,3.78,0.28,15.76
2014-06-26,2014,177,28.36,20.48,23.95,65.3,4.61,0.0,26.25
2014-06-27,2014,178,29.98,19.6,24.63,62.85,3.36,0.0,28.69
2014-06-28,2014,179,36.49,18.31,27.4,53.45,3.4,0.0,27.9
2014-06-29,2014,180,36.93,21.95,28.54,49.66,4.47,0.01,27.24
2014-06-30,2014,181,28.44,19.49,24.14,57.41,5.81,0.01,28.66
2014-07-01,2014,182,30.56,18.25,24.17,53.95,2.62,0.0,28.78
2014-07-02,2014,183,38.69,20.55,29.27,45.74,3.86,0.0,27.23
2014-07-03,2014,184,35.68,21.4,28.11,54.81,4.95,0.01,26.39
2014-07-04,2014,185,40.36,22.43,29.73,49.31,3.08,0.0,27.2
2014-07-05,2014,186,30.91,20.82,25.06,61.98,3.51,0.0,25.64
2014-07-06,2014,187,36.13,20.3,26.96,53.65,2.42,0.01,25.66
2014-07-07,2014,188,37.82,22.57,29.25,53.37,3.14,0.01,24.82
2014-07-08,2014,189,30.77,21.93,25.78,63.78,4.79,0.0,25.47
2014-07-09,2014,190,30.07,20.06,24.57,55.71,3.17,0.0,27.31
2014-07-10,2014,191,27.34,20.37,23.49,59.19,5.64,0.0,25.86
2014-07-11,2014,192,27.02,20.1,23.19,65.23,6.58,1.57,19.18
2014-07-12,2014,193,29.81,19.38,24.21,60.1,3.64,0.0,27.75
2014-07-13,2014,194,30.32,19.57,24.5,57.12,2.08,0.0,26.4
2014-07-14,2014,195,31.24,20.28,24.8,58.34,2.42,0.01,25.15
2014-07-15,2014,196,29.13,19.75,24.32,62.53,4.11,0.0,27.67
2014-07-16,2014,197,29.86,19.47,24.52,65.19,3.73,0.0,27.6
2014-07-17,2014,198,30.42,19.79,24.96,67.15,3.49,0.0,25.75
2014-07-18,2014,199,32.5,20.16,26.29,60.3,2.48,0.0,27.78
2014-07-19,2014,200,36.32,20.77,28.54,42.69,2.83,0.0,27.56
2014-07-20,2014,201,40.24,22.18,30.16,46.47,2.56,0.0,26.18
2014-07-21,2014,202,30.17,21.85,26.0,64.12,5.08,0.0,22.74
2014-07-22,2014,203,29.62,20.81,24.99,59.82,6.05,0.0,25.83
2014-07-23,2014,204,30.3,21.76,25.63,61.48,4.73,0.0,25.84
2014-07-24,2014,205,34.41,20.33,27.22,55.7,2.22,0.0,26.81
2014-07-25,2014,206,39.11,22.95,30.57,53.79,3.91,0.19,22.63
2014-07-26,2014,207,35.82,23.18,28.91,57.02,4.64,5.52,23.71
2014-07-27,2014,208,32.18,21.74,26.67,59.3,4.27,0.0,26.9
2014-07-28,2014,209,32.36,22.26,26.8,56.48,3.42,0.0,25.84
2014-07-29,2014,210,38.64,22.97,28.83,54.19,5.16,1.5,25.2
2014-07-30,2014,211,28.88,21.45,25.01,57.36,5.81,0.0,25.51
2014-07-31,2014,212,30.68,20.2,25.3,63.05,4.45,0.0,27.45
2014-08-01,2014,213,32.66,20.25,26.11,57.8,2.92,0.0,27.53
2014-08-02,2014,214,36.42,21.69,28.87,47.44,3.63,0.0,24.92
2014-08-03,2014,215,34.57,22.78,27.66,56.29,2.8,0.0,25.18
2014-08-04,2014,216,34.08,21.76,27.11,60.7,2.23,0.0,24.78
2014-08-05,2014,217,33.52,21.99,27.26,59.63,2.45,0.0,24.95
2014-08-06,2014,218,30.64,22.8,26.2,61.37,5.67,0.0,25.84
2014-08-07,2014,219,30.61,21.26,25.6,62.78,4.71,0.0,25.81
2014-08-08,2014,220,32.94,21.69,26.86,61.91,3.15,0.0,25.11
2014-08-09,2014,221,38.27,21.58,29.58,47.83,3.78,0.0,25.56
2014-08-10,2014,222,39.64,23.85,31.11,46.7,4.31,0.0,24.11
2014-08-11,2014,223,39.97,24.65,30.92,47.85,2.77,0.0,24.68
2014-08-12,2014,224,36.22,22.98,29.17,60.51,1.96,0.0,24.67
2014-08-13,2014,225,40.57,23.91,29.77,57.54,3.59,0.0,25.43
2014-08-14,2014,226,31.74,23.85,27.02,62.66,4.26,0.02,24.59
2014-08-15,2014,227,30.15,22.6,25.95,51.04,3.57,0.0,25.34
2014-08-16,2014,228,30.66,21.89,25.71,57.08,2.66,0.25,20.37
2014-08-17,2014,229,29.55,21.76,25.0,51.97,3.82,0.01,22.98
2014-08-18,2014,230,35.36,20.46,27.33,46.5,3.06,0.0,24.24
2014-08-19,2014,231,38.69,23.39,29.72,54.56,4.1,0.09,22.14
2014-08-20,2014,232,33.81,23.74,27.19,71.65,1.84,2.56,17.84
2014-08-21,2014,233,32.96,22.72,27.04,59.48,2.84,0.65,22.0
2014-08-22,2014,234,34.22,22.39,27.37,59.29,2.17,0.0,24.03
2014-08-23,2014,235,35.74,22.88,28.18,57.1,4.04,0.0,22.14
2014-08-24,2014,236,29.18,21.85,25.52,61.51,4.85,0.0,21.19
2014-08-25,2014,237,30.96,20.01,24.89,60.03,3.02,0.0,23.92
2014-08-26,2014,238,37.05,19.47,27.83,52.83,3.09,0.0,23.86
2014-08-27,2014,239,35.52,22.54,28.33,53.43,2.45,0.0,23.12
2014-08-28,2014,240,33.81,21.71,27.16,59.11,3.94,0.0,23.45
2014-08-29,2014,241,31.93,21.3,26.1,68.49,3.18,0.0,24.06
2014-08-30,2014,242,34.99,20.83,27.6,58.74,2.38,0.16,21.73
2014-08-31,2014,243,36.47,22.15,27.76,60.83,2.69,1.13,21.01
2014-09-01,2014,244,30.54,22.39,25.84,61.65,7.36,0.0,22.43
2014-09-02,2014,245,28.67,21.08,24.49,60.8,6.11,0.0,23.19
2014-09-03,2014,246,29.53,20.0,24.28,59.85,3.39,0.0,22.75
2014-09-04,2014,247,31.92,20.0,25.1,58.06,2.23,0.0,22.38
2014-09-05,2014,248,31.54,20.73,25.2,58.7,2.19,0.0,21.36
2014-09-06,2014,249,31.11,19.97,25.11,64.19,3.02,0.0,20.61
2014-09-07,2014,250,32.57,20.53,25.87,65.85,2.52,0.0,21.35
2014-09-08,2014,251,29.04,22.03,24.65,72.77,2.48,3.53,8.69
2014-09-09,2014,252,33.77,20.72,26.93,57.37,1.95,0.05,19.82
2014-09-10,2014,253,29.57,23.34,25.62,61.19,2.26,0.32,8.28
2014-09-11,2014,254,31.53,21.23,25.91,68.22,2.31,1.25,20.41
2014-09-12,2014,255,32.13,21.37,26.14,66.32,2.76,0.94,19.64
2014-09-13,2014,256,31.27,21.48,25.67,70.22,2.81,0.21,19.89
2014-09-14,2014,257,33.16,20.54,25.93,61.67,2.04,0.0,19.55
2014-09-15,2014,258,35.79,21.64,27.65,64.0,1.61,0.76,18.22
2014-09-16,2014,259,34.92,22.76,27.48,65.87,2.36,0.64,20.37
2014-09-17,2014,260,33.35,23.08,27.14,68.17,3.35,0.21,15.47
2014-09-18,2014,261,35.46,24.79,28.97,58.4,5.41,0.1,11.15
2014-09-19,2014,262,38.88,26.08,30.89,52.01,5.04,0.01,17.33
2014-09-20,2014,263,34.65,25.03,28.38,68.05,2.76,0.14,13.06
2014-09-21,2014,264,35.81,24.51,29.37,51.77,2.13,0.08,16.96
2014-09-22,2014,265,35.63,23.97,28.28,60.01,2.2,0.2,14.27
2014-09-23,2014,266,30.03,22.32,25.88,67.55,4.03,1.74,15.81
2014-09-24,2014,267,32.04,20.62,25.45,67.1,3.12,10.86,17.93
2014-09-25,2014,268,28.52,22.14,24.51,72.09,2.58,3.43,12.44
2014-09-26,2014,269,25.52,19.12,22.32,66.44,3.65,0.01,15.66
2014-09-27,2014,270,27.35,18.69,22.5,67.76,3.1,0.03,18.09
2014-09-28,2014,271,28.51,18.66,23.08,59.31,3.43,0.0,18.66
2014-09-29,2014,272,29.47,18.67,23.69,67.55,4.48,0.0,18.89
2014-09-30,2014,273,30.38,20.18,24.53,64.05,4.77,0.03,18.9
2014-10-01,2014,274,32.44,19.65,25.4,61.95,2.1,0.24,17.46
2014-10-02,2014,275,26.14,22.07,23.6,71.55,1.71,1.49,15.37
2014-10-03,2014,276,23.5,20.42,21.79,81.26,1.19,12.2,8.68
2014-10-04,2014,277,21.33,19.22,20.31,86.23,2.34,11.7,11.77
2014-10-05,2014,278,23.59,18.55,20.66,78.31,3.24,9.96,12.81
2014-10-06,2014,279,25.09,18.3,21.22,71.82,2.14,2.74,16.21
2014-10-07,2014,280,30.75,15.81,22.75,60.66,2.53,0.0,17.37
2014-10-08,2014,281,33.09,17.36,24.45,58.46,2.9,0.0,16.71
2014-10-09,2014,282,33.68,18.62,25.0,61.23,3.15,0.0,16.37
2014-10-10,2014,283,33.91,18.13,24.85,60.6,3.0,0.0,15.63
2014-10-11,2014,284,32.66,20.42,24.97,64.21,2.08,0.08,14.99
2014-10-12,2014,285,34.6,20.09,26.39,58.69,3.01,0.02,14.26
2014-10-13,2014,286,29.1,20.45,24.46,60.9,3.42,0.04,14.19
2014-10-14,2014,287,34.96,19.09,25.08,62.47,3.96,0.08,10.35
2014-10-15,2014,288,26.52,19.61,22.79,65.86,3.05,0.71,9.38
2014-10-16,2014,289,27.71,19.14,22.82,67.96,1.53,0.0,15.16
2014-10-17,2014,290,31.97,18.8,24.2,64.09,2.68,0.0,15.41
2014-10-18,2014,291,31.95,18.23,23.76,62.16,1.63,0.0,15.88
2014-10-19,2014,292,28.98,19.2,22.9,75.17,1.79,0.0,15.73
2014-10-20,2014,293,27.42,18.77,21.78,77.53,1.45,0.04,15.52
2014-10-21,2014,294,28.35,15.58,21.44,75.26,3.17,0.0,15.45
2014-10-22,2014,295,24.08,18.19,20.71,66.27,8.84,0.46,12.34
2014-10-23,2014,296,21.29,17.63,19.15,58.37,7.7,0.64,12.49
2014-10-24,2014,297,23.66,16.85,19.79,65.46,5.18,0.09,13.89
2014-10-25,2014,298,25.41,15.17,19.45,69.96,2.16,0.0,14.96
2014-10-26,2014,299,24.08,17.04,19.65,76.37,2.29,1.24,11.88
2014-10-27,2014,300,21.04,16.83,18.58,75.92,1.24,2.14,12.03
2014-10-28,2014,301,22.28,14.63,17.87,72.33,1.17,0.58,13.61
2014-10-29,2014,302,23.63,14.05,18.49,69.88,1.3,0.43,13.0
2014-10-30,2014,303,22.81,14.46,18.02,73.18,2.29,0.25,12.29
2014-10-31,2014,304,22.38,14.7,17.88,73.25,2.83,0.16,11.66
2014-11-01,2014,305,22.09,16.14,18.26,64.69,1.86,0.02,12.55
2014-11-02,2014,306,22.8,13.09,17.34,67.06,1.37,0.03,12.56
2014-11-03,2014,307,25.33,11.4,17.48,60.98,3.62,0.0,12.68
2014-11-04,2014,308,26.51,12.27,18.49,55.84,4.87,0.0,12.36
2014-11-05,2014,309,23.86,13.83,18.29,63.04,2.9,0.11,10.36
2014-11-06,2014,310,16.18,13.66,14.81,84.68,3.41,31.69,4.28
2014-11-07,2014,311,19.13,14.57,16.55,68.03,8.96,8.99,3.52
2014-11-08,2014,312,21.51,14.78,18.09,71.76,5.87,0.67,11.02
2014-11-09,2014,313,25.34,12.35,18.24,72.23,3.3,0.0,12.3
2014-11-10,2014,314,22.08,14.49,17.77,73.93,4.04,0.07,7.84
2014-11-11,2014,315,20.82,14.34,17.71,89.31,3.26,5.25,6.67
2014-11-12,2014,316,21.14,12.88,16.64,79.53,4.51,1.49,12.31
2014-11-13,2014,317,21.64,14.19,17.06,79.48,4.55,0.46,10.81
2014-11-14,2014,318,25.35,12.13,17.96,71.8,2.14,0.0,11.94
2014-11-15,2014,319,26.34,13.41,18.6,64.41,2.85,0.09,11.41
2014-11-16,2014,320,20.72,14.56,16.96,72.58,3.23,0.03,10.28
2014-11-17,2014,321,23.51,11.92,17.18,66.79,2.15,0.0,10.3
2014-11-18,2014,322,21.61,14.18,16.98,77.27,2.21,0.03,10.36
2014-11-19,2014,323,23.55,11.71,16.11,80.53,1.85,0.0,11.43
2014-11-20,2014,324,23.23,12.46,16.87,85.29,2.36,0.01,10.74
2014-11-21,2014,325,25.33,11.87,17.46,69.98,1.72,0.0,11.17
2014-11-22,2014,326,25.15,14.89,18.35,73.48,1.96,0.0,10.66
2014-11-23,2014,327,26.41,13.87,19.11,70.33,4.12,0.0,8.63
2014-11-24,2014,328,25.87,14.5,19.02,59.67,2.11,0.0,8.77
2014-11-25,2014,329,22.42,14.28,17.4,67.83,2.18,0.02,3.47
2014-11-26,2014,330,23.32,13.86,17.77,70.33,2.44,0.1,9.65
2014-11-27,2014,331,22.73,12.52,17.07,78.56,3.27,0.05,9.65
2014-11-28,2014,332,24.99,13.49,17.59,60.3,4.24,0.0,9.09
2014-11-29,2014,333,23.01,15.72,18.26,59.25,5.07,0.02,2.89
2014-11-30,2014,334,25.81,15.52,19.23,55.17,5.16,1.28,6.52
2014-12-01,2014,335,21.93,12.03,16.19,57.96,4.49,0.0,9.22
2014-12-02,2014,336,21.75,12.03,15.77,68.25,3.15,0.23,10.01
2014-12-03,2014,337,19.55,12.67,15.44,83.33,3.1,0.74,9.31
2014-12-04,2014,338,22.27,11.69,15.67,71.94,2.46,0.04,10.31
2014-12-05,2014,339,18.73,11.45,14.47,75.86,3.58,1.44,10.3
2014-12-06,2014,340,17.73,11.19,14.15,73.55,3.96,0.66,9.46
2014-12-07,2014,341,14.74,9.77,11.87,82.85,4.62,4.74,9.98
2014-12-08,2014,342,15.67,12.31,13.98,70.59,6.91,3.84,6.53
2014-12-09,2014,343,14.11,10.69,12.21,79.91,4.85,11.98,5.24
2014-12-10,2014,344,16.74,11.54,14.02,70.77,5.33,2.03,5.97
2014-12-11,2014,345,16.2,12.49,14.09,68.76,6.25,4.07,5.61
2014-12-12,2014,346,17.59,10.87,14.61,67.06,4.26,0.33,7.13
2014-12-13,2014,347,18.99,6.86,12.57,67.0,2.27,0.0,10.43
2014-12-14,2014,348,19.01,5.49,11.76,66.05,2.87,0.01,8.92
2014-12-15,2014,349,19.64,8.98,13.12,67.29,3.14,0.0,8.01
2014-12-16,2014,350,18.03,8.61,12.44,75.78,3.3,0.5,9.76
2014-12-17,2014,351,15.92,11.3,13.39,83.22,5.47,5.3,6.14
2014-12-18,2014,352,16.09,12.42,13.73,85.07,4.36,9.33,3.13
2014-12-19,2014,353,17.8,11.83,13.94,83.59,2.11,0.6,9.12
2014-12-20,2014,354,18.22,13.29,15.36,80.5,5.28,1.66,8.17
2014-12-21,2014,355,16.75,13.12,14.52,74.51,5.01,0.51,7.65
2014-12-22,2014,356,16.85,11.97,14.0,71.05,1.54,0.26,8.91
2014-12-23,2014,357,17.58,7.44,12.13,70.88,1.34,0.0,10.01
2014-12-24,2014,358,16.89,7.58,11.89,66.57,1.1,0.0,10.05
2014-12-25,2014,359,15.3,7.87,11.86,76.17,3.0,0.12,7.43
2014-12-26,2014,360,15.61,12.68,13.95,71.24,7.11,2.01,7.99
2014-12-27,2014,361,15.05,11.26,12.9,74.61,5.13,2.47,8.58
2014-12-28,2014,362,16.01,9.34,11.61,77.55,6.85,12.37,6.83
2014-12-29,2014,363,12.67,8.54,10.02,68.13,4.95,2.2,7.04
2014-12-30,2014,364,11.53,6.73,8.75,63.34,7.12,3.74,5.26
2014-12-31,2014,365,8.17,4.83,6.6,66.96,7.33,19.61,4.02
2015-01-01,2015,1,12.66,4.76,8.9,71.07,5.33,3.99,4.39
2015-01-02,2015,2,13.62,7.76,10.07,70.86,3.09,0.15,8.87
2015-01-03,2015,3,16.79,7.51,12.25,81.55,5.56,0.01,10.17
2015-01-04,2015,4,17.88,11.26,14.1,80.55,7.69,0.13,9.72
2015-01-05,2015,5,16.62,10.08,12.97,76.63,3.59,0.25,10.5
2015-01-06,2015,6,15.66,4.56,9.66,82.23,2.06,0.0,10.24
2015-01-07,2015,7,16.0,8.71,11.78,82.11,1.67,0.0,9.75
2015-01-08,2015,8,16.48,8.58,11.47,85.05,2.07,0.0,8.55
2015-01-09,2015,9,16.46,8.83,12.84,77.25,4.87,0.0,8.59
2015-01-10,2015,10,17.97,12.12,14.44,80.71,7.1,0.0,10.44
2015-01-11,2015,11,18.94,11.22,14.07,81.43,5.83,0.35,10.82
2015-01-12,2015,12,16.87,9.23,12.63,78.02,4.15,0.03,11.05
2015-01-13,2015,13,19.33,5.38,11.14,68.95,2.42,0.0,11.28
2015-01-14,2015,14,19.61,8.25,12.76,77.03,2.75,0.21,10.39
2015-01-15,2015,15,20.4,7.94,12.7,75.3,2.12,0.35,10.9
2015-01-16,2015,16,21.59,10.91,14.93,69.81,2.75,0.25,10.37
2015-01-17,2015,17,17.03,9.07,12.49,78.26,3.11,0.13,9.09
2015-01-18,2015,18,11.99,7.88,10.63,85.47,3.03,10.52,5.18
2015-01-19,2015,19,14.08,5.53,9.29,75.96,2.9,0.01,8.61
2015-01-20,2015,20,15.83,4.57,9.27,70.54,2.27,0.36,11.28
2015-01-21,2015,21,15.43,7.07,10.59,76.67,1.91,0.78,10.85
2015-01-22,2015,22,13.89,4.8,8.62,75.79,2.74,0.35,9.31
2015-01-23,2015,23,12.78,8.34,10.63,82.3,6.39,5.47,8.81
2015-01-24,2015,24,12.63,10.25,11.12,80.91,7.33,7.89,7.58
2015-01-25,2015,25,11.36,7.03,9.22,78.72,3.19,3.6,7.25
2015-01-26,2015,26,11.31,7.96,9.78,89.17,3.98,18.14,8.14
2015-01-27,2015,27,12.93,8.66,10.83,78.18,5.44,7.22,9.47
2015-01-28,2015,28,12.93,7.5,10.23,69.03,5.26,4.14,7.22
2015-01-29,2015,29,13.93,6.83,10.01,81.0,3.81,1.0,7.83
2015-01-30,2015,30,17.61,7.59,12.47,81.6,6.06,8.25,5.96
2015-01-31,2015,31,18.38,10.92,14.55,80.71,7.22,3.57,9.1
2015-02-01,2015,32,12.12,8.24,10.19,75.15,7.04,6.08,9.53
2015-02-02,2015,33,11.6,7.07,8.73,71.13,5.08,2.48,11.09
2015-02-03,2015,34,15.93,4.52,10.03,73.22,4.66,0.47,12.9
2015-02-04,2015,35,19.12,5.61,11.52,70.08,4.16,0.52,13.11
2015-02-05,2015,36,11.53,6.11,8.25,74.75,4.93,1.4,7.29
2015-02-06,2015,37,12.04,5.85,8.61,69.04,6.14,0.88,12.94
2015-02-07,2015,38,11.32,4.47,7.36,75.06,4.05,0.48,13.4
2015-02-08,2015,39,11.68,5.15,8.73,79.04,5.65,4.66,10.58
2015-02-09,2015,40,10.46,5.65,8.6,68.06,6.29,3.76,10.39
2015-02-10,2015,41,14.69,5.82,9.81,75.22,3.86,0.0,13.54
2015-02-11,2015,42,17.0,6.1,10.51,80.67,1.62,0.0,14.32
2015-02-12,2015,43,16.68,6.24,10.36,78.86,2.16,0.01,14.5
2015-02-13,2015,44,15.93,7.18,10.81,81.25,1.98,0.19,7.15
2015-02-14,2015,45,14.33,7.0,10.46,86.69,2.89,0.49,10.82
2015-02-15,2015,46,15.28,8.35,11.28,77.87,2.16,0.44,9.89
2015-02-16,2015,47,14.0,7.48,10.26,81.47,3.17,7.14,4.48
2015-02-17,2015,48,14.49,7.02,9.97,79.51,1.7,4.91,10.95
2015-02-18,2015,49,12.76,7.1,9.79,86.74,1.5,1.77,11.46
2015-02-19,2015,50,13.92,7.71,10.65,88.46,3.3,3.61,9.86
2015-02-20,2015,51,14.6,7.1,10.51,80.26,3.11,0.47,11.49
2015-02-21,2015,52,15.09,9.69,12.04,87.51,3.33,8.37,7.11
2015-02-22,2015,53,13.03,9.09,10.44,86.39,5.41,11.11,7.92
2015-02-23,2015,54,13.91,10.36,11.94,77.07,7.32,5.23,13.18
2015-02-24,2015,55,15.15,9.88,11.55,78.01,7.85,2.3,9.08
2015-02-25,2015,56,11.61,9.15,10.3,76.59,8.17,29.01,8.8
2015-02-26,2015,57,13.65,10.27,11.4,84.31,4.52,13.64,12.18
2015-02-27,2015,58,14.06,9.12,11.24,79.63,3.57,3.02,11.97
2015-02-28,2015,59,12.0,7.74,9.83,83.85,3.16,4.6,6.6
2015-03-01,2015,60,14.6,6.83,10.27,82.14,4.04,1.28,12.54
2015-03-02,2015,61,18.89,7.66,12.88,80.4,3.32,0.0,16.79
2015-03-03,2015,62,20.44,11.12,14.75,78.95,2.86,0.0,16.71
2015-03-04,2015,63,23.86,10.36,15.67,78.86,2.77,0.31,16.83
2015-03-05,2015,64,12.4,9.46,10.53,67.49,9.78,2.23,13.31
2015-03-06,2015,65,12.38,9.44,10.48,63.97,7.6,1.49,10.14
2015-03-07,2015,66,12.39,7.48,10.1,65.04,6.2,1.59,7.8
2015-03-08,2015,67,11.18,7.55,9.28,84.52,3.92,22.37,9.77
2015-03-09,2015,68,12.87,8.17,10.16,82.36,3.6,12.31,8.63
2015-03-10,2015,69,13.91,6.85,10.11,81.02,2.82,0.3,15.17
2015-03-11,2015,70,16.15,7.71,11.41,80.86,3.84,0.21,14.41
2015-03-12,2015,71,17.74,7.81,11.91,77.77,3.76,0.08,16.25
2015-03-13,2015,72,15.76,7.56,10.92,69.84,2.12,0.0,18.18
2015-03-14,2015,73,18.02,5.04,11.62,75.5,3.0,0.09,17.49
2015-03-15,2015,74,13.88,8.08,11.63,88.4,2.71,1.16,7.22
2015-03-16,2015,75,17.04,8.95,12.87,89.88,2.67,1.25,6.5
2015-03-17,2015,76,15.48,7.98,11.43,80.0,2.92,0.06,16.22
2015-03-18,2015,77,17.38,6.26,11.62,80.39,1.99,0.0,20.4
2015-03-19,2015,78,18.7,7.4,12.52,79.99,4.22,0.02,17.62
2015-03-20,2015,79,18.03,9.98,13.78,80.32,6.33,0.18,14.06
2015-03-21,2015,80,14.94,12.81,13.66,85.37,6.48,0.47,5.68
2015-03-22,2015,81,19.71,10.04,14.12,82.51,4.19,0.52,17.94
2015-03-23,2015,82,21.62,8.63,14.35,79.16,2.75,0.15,19.17
2015-03-24,2015,83,17.58,11.54,14.09,91.34,4.96,30.39,7.62
2015-03-25,2015,84,20.86,10.48,14.51,76.79,3.74,0.19,19.48
2015-03-26,2015,85,15.06,10.91,12.54,85.09,5.22,9.88,10.29
2015-03-27,2015,86,14.42,11.48,12.64,70.65,9.54,0.25,14.68
2015-03-28,2015,87,17.56,10.52,13.83,76.09,7.26,0.02,19.55
2015-03-29,2015,88,17.68,9.95,13.59,80.19,6.54,0.06,19.83
2015-03-30,2015,89,19.32,12.14,15.45,76.23,7.31,0.0,17.18
2015-03-31,2015,90,19.44,13.05,15.71,79.36,7.35,0.0,21.01
2015-04-01,2015,91,18.09,11.1,14.34,76.01,7.5,0.0,20.55
2015-04-02,2015,92,16.68,10.78,13.43,70.38,7.14,0.0,14.71
2015-04-03,2015,93,17.75,9.15,13.47,78.83,5.67,0.0,22.57
2015-04-04,2015,94,22.09,8.09,13.42,79.84,2.59,0.0,19.95
2015-04-05,2015,95,18.22,9.38,13.62,78.44,4.24,0.01,21.67
2015-04-06,2015,96,16.66,8.42,12.15,73.65,3.66,0.06,18.15
2015-04-07,2015,97,15.06,7.6,10.89,60.59,4.68,0.0,20.19
2015-04-08,2015,98,15.2,7.72,10.95,65.5,4.18,0.01,20.26
2015-04-09,2015,99,17.15,7.32,11.84,69.76,2.37,0.0,22.02
2015-04-10,2015,100,21.28,6.41,13.72,67.17,3.69,0.0,22.58
2015-04-11,2015,101,23.32,7.46,15.05,65.96,3.22,0.0,22.58
2015-04-12,2015,102,22.77,9.36,15.6,64.37,2.58,0.0,23.59
2015-04-13,2015,103,20.34,11.14,14.84,76.85,1.9,0.0,23.9
2015-04-14,2015,104,21.75,7.74,14.62,69.82,1.35,0.0,22.7
2015-04-15,2015,105,24.34,8.53,15.93,58.56,2.7,0.0,22.01
2015-04-16,2015,106,27.6,9.08,18.04,64.36,2.21,0.0,23.52
2015-04-17,2015,107,25.88,13.26,18.36,66.6,2.43,0.0,22.86
2015-04-18,2015,108,25.52,12.27,18.13,70.35,2.37,0.09,22.74
2015-04-19,2015,109,22.93,13.24,17.81,75.56,2.94,0.01,21.28
2015-04-20,2015,110,22.7,11.81,16.45,77.81,2.25,0.02,19.85
2015-04-21,2015,111,20.49,11.36,15.53,79.32,2.76,0.0,20.94
2015-04-22,2015,112,23.46,11.16,17.07,65.32,2.72,0.0,19.36
2015-04-23,2015,113,28.23,13.54,19.75,66.44,2.58,0.0,21.59
2015-04-24,2015,114,22.91,14.23,18.26,72.27,2.45,0.01,21.33
2015-04-25,2015,115,24.16,12.95,17.9,69.51,1.91,0.0,21.23
2015-04-26,2015,116,25.16,14.31,18.63,70.24,4.01,0.05,17.61
2015-04-27,2015,117,21.63,14.16,17.51,74.34,4.37,2.14,17.8
2015-04-28,2015,118,22.35,12.59,16.95,70.43,5.71,0.03,24.02
2015-04-29,2015,119,23.46,11.12,16.85,67.11,2.14,0.02,24.78
2015-04-30,2015,120,23.17,11.19,16.93,67.39,1.98,0.0,24.11
2015-05-01,2015,121,29.14,10.99,20.42,60.05,1.58,0.0,27.15
2015-05-02,2015,122,29.21,15.73,21.54,57.51,2.31,0.0,24.27
2015-05-03,2015,123,35.48,15.7,24.83,52.54,1.72,0.0,26.52
2015-05-04,2015,124,37.2,18.73,26.42,51.64,2.52,0.0,26.8
2015-05-05,2015,125,34.08,19.16,25.49,49.68,2.51,0.0,25.77
2015-05-06,2015,126,29.74,17.28,22.55,68.71,2.78,0.0,23.08
2015-05-07,2015,127,27.29,16.91,21.25,69.37,3.36,0.0,25.87
2015-05-08,2015,128,33.05,15.34,22.57,63.55,2.96,0.0,26.45
2015-05-09,2015,129,25.09,16.59,20.36,70.92,6.41,0.0,26.57
2015-05-10,2015,130,25.42,16.27,20.22,68.6,5.66,0.0,26.59
2015-05-11,2015,131,26.93,14.2,20.19,67.93,2.23,0.03,26.21
2015-05-12,2015,132,27.78,15.37,21.0,57.26,1.73,0.0,26.75
2015-05-13,2015,133,28.68,14.62,21.51,52.27,1.59,0.0,27.94
2015-05-14,2015,134,33.64,15.86,25.24,40.77,1.99,0.0,25.59
2015-05-15,2015,135,34.0,17.22,23.1,47.73,5.72,0.02,21.65
2015-05-16,2015,136,20.22,14.5,16.99,70.77,4.34,7.19,17.59
2015-05-17,2015,137,21.7,13.78,17.5,76.21,5.27,6.89,17.21
2015-05-18,2015,138,25.36,16.91,20.58,74.39,5.17,0.67,25.57
2015-05-19,2015,139,32.9,14.99,24.01,52.24,1.75,0.0,26.5
2015-05-20,2015,140,29.47,16.95,22.04,61.99,3.91,1.17,22.41
2015-05-21,2015,141,18.57,14.17,16.49,65.76,6.11,1.66,17.85
2015-05-22,2015,142,20.77,13.72,17.14,58.47,7.05,0.03,22.56
2015-05-23,2015,143,22.41,12.81,17.48,62.33,4.22,0.0,23.35
2015-05-24,2015,144,24.41,12.26,18.35,64.29,3.14,0.0,26.16
2015-05-25,2015,145,24.53,14.68,19.27,65.4,1.86,0.38,23.86
2015-05-26,2015,146,23.02,15.89,18.41,73.49,5.0,2.46,15.64
2015-05-27,2015,147,22.61,15.22,18.58,70.29,6.33,1.18,22.05
2015-05-28,2015,148,23.95,14.69,18.84,69.39,4.13,0.03,26.64
2015-05-29,2015,149,28.99,12.72,21.15,57.81,3.66,0.01,28.61
2015-05-30,2015,150,25.15,17.53,20.77,73.41,2.34,0.16,21.89
2015-05-31,2015,151,26.2,16.24,20.75,71.9,2.58,0.18,27.36
2015-06-01,2015,152,27.2,14.51,20.93,62.53,1.98,0.0,27.54
2015-06-02,2015,153,26.89,15.76,20.87,61.64,1.86,0.0,25.06
2015-06-03,2015,154,27.89,16.08,21.52,64.77,1.77,0.0,28.48
2015-06-04,2015,155,29.05,17.39,22.55,62.54,2.1,0.04,27.57
2015-06-05,2015,156,28.88,17.34,22.52,67.56,1.84,0.36,25.19
2015-06-06,2015,157,29.22,16.88,22.83,65.66,2.07,0.41,25.84
2015-06-07,2015,158,31.49,17.79,24.46,56.89,1.99,0.06,24.75
2015-06-08,2015,159,32.48,18.96,25.44,53.17,2.0,0.0,27.36
2015-06-09,2015,160,32.36,19.27,25.7,53.68,1.92,0.0,27.56
2015-06-10,2015,161,33.46,19.85,26.19,59.97,3.81,0.04,25.76
2015-06-11,2015,162,34.46,20.27,26.55,61.3,4.04,0.07,24.57
2015-06-12,2015,163,33.04,21.09,26.07,56.88,6.2,0.0,22.19
2015-06-13,2015,164,32.42,19.1,24.94,66.0,3.06,0.26,25.08
2015-06-14,2015,165,30.2,19.54,24.22,63.47,2.93,0.05,26.41
2015-06-15,2015,166,30.03,19.29,23.79,64.81,2.53,0.14,26.4
2015-06-16,2015,167,28.06,18.98,23.21,67.7,3.36,0.38,26.65
2015-06-17,2015,168,27.01,19.51,22.86,65.83,6.08,0.18,25.83
2015-06-18,2015,169,27.62,19.25,22.88,64.45,5.46,0.09,27.06
2015-06-19,2015,170,27.84,17.65,22.78,66.47,5.34,0.01,26.38
2015-06-20,2015,171,27.8,18.91,22.9,65.11,6.67,0.09,27.56
2015-06-21,2015,172,27.76,18.97,22.86,64.55,6.01,0.41,27.13
2015-06-22,2015,173,31.81,17.36,24.66,57.56,2.07,0.0,28.4
2015-06-23,2015,174,36.54,18.92,28.09,44.85,2.35,0.0,27.27
2015-06-24,2015,175,34.01,21.36,26.88,54.22,2.82,0.2,23.94
2015-06-25,2015,176,29.55,19.83,24.38,73.14,3.41,0.08,26.03
2015-06-26,2015,177,29.25,20.04,24.1,68.7,3.82,0.06,26.91
2015-06-27,2015,178,30.28,19.56,24.56,60.05,3.99,0.0,28.34
2015-06-28,2015,179,32.32,19.26,25.58,60.99,4.12,0.01,27.37
2015-06-29,2015,180,31.43,20.21,25.41,67.1,3.0,0.0,25.47
2015-06-30,2015,181,32.94,20.59,26.34,52.46,2.05,0.0,25.45
2015-07-01,2015,182,34.65,19.77,27.38,50.51,3.13,0.0,27.69
2015-07-02,2015,183,33.99,20.45,27.23,53.65,3.4,0.0,28.9
2015-07-03,2015,184,33.36,20.27,26.81,54.56,2.64,0.01,28.53
2015-07-04,2015,185,32.18,21.39,26.69,54.96,2.22,0.01,24.75
2015-07-05,2015,186,32.92,22.42,27.66,58.41,1.8,0.0,26.24
2015-07-06,2015,187,35.39,21.84,28.56,43.49,2.1,0.0,24.98
2015-07-07,2015,188,35.98,22.54,29.04,40.84,1.88,0.0,27.64
2015-07-08,2015,189,36.6,22.75,29.52,44.54,2.37,0.0,26.73
2015-07-09,2015,190,31.79,22.97,26.85,61.92,6.6,0.0,27.46
2015-07-10,2015,191,30.75,22.15,25.98,62.32,4.93,0.0,25.66
2015-07-11,2015,192,31.96,20.84,26.23,64.41,1.87,0.0,26.18
2015-07-12,2015,193,33.7,20.57,27.05,63.42,2.59,0.0,26.88
2015-07-13,2015,194,32.95,21.94,27.18,64.45,4.76,0.0,26.61
2015-07-14,2015,195,32.27,22.48,27.01,61.22,5.03,0.0,26.54
2015-07-15,2015,196,33.38,21.03,26.97,63.67,2.51,0.02,24.64
2015-07-16,2015,197,36.43,21.41,29.21,54.66,3.57,0.0,26.36
2015-07-17,2015,198,36.47,23.4,29.79,46.76,3.29,0.0,24.66
2015-07-18,2015,199,37.39,22.12,29.98,46.04,2.8,0.0,27.08
2015-07-19,2015,200,39.05,23.59,30.99,42.67,1.97,0.01,25.79
2015-07-20,2015,201,34.13,23.29,28.17,63.52,3.08,0.19,26.24
2015-07-21,2015,202,35.94,22.94,28.93,60.65,2.16,0.17,24.58
2015-07-22,2015,203,35.24,23.41,28.97,60.33,2.42,0.15,23.53
2015-07-23,2015,204,33.73,24.05,28.65,61.52,4.21,1.61,24.37
2015-07-24,2015,205,33.05,24.36,28.15,63.35,3.93,2.59,25.03
2015-07-25,2015,206,33.33,22.94,27.92,61.59,2.72,0.02,24.1
2015-07-26,2015,207,34.31,22.88,28.04,61.33,3.39,0.0,25.02
2015-07-27,2015,208,34.78,22.32,28.09,58.58,3.22,0.0,26.47
2015-07-28,2015,209,33.8,23.51,28.23,62.8,4.24,0.0,26.57
2015-07-29,2015,210,36.63,23.65,29.4,57.69,3.15,0.0,26.7
2015-07-30,2015,211,43.25,23.77,32.58,43.91,1.98,0.0,25.63
2015-07-31,2015,212,37.85,27.16,31.51,51.34,3.1,0.54,24.17
2015-08-01,2015,213,40.56,25.91,31.98,50.57,2.57,0.23,24.37
2015-08-02,2015,214,39.91,25.81,30.94,53.05,3.57,1.86,22.99
2015-08-03,2015,215,34.6,23.13,28.48,65.82,3.15,2.03,25.83
2015-08-04,2015,216,32.85,22.46,27.24,64.37,2.54,0.02,27.14
2015-08-05,2015,217,36.6,22.74,29.05,53.98,1.77,0.0,26.01
2015-08-06,2015,218,34.59,24.91,29.11,57.07,2.29,0.0,26.73
2015-08-07,2015,219,35.46,23.48,29.08,61.04,2.32,0.0,23.71
2015-08-08,2015,220,34.39,23.15,28.75,62.64,2.14,0.0,23.51
2015-08-09,2015,221,35.9,24.09,29.44,56.07,2.27,0.09,22.5
2015-08-10,2015,222,32.92,24.58,28.06,63.58,3.16,1.97,13.2
2015-08-11,2015,223,30.52,23.84,26.76,62.39,5.15,1.11,24.18
2015-08-12,2015,224,31.15,24.08,27.18,64.98,4.86,1.9,23.43
2015-08-13,2015,225,32.98,23.22,28.1,62.28,2.98,0.03,24.59
2015-08-14,2015,226,32.76,23.17,27.74,58.43,2.56,0.03,19.55
2015-08-15,2015,227,33.97,22.4,26.9,61.63,2.77,0.48,23.15
2015-08-16,2015,228,29.76,22.09,25.64,64.72,2.86,7.74,15.97
2015-08-17,2015,229,31.85,20.7,25.64,56.79,2.17,0.0,25.53
2015-08-18,2015,230,36.88,21.94,28.89,63.13,3.56,2.9,21.81
2015-08-19,2015,231,30.87,23.56,27.01,67.74,3.43,3.38,21.55
2015-08-20,2015,232,30.11,22.17,25.56,56.94,4.31,0.0,24.48
2015-08-21,2015,233,30.32,21.08,25.08,62.34,3.38,0.0,25.12
2015-08-22,2015,234,32.56,20.82,26.33,54.01,2.04,0.0,23.29
2015-08-23,2015,235,36.34,23.03,29.12,59.46,3.87,0.16,23.05
2015-08-24,2015,236,38.1,23.36,29.96,57.9,2.5,0.25,22.7
2015-08-25,2015,237,32.57,24.19,27.94,62.71,2.35,0.41,21.47
2015-08-26,2015,238,35.42,23.28,28.63,55.82,2.17,0.01,22.19
2015-08-27,2015,239,34.19,24.73,29.06,62.82,3.18,0.22,22.84
2015-08-28,2015,240,34.26,25.19,29.02,63.85,4.22,1.16,22.33
2015-08-29,2015,241,34.63,23.33,28.49,61.24,4.41,0.05,22.51
2015-08-30,2015,242,34.33,21.7,28.0,53.12,4.0,0.0,22.5
2015-08-31,2015,243,35.0,21.1,28.13,46.91,3.59,0.0,22.7
2015-09-01,2015,244,36.19,21.5,28.7,43.08,2.61,0.0,20.74
2015-09-02,2015,245,33.65,23.96,28.29,56.09,1.72,5.31,20.49
2015-09-03,2015,246,37.24,23.47,29.3,57.46,1.66,0.04,20.52
2015-09-04,2015,247,39.09,25.01,31.39,46.47,2.41,0.03,17.7
2015-09-05,2015,248,31.37,24.1,27.14,69.83,3.95,4.8,18.56
2015-09-06,2015,249,29.7,22.33,25.48,61.07,3.34,0.29,14.48
2015-09-07,2015,250,29.17,21.5,24.76,60.63,3.69,0.0,18.54
2015-09-08,2015,251,27.02,20.71,23.17,66.12,1.65,14.79,14.29
2015-09-09,2015,252,25.69,20.63,22.45,78.29,3.61,15.24,16.33
2015-09-10,2015,253,27.82,19.97,23.34,65.61,2.8,0.22,18.98
2015-09-11,2015,254,32.5,18.98,25.59,62.25,2.47,0.07,19.37
2015-09-12,2015,255,34.29,20.61,27.22,61.81,4.56,0.02,20.81
2015-09-13,2015,256,35.31,22.85,28.43,60.35,3.4,0.39,18.23
2015-09-14,2015,257,36.58,22.75,28.08,59.4,3.16,0.28,19.32
2015-09-15,2015,258,37.23,23.65,29.77,54.27,3.79,0.14,17.48
2015-09-16,2015,259,37.96,23.43,30.01,44.3,5.45,0.0,20.18
2015-09-17,2015,260,37.97,23.47,29.81,52.28,3.98,0.22,19.25
2015-09-18,2015,261,35.68,22.58,27.67,65.91,1.48,0.21,18.23
2015-09-19,2015,262,33.23,22.77,26.28,68.67,2.7,0.4,17.28
2015-09-20,2015,263,26.78,21.25,23.56,58.67,7.31,0.26,18.11
2015-09-21,2015,264,26.9,19.47,22.8,61.91,5.61,0.03,19.52
2015-09-22,2015,265,28.5,19.01,22.82,64.47,3.6,0.01,19.53
2015-09-23,2015,266,31.73,17.64,24.15,57.35,2.82,1.98,18.54
2015-09-24,2015,267,25.48,19.67,21.96,57.81,6.13,0.53,18.58
2015-09-25,2015,268,25.62,18.4,21.56,59.02,3.99,0.44,14.32
2015-09-26,2015,269,25.81,18.17,21.39,66.72,2.79,0.52,14.01
2015-09-27,2015,270,25.91,17.53,21.27,69.59,2.38,5.26,15.45
2015-09-28,2015,271,23.81,17.91,20.41,76.71,1.5,13.77,16.09
2015-09-29,2015,272,27.3,17.46,21.7,71.02,1.98,0.75,18.36
2015-09-30,2015,273,29.33,19.31,23.43,72.02,3.48,5.99,15.85
2015-10-01,2015,274,27.76,18.52,22.47,71.6,3.63,10.35,17.64
2015-10-02,2015,275,25.79,17.78,20.98,68.44,3.27,0.35,18.52
2015-10-03,2015,276,28.93,16.43,22.2,63.91,3.37,0.0,17.63
2015-10-04,2015,277,32.53,19.4,24.39,63.94,3.2,0.76,14.47
2015-10-05,2015,278,30.53,20.34,24.53,62.92,3.42,0.0,16.33
2015-10-06,2015,279,33.17,21.42,25.83,60.95,3.03,7.02,9.29
2015-10-07,2015,280,28.4,19.7,23.76,67.94,4.13,0.1,14.88
2015-10-08,2015,281,23.3,18.77,20.52,77.19,1.6,19.72,10.52
2015-10-09,2015,282,27.1,19.51,22.35,75.79,3.36,4.02,8.17
2015-10-10,2015,283,24.03,17.57,20.49,72.77,6.84,1.99,15.83
2015-10-11,2015,284,25.81,17.7,21.16,65.11,3.64,0.02,16.08
2015-10-12,2015,285,30.72,16.38,22.65,61.6,2.21,0.0,16.71
2015-10-13,2015,286,32.33,18.03,24.05,56.17,2.51,0.04,15.65
2015-10-14,2015,287,28.28,18.51,22.03,68.32,2.93,0.5,14.2
2015-10-15,2015,288,23.84,17.99,20.34,78.29,2.83,1.67,11.36
2015-10-16,2015,289,25.36,17.61,20.45,65.69,1.92,0.01,15.76
2015-10-17,2015,290,28.93,17.4,22.38,65.4,2.9,0.0,15.11
2015-10-18,2015,291,30.77,19.19,23.8,62.69,3.08,0.02,14.71
2015-10-19,2015,292,32.14,18.41,24.44,57.8,2.21,0.03,14.82
2015-10-20,2015,293,25.68,20.01,22.44,77.55,2.42,6.54,10.53
2015-10-21,2015,294,25.8,18.4,21.38,79.89,4.77,6.57,10.26
2015-10-22,2015,295,20.01,16.6,17.92,76.27,6.25,10.99,7.21
2015-10-23,2015,296,21.14,15.42,17.9,64.87,5.91,0.11,12.0
2015-10-24,2015,297,22.24,14.77,17.65,69.98,2.22,0.0,13.49
2015-10-25,2015,298,22.91,13.69,17.96,72.37,2.73,0.0,10.45
2015-10-26,2015,299,26.4,14.76,19.76,71.67,2.23,1.32,12.66
2015-10-27,2015,300,26.04,15.58,20.51,71.26,1.55,0.16,12.8
2015-10-28,2015,301,27.88,16.1,21.18,68.81,1.3,0.74,14.5
2015-10-29,2015,302,23.42,16.4,19.61,76.17,4.05,7.21,9.57
2015-10-30,2015,303,21.06,15.22,17.5,73.45,3.69,1.24,12.3
2015-10-31,2015,304,20.3,15.07,17.48,83.03,3.76,19.66,6.31
2015-11-01,2015,305,21.59,15.85,18.42,81.27,2.91,4.34,9.48
2015-11-02,2015,306,23.16,16.44,19.06,78.15,2.07,0.0,11.27
2015-11-03,2015,307,20.79,15.48,17.81,85.64,3.49,0.12,12.24
2015-11-04,2015,308,23.04,14.92,18.83,81.49,2.67,2.15,10.21
2015-11-05,2015,309,22.96,16.12,19.0,83.12,3.11,0.07,9.0
2015-11-06,2015,310,22.29,15.06,17.84,83.12,2.9,0.01,11.85
2015-11-07,2015,311,21.28,14.4,16.97,87.28,2.62,0.19,10.67
2015-11-08,2015,312,21.88,14.35,17.35,82.41,2.0,0.14,11.19
2015-11-09,2015,313,22.34,13.01,16.98,80.27,2.37,0.0,12.2
2015-11-10,2015,314,21.81,13.9,17.34,84.6,3.3,0.19,11.54
2015-11-11,2015,315,22.11,15.35,17.87,83.39,2.36,0.13,9.17
2015-11-12,2015,316,21.6,14.86,17.21,80.84,1.15,0.01,9.66
2015-11-13,2015,317,22.08,14.63,17.21,80.17,1.32,0.0,10.94
2015-11-14,2015,318,21.5,13.92,17.49,76.84,3.08,0.01,10.21
2015-11-15,2015,319,20.5,15.95,17.91,71.95,5.0,0.03,6.45
2015-11-16,2015,320,22.1,15.95,18.36,76.95,3.88,0.03,10.31
2015-11-17,2015,321,21.12,16.36,18.09,77.67,3.85,0.36,8.49
2015-11-18,2015,322,21.23,16.39,18.17,73.37,3.86,0.45,10.39
2015-11-19,2015,323,21.43,15.7,18.13,77.39,4.57,0.64,8.43
2015-11-20,2015,324,21.52,16.75,18.54,75.96,6.88,0.32,8.48
2015-11-21,2015,325,24.67,12.25,18.01,67.19,6.12,0.83,11.24
2015-11-22,2015,326,17.27,11.94,14.44,58.51,3.74,0.11,5.33
2015-11-23,2015,327,17.03,10.13,12.99,68.88,1.56,0.56,8.74
2015-11-24,2015,328,14.38,11.22,12.36,83.34,3.11,14.58,4.92
2015-11-25,2015,329,16.75,11.99,13.85,71.28,7.11,9.87,7.42
2015-11-26,2015,330,15.27,11.72,13.33,72.92,8.14,20.39,5.29
2015-11-27,2015,331,14.02,10.27,12.3,72.39,5.69,3.65,8.77
2015-11-28,2015,332,16.64,12.07,14.02,73.44,5.57,0.88,7.22
2015-11-29,2015,333,16.89,12.58,14.35,72.37,6.16,0.43,9.75
2015-11-30,2015,334,17.86,13.44,15.18,71.62,6.1,0.34,8.73
2015-12-01,2015,335,19.07,12.56,14.95,81.83,4.83,0.1,10.54
2015-12-02,2015,336,18.41,10.74,13.65,85.45,2.21,0.1,11.19
2015-12-03,2015,337,16.43,9.57,12.32,84.42,1.52,0.03,9.58
2015-12-04,2015,338,18.05,10.24,13.3,83.31,1.61,0.0,8.73
2015-12-05,2015,339,17.77,12.04,14.18,79.49,0.94,0.04,8.59
2015-12-06,2015,340,19.33,11.19,14.57,87.98,2.87,0.22,5.26
2015-12-07,2015,341,20.81,9.7,14.47,75.67,2.76,0.02,10.5
2015-12-08,2015,342,19.51,8.04,13.15,74.91,2.06,0.0,10.49
2015-12-09,2015,343,17.81,9.46,12.87,88.66,2.55,0.0,10.06
2015-12-10,2015,344,16.61,10.97,13.58,82.47,3.93,0.08,9.13
2015-12-11,2015,345,17.23,9.76,12.57,81.3,2.73,0.0,10.2
2015-12-12,2015,346,16.67,6.29,10.45,72.07,1.73,0.01,11.03
2015-12-13,2015,347,16.92,5.04,10.68,59.79,1.69,0.0,10.35
2015-12-14,2015,348,16.81,6.91,11.35,83.87,2.26,0.47,8.78
2015-12-15,2015,349,17.43,9.37,12.38,89.31,2.61,0.3,8.75
2015-12-16,2015,350,18.36,10.11,13.6,90.13,2.63,0.53,6.23
2015-12-17,2015,351,17.5,11.41,13.45,84.07,1.57,0.49,7.99
2015-12-18,2015,352,16.62,9.07,12.04,79.46,0.83,0.12,10.12
2015-12-19,2015,353,19.37,6.8,12.07,73.27,1.74,0.0,10.41
2015-12-20,2015,354,17.29,10.63,12.95,83.52,1.88,0.01,8.37
2015-12-21,2015,355,17.39,10.29,12.96,87.9,1.71,0.22,6.78
2015-12-22,2015,356,17.98,10.81,13.73,85.53,1.19,0.05,7.71
2015-12-23,2015,357,19.9,8.88,12.97,81.05,2.77,0.02,10.2
2015-12-24,2015,358,19.27,7.65,12.9,75.08,1.62,0.0,9.07
2015-12-25,2015,359,16.52,10.3,12.83,71.91,1.99,0.0,7.52
2015-12-26,2015,360,17.23,7.2,11.77,70.8,1.58,0.0,9.37
2015-12-27,2015,361,16.34,8.97,12.02,82.81,1.88,0.13,6.03
2015-12-28,2015,362,16.41,9.28,12.2,85.83,1.19,0.2,9.56
2015-12-29,2015,363,17.87,5.77,11.13,85.92,2.27,0.12,10.23
2015-12-30,2015,364,17.12,11.27,13.68,83.43,1.77,17.05,8.37
2015-12-31,2015,365,16.74,10.07,12.88,82.36,1.23,0.36,8.49
2016-01-01,2016,1,17.1,10.48,13.13,88.54,1.79,1.87,6.02
2016-01-02,2016,2,20.51,8.32,13.16,77.11,2.79,0.13,10.18
2016-01-03,2016,3,16.83,11.58,13.71,78.89,4.09,1.86,7.7
2016-01-04,2016,4,20.38,12.84,15.47,84.3,4.99,0.48,6.79
2016-01-05,2016,5,20.52,13.36,15.93,73.09,3.41,0.12,9.44
2016-01-06,2016,6,15.58,11.18,13.32,76.12,6.14,1.05,6.12
2016-01-07,2016,7,16.98,11.77,14.02,77.26,6.91,1.09,6.02
2016-01-08,2016,8,20.4,10.77,15.02,73.83,3.71,0.02,10.96
2016-01-09,2016,9,22.58,9.81,15.47,63.0,2.29,0.0,8.5
2016-01-10,2016,10,19.63,10.48,14.43,74.75,3.64,0.0,10.66
2016-01-11,2016,11,21.55,8.4,13.74,67.92,2.98,0.0,10.72
2016-01-12,2016,12,18.73,11.45,14.59,80.86,5.0,0.51,7.73
2016-01-13,2016,13,16.45,8.97,12.58,72.81,4.11,0.03,9.58
2016-01-14,2016,14,18.77,7.06,12.21,68.89,1.81,0.0,10.95
2016-01-15,2016,15,15.78,9.02,12.11,84.94,3.94,13.65,5.98
2016-01-16,2016,16,10.12,8.78,9.52,65.5,7.97,5.99,7.73
2016-01-17,2016,17,11.15,8.45,9.48,65.62,7.31,3.46,7.84
2016-01-18,2016,18,13.09,7.49,9.95,74.46,3.11,0.38,8.85
2016-01-19,2016,19,14.95,6.91,10.12,76.34,4.97,7.58,6.95
2016-01-20,2016,20,13.47,7.2,10.49,70.66,1.64,0.06,10.02
2016-01-21,2016,21,15.61,4.59,10.06,72.14,1.52,0.04,11.44
2016-01-22,2016,22,15.67,8.28,11.5,79.84,2.15,0.25,10.86
2016-01-23,2016,23,15.5,7.57,11.05,83.27,2.61,0.79,9.59
2016-01-24,2016,24,15.33,9.43,12.09,84.39,3.09,3.15,10.22
2016-01-25,2016,25,15.78,6.78,10.23,75.34,1.64,0.08,11.83
2016-01-26,2016,26,17.85,5.9,10.43,74.0,1.6,0.0,13.1
2016-01-27,2016,27,17.46,7.81,11.19,73.74,1.31,0.0,12.52
2016-01-28,2016,28,18.82,7.12,11.64,74.17,1.81,0.0,11.15
2016-01-29,2016,29,18.01,8.05,11.67,73.87,1.49,0.0,12.35
2016-01-30,2016,30,18.82,7.41,11.7,75.6,1.96,0.17,11.76
2016-01-31,2016,31,17.4,8.98,12.82,86.77,4.29,0.04,10.95
2016-02-01,2016,32,17.4,12.5,14.58,81.61,5.54,0.15,5.25
2016-02-02,2016,33,18.34,9.86,14.19,79.75,2.49,0.06,12.19
2016-02-03,2016,34,19.74,7.38,12.68,81.83,2.68,0.02,12.75
2016-02-04,2016,35,14.4,9.93,12.02,62.07,7.06,0.0,11.61
2016-02-05,2016,36,14.88,9.91,12.4,76.37,4.3,0.18,12.12
2016-02-06,2016,37,18.57,7.8,12.77,67.02,3.76,0.0,13.51
2016-02-07,2016,38,21.87,7.24,13.29,66.86,3.91,4.36,11.87
2016-02-08,2016,39,16.26,10.09,12.68,70.34,5.73,0.92,12.24
2016-02-09,2016,40,19.91,7.96,13.33,71.98,2.57,0.0,14.14
2016-02-10,2016,41,18.47,10.48,13.65,74.87,5.38,0.48,7.22
2016-02-11,2016,42,20.43,12.23,15.45,78.96,4.47,0.66,11.5
2016-02-12,2016,43,20.32,12.92,15.96,76.59,4.43,3.78,10.86
2016-02-13,2016,44,20.1,13.95,16.67,80.94,5.17,2.13,8.62
2016-02-14,2016,45,20.5,14.1,16.06,83.21,2.82,12.94,10.03
2016-02-15,2016,46,18.08,9.7,13.0,72.27,3.33,0.77,14.98
2016-02-16,2016,47,17.11,8.96,12.39,78.14,2.58,0.11,12.32
2016-02-17,2016,48,14.89,8.66,11.44,80.66,4.78,0.37,11.55
2016-02-18,2016,49,15.78,8.61,11.92,71.13,4.65,0.14,13.9
2016-02-19,2016,50,17.65,6.25,11.35,75.3,2.05,0.0,14.49
2016-02-20,2016,51,16.15,7.48,10.98,72.53,3.16,0.01,16.29
2016-02-21,2016,52,17.19,5.61,11.46,70.84,1.83,0.0,16.77
2016-02-22,2016,53,18.81,8.79,13.77,70.34,2.3,0.0,9.23
2016-02-23,2016,54,18.62,11.78,14.22,79.09,5.2,0.72,5.76
2016-02-24,2016,55,18.07,9.2,13.45,78.61,4.74,0.34,15.25
2016-02-25,2016,56,19.7,7.48,12.84,75.1,4.29,0.21,16.05
2016-02-26,2016,57,17.76,10.05,13.37,74.67,3.17,0.13,14.44
2016-02-27,2016,58,18.09,8.18,12.65,63.89,4.33,0.0,9.13
2016-02-28,2016,59,14.43,7.3,11.42,79.72,3.51,0.85,11.35
2016-02-29,2016,60,15.34,5.18,10.53,71.32,4.65,0.92,16.24
2016-03-01,2016,61,12.99,10.22,11.24,75.38,7.03,2.91,7.63
2016-03-02,2016,62,17.1,10.55,13.08,71.69,6.46,0.41,11.65
2016-03-03,2016,63,15.72,9.75,12.17,70.35,6.33,0.43,12.52
2016-03-04,2016,64,16.79,9.12,12.38,68.83,4.51,0.03,15.55
2016-03-05,2016,65,22.31,7.82,13.55,69.88,4.42,0.72,17.31
2016-03-06,2016,66,15.1,8.71,11.5,77.09,3.85,6.91,13.62
2016-03-07,2016,67,14.76,8.22,10.92,66.72,3.21,0.38,17.45
2016-03-08,2016,68,17.68,8.28,11.77,66.69,2.35,0.69,16.33
2016-03-09,2016,69,12.82,8.0,10.17,72.9,6.05,6.27,13.28
2016-03-10,2016,70,15.42,7.6,10.35,78.53,2.9,5.02,8.99
2016-03-11,2016,71,11.56,7.88,9.59,87.38,1.9,24.1,7.57
2016-03-12,2016,72,12.6,7.94,10.59,87.02,4.45,15.15,9.8
2016-03-13,2016,73,15.56,9.83,12.31,78.8,4.94,1.7,13.63
2016-03-14,2016,74,16.46,8.96,12.12,76.45,3.17,0.12,17.56
2016-03-15,2016,75,18.53,7.83,12.85,71.81,1.15,0.0,18.94
2016-03-16,2016,76,15.75,8.49,11.75,76.81,1.5,0.59,15.17
2016-03-17,2016,77,17.55,7.25,11.69,79.58,1.94,1.01,16.16
2016-03-18,2016,78,16.9,7.88,11.73,80.77,3.24,1.59,18.11
2016-03-19,2016,79,21.92,7.04,13.87,75.7,2.91,0.06,19.83
2016-03-20,2016,80,25.99,9.32,16.91,63.03,3.57,0.07,18.97
2016-03-21,2016,81,22.47,10.04,14.96,75.42,2.26,0.18,19.84
2016-03-22,2016,82,25.07,9.72,15.44,77.53,4.68,1.3,14.43
2016-03-23,2016,83,17.51,11.43,14.23,76.53,8.39,7.85,15.58
2016-03-24,2016,84,15.93,10.18,12.85,73.11,4.98,1.17,15.1
2016-03-25,2016,85,16.97,9.29,12.77,70.48,4.41,0.03,20.32
2016-03-26,2016,86,18.88,9.39,13.3,79.83,4.01,0.02,12.58
2016-03-27,2016,87,22.79,8.51,15.05,73.03,1.53,0.0,21.35
2016-03-28,2016,88,21.48,10.2,15.22,71.3,2.83,0.0,22.77
2016-03-29,2016,89,23.24,11.6,16.41,71.92,2.34,0.0,22.1
2016-03-30,2016,90,30.08,10.76,19.82,59.57,2.24,0.0,23.48
2016-03-31,2016,91,25.82,13.54,19.2,48.94,3.98,0.0,18.54
2016-04-01,2016,92,25.66,12.94,18.28,66.26,3.61,0.42,9.74
2016-04-02,2016,93,20.07,13.44,16.27,87.38,3.25,1.28,4.91
2016-04-03,2016,94,22.73,12.18,16.85,74.42,2.16,0.25,18.94
2016-04-04,2016,95,26.41,12.56,18.63,59.28,3.91,0.01,20.33
2016-04-05,2016,96,23.69,12.69,17.4,75.59,4.78,0.16,16.54
2016-04-06,2016,97,19.58,13.66,15.97,84.04,3.5,0.32,10.03
2016-04-07,2016,98,18.78,14.76,16.07,81.37,4.72,7.8,7.53
2016-04-08,2016,99,19.03,12.42,15.45,69.64,5.9,0.09,20.78
2016-04-09,2016,100,16.63,11.19,13.76,68.78,5.16,10.73,19.38
2016-04-10,2016,101,20.18,10.38,14.73,64.65,3.3,0.01,22.06
2016-04-11,2016,102,28.27,9.3,18.21,60.54,1.95,0.01,22.71
2016-04-12,2016,103,31.51,15.17,22.18,43.14,3.46,0.0,22.9
2016-04-13,2016,104,23.75,14.7,18.34,59.27,4.13,0.01,21.17
2016-04-14,2016,105,21.3,12.3,16.58,70.93,4.16,0.02,25.18
2016-04-15,2016,106,26.98,10.75,18.2,57.88,2.95,0.0,24.56
2016-04-16,2016,107,27.53,14.45,20.15,58.32,2.71,0.0,22.77
2016-04-17,2016,108,27.75,12.74,19.5,69.78,2.09,0.01,21.93
2016-04-18,2016,109,23.59,13.84,17.81,79.42,3.36,0.1,19.84
2016-04-19,2016,110,22.73,13.42,17.38,70.72,3.21,0.02,24.42
2016-04-20,2016,111,23.33,12.12,17.56,67.72,2.97,0.0,23.23
2016-04-21,2016,112,24.43,13.75,18.19,71.18,2.43,0.09,16.45
2016-04-22,2016,113,22.19,13.2,16.96,65.22,0.95,0.01,16.93
2016-04-23,2016,114,22.74,13.07,17.28,69.03,3.24,0.02,19.55
2016-04-24,2016,115,21.73,12.17,16.67,73.24,4.93,0.01,21.89
2016-04-25,2016,116,18.43,10.94,14.78,61.23,6.9,0.0,23.13
2016-04-26,2016,117,24.59,9.21,16.42,61.25,2.15,0.0,25.85
2016-04-27,2016,118,23.84,13.08,18.01,67.42,2.12,0.0,23.25
2016-04-28,2016,119,23.99,14.73,18.66,74.61,2.93,2.76,17.13
2016-04-29,2016,120,23.18,14.58,18.18,76.08,2.69,0.06,22.26
2016-04-30,2016,121,28.17,14.13,19.67,68.26,2.27,1.69,21.15
2016-05-01,2016,122,19.69,12.0,15.79,66.13,6.22,1.07,21.7
2016-05-02,2016,123,18.27,10.87,14.59,66.29,7.78,1.62,18.97
2016-05-03,2016,124,21.79,13.52,16.97,66.81,7.27,0.03,25.48
2016-05-04,2016,125,22.05,12.03,16.49,66.38,4.95,0.0,28.29
2016-05-05,2016,126,25.09,10.02,17.57,61.15,2.68,0.0,26.88
2016-05-06,2016,127,24.42,14.81,19.0,73.49,3.95,0.3,17.86
2016-05-07,2016,128,17.64,15.31,16.5,85.9,4.92,12.78,6.62
2016-05-08,2016,129,24.12,13.76,18.58,72.39,3.21,0.38,20.61
2016-05-09,2016,130,27.58,14.77,20.45,70.44,5.65,0.01,19.61
2016-05-10,2016,131,30.2,15.03,22.45,65.28,4.65,0.02,17.94
2016-05-11,2016,132,26.87,16.24,21.16,68.19,4.43,3.83,19.57
2016-05-12,2016,133,23.38,14.86,18.62,69.27,4.76,5.02,25.26
2016-05-13,2016,134,23.18,13.02,17.63,71.77,3.96,6.32,21.25
2016-05-14,2016,135,23.06,13.06,17.86,71.63,4.54,0.16,26.89
2016-05-15,2016,136,24.51,13.92,18.73,70.08,4.42,0.08,27.5
2016-05-16,2016,137,24.6,13.1,18.45,68.43,3.17,0.01,27.29
2016-05-17,2016,138,24.94,13.3,18.72,64.77,2.82,0.0,26.97
2016-05-18,2016,139,21.72,14.05,18.49,72.25,2.32,1.19,18.14
2016-05-19,2016,140,25.3,15.6,19.47,68.7,3.38,0.04,18.73
2016-05-20,2016,141,21.75,14.9,18.07,66.76,6.35,0.0,27.83
2016-05-21,2016,142,24.08,14.44,18.95,64.81,4.12,0.0,28.32
2016-05-22,2016,143,31.78,12.58,22.25,50.87,2.36,0.0,29.27
2016-05-23,2016,144,25.05,14.92,20.18,62.84,4.64,0.0,26.65
2016-05-24,2016,145,25.77,12.94,18.86,52.88,2.37,0.0,28.54
2016-05-25,2016,146,34.45,14.01,22.65,57.6,3.05,0.0,25.52
2016-05-26,2016,147,39.12,16.49,25.93,57.85,3.1,0.0,25.49
2016-05-27,2016,148,35.93,19.45,26.64,52.5,2.45,0.0,26.63
2016-05-28,2016,149,28.2,18.1,22.95,66.23,2.67,0.01,22.44
2016-05-29,2016,150,27.25,18.34,22.66,57.65,5.42,0.02,22.62
2016-05-30,2016,151,27.1,16.1,21.07,61.63,3.38,0.0,27.67
2016-05-31,2016,152,29.21,16.39,20.63,59.6,2.02,0.89,15.0
2016-06-01,2016,153,25.48,16.22,20.38,66.82,2.81,9.09,16.08
2016-06-02,2016,154,27.35,14.53,20.81,60.52,2.08,0.0,27.7
2016-06-03,2016,155,30.62,15.2,22.5,58.84,1.96,0.0,26.39
2016-06-04,2016,156,29.55,17.76,21.98,62.78,2.06,0.55,17.37
2016-06-05,2016,157,27.71,18.63,22.2,69.97,2.37,1.72,15.19
2016-06-06,2016,158,28.93,17.33,23.06,67.72,2.08,0.03,28.2
2016-06-07,2016,159,31.0,19.07,24.1,61.32,1.59,0.0,27.47
2016-06-08,2016,160,29.64,17.17,23.32,64.08,2.75,0.01,28.83
2016-06-09,2016,161,30.32,17.86,24.07,55.23,2.4,0.0,23.06
2016-06-10,2016,162,27.98,18.1,22.94,67.76,3.49,0.0,27.65
2016-06-11,2016,163,35.48,17.66,25.93,58.9,2.33,0.46,25.76
2016-06-12,2016,164,30.03,21.06,24.67,61.89,3.99,0.04,22.92
2016-06-13,2016,165,28.33,20.13,23.95,61.39,4.84,0.0,24.96
2016-06-14,2016,166,32.6,18.78,25.66,60.63,2.37,0.0,28.46
2016-06-15,2016,167,39.15,20.2,28.68,51.11,3.02,0.02,27.44
2016-06-16,2016,168,33.23,21.56,26.35,59.08,4.09,0.14,24.55
2016-06-17,2016,169,28.36,19.92,23.67,66.33,4.04,0.0,26.41
2016-06-18,2016,170,28.98,18.66,23.23,63.73,3.66,9.68,28.03
2016-06-19,2016,171,25.29,18.67,21.63,63.55,6.45,1.54,26.16
2016-06-20,2016,172,25.14,18.32,21.51,63.84,5.3,0.42,23.62
2016-06-21,2016,173,25.71,17.89,21.4,67.88,3.13,0.23,23.43
2016-06-22,2016,174,27.33,17.4,22.17,65.87,2.7,0.01,25.99
2016-06-23,2016,175,29.18,17.31,23.46,61.9,3.05,0.0,27.31
2016-06-24,2016,176,31.42,20.32,25.58,64.0,4.15,0.02,26.14
2016-06-25,2016,177,32.78,20.62,25.97,59.72,3.84,0.18,28.56
2016-06-26,2016,178,34.96,19.34,27.1,51.61,2.47,0.02,28.9
2016-06-27,2016,179,32.0,21.53,26.27,58.77,4.21,0.04,23.87
2016-06-28,2016,180,30.1,20.05,24.57,57.97,3.91,0.0,28.38
2016-06-29,2016,181,34.48,19.09,26.76,48.96,2.4,0.01,27.21
2016-06-30,2016,182,38.18,22.68,29.36,47.14,4.63,0.0,25.08
2016-07-01,2016,183,32.49,21.97,26.51,65.88,2.16,0.18,26.0
2016-07-02,2016,184,31.76,21.25,25.91,67.13,2.67,0.41,26.6
2016-07-03,2016,185,33.59,21.32,26.89,61.99,4.34,0.14,27.74
2016-07-04,2016,186,34.01,21.18,26.86,59.52,3.21,0.0,28.78
2016-07-05,2016,187,37.78,21.36,28.81,54.29,1.98,0.0,25.86
2016-07-06,2016,188,33.02,22.81,27.39,64.36,3.99,0.05,26.37
2016-07-07,2016,189,32.45,21.39,26.26,63.26,3.85,0.02,28.38
2016-07-08,2016,190,34.48,19.25,26.77,58.22,1.75,0.13,29.52
2016-07-09,2016,191,36.71,22.28,29.21,44.18,1.83,0.0,25.66
2016-07-10,2016,192,38.89,24.09,31.04,44.03,2.3,0.0,17.61
2016-07-11,2016,193,38.41,24.35,30.77,51.8,2.12,0.01,27.18
2016-07-12,2016,194,37.34,23.76,29.95,57.86,1.77,0.06,27.24
2016-07-13,2016,195,35.16,23.71,28.33,61.67,3.37,0.01,26.75
2016-07-14,2016,196,28.05,21.35,24.57,52.27,7.16,0.0,27.37
2016-07-15,2016,197,26.52,20.48,23.2,52.97,8.19,0.0,26.05
2016-07-16,2016,198,28.34,19.55,23.46,55.12,4.32,0.0,25.68
2016-07-17,2016,199,30.05,17.36,23.82,48.24,2.95,0.0,27.6
2016-07-18,2016,200,30.82,18.63,24.65,50.33,3.1,0.0,27.71
2016-07-19,2016,201,32.02,19.69,25.54,51.34,2.11,0.0,28.26
2016-07-20,2016,202,33.87,20.08,26.88,51.42,2.14,0.0,28.19
2016-07-21,2016,203,36.07,21.18,28.78,41.6,1.99,0.0,28.79
2016-07-22,2016,204,37.71,23.32,30.56,37.42,5.07,0.0,26.95
2016-07-23,2016,205,35.19,23.38,28.34,49.56,3.32,0.16,22.13
2016-07-24,2016,206,31.42,22.75,26.58,61.2,4.13,0.42,24.79
2016-07-25,2016,207,30.59,22.28,25.99,64.13,5.46,0.0,25.91
2016-07-26,2016,208,31.04,21.88,26.08,66.85,5.08,0.0,25.66
2016-07-27,2016,209,32.19,21.92,26.74,64.71,4.51,0.0,25.96
2016-07-28,2016,210,32.59,21.94,26.88,60.84,3.91,0.0,27.07
2016-07-29,2016,211,32.75,21.39,26.56,62.38,3.54,0.0,26.21
2016-07-30,2016,212,34.13,20.49,27.2,56.51,1.9,0.01,27.24
2016-07-31,2016,213,39.16,22.72,30.59,43.25,1.33,0.0,25.94
2016-08-01,2016,214,35.73,24.65,29.44,55.46,4.46,0.25,21.9
2016-08-02,2016,215,31.76,22.9,26.81,58.27,5.24,0.0,26.24
2016-08-03,2016,216,31.76,21.68,26.05,61.26,3.85,0.0,26.88
2016-08-04,2016,217,34.17,20.22,27.25,56.0,2.22,0.0,26.2
2016-08-05,2016,218,36.36,22.39,29.1,50.41,2.78,0.0,27.2
2016-08-06,2016,219,29.17,22.77,25.58,58.87,7.14,0.0,25.03
2016-08-07,2016,220,29.7,21.99,25.46,63.23,5.61,0.0,24.33
2016-08-08,2016,221,31.15,21.26,25.96,62.68,3.81,0.0,24.42
2016-08-09,2016,222,32.18,21.05,26.19,60.11,3.27,0.0,26.16
2016-08-10,2016,223,33.07,21.16,26.55,55.63,3.03,0.01,23.9
2016-08-11,2016,224,30.08,21.92,25.13,53.21,5.61,0.08,16.74
2016-08-12,2016,225,28.43,19.74,23.98,60.95,4.36,0.0,24.67
2016-08-13,2016,226,28.62,19.69,23.94,60.36,3.25,0.0,24.67
2016-08-14,2016,227,30.74,20.19,24.92,58.39,2.25,0.0,23.93
2016-08-15,2016,228,33.9,19.25,26.41,59.47,3.43,0.01,25.62
2016-08-16,2016,229,35.66,21.72,28.1,59.64,2.92,0.0,24.94
2016-08-17,2016,230,34.64,22.52,27.41,60.83,2.23,0.2,19.26
2016-08-18,2016,231,33.26,20.72,26.86,56.4,2.44,0.0,24.8
2016-08-19,2016,232,38.47,21.82,29.74,40.58,2.13,0.0,23.45
2016-08-20,2016,233,38.47,23.39,30.57,42.86,2.17,0.0,24.3
2016-08-21,2016,234,36.22,24.26,28.95,55.68,3.69,0.01,24.25
2016-08-22,2016,235,29.93,21.92,25.5,54.55,6.3,0.0,25.31
2016-08-23,2016,236,29.48,21.08,25.07,64.29,5.0,0.02,22.51
2016-08-24,2016,237,29.77,21.04,25.15,61.78,3.66,0.0,21.48
2016-08-25,2016,238,30.32,21.28,25.41,67.87,3.02,0.01,22.19
2016-08-26,2016,239,32.83,21.94,26.63,60.48,1.9,0.0,22.91
2016-08-27,2016,240,35.34,21.38,28.22,58.46,2.75,0.0,22.84
2016-08-28,2016,241,35.1,22.66,28.22,60.39,2.15,0.0,22.12
2016-08-29,2016,242,34.24,23.07,28.0,58.46,1.52,0.02,22.78
2016-08-30,2016,243,36.53,23.32,29.1,54.65,1.64,0.1,21.27
2016-08-31,2016,244,33.91,23.25,27.24,66.04,2.09,1.28,18.56
2016-09-01,2016,245,31.21,21.92,25.81,69.48,3.13,0.13,20.47
2016-09-02,2016,246,31.04,21.95,25.83,68.5,3.34,0.89,20.71
2016-09-03,2016,247,31.96,21.92,26.15,68.01,3.38,1.17,21.84
2016-09-04,2016,248,31.93,20.83,25.97,64.95,3.2,0.12,20.25
2016-09-05,2016,249,34.49,21.78,27.51,55.79,4.89,0.0,17.82
2016-09-06,2016,250,30.04,22.37,25.86,69.01,4.74,4.53,18.61
2016-09-07,2016,251,26.37,20.45,23.37,67.11,2.64,8.22,16.22
2016-09-08,2016,252,28.28,19.87,23.96,68.31,4.44,1.17,17.75
2016-09-09,2016,253,29.26,21.43,24.77,70.57,4.19,1.98,18.41
2016-09-10,2016,254,29.81,21.35,24.81,73.28,2.97,1.01,20.6
2016-09-11,2016,255,29.94,20.94,24.6,70.35,2.43,1.42,18.44
2016-09-12,2016,256,30.44,20.61,25.0,71.8,2.36,0.37,19.97
2016-09-13,2016,257,32.8,20.51,26.28,65.84,2.81,0.15,19.34
2016-09-14,2016,258,31.78,22.34,25.6,79.21,2.22,4.75,16.88
2016-09-15,2016,259,33.6,22.92,27.18,66.92,3.54,3.17,14.99
2016-09-16,2016,260,32.31,22.36,25.82,72.73,3.68,0.8,15.82
2016-09-17,2016,261,28.58,21.5,24.43,61.75,2.88,0.01,17.4
2016-09-18,2016,262,28.78,20.07,23.54,64.3,3.37,0.26,15.4
2016-09-19,2016,263,26.29,20.33,22.87,64.5,6.13,0.8,16.1
2016-09-20,2016,264,26.62,20.92,23.04,64.65,4.1,0.23,14.83
2016-09-21,2016,265,27.96,19.71,23.19,64.36,3.2,0.34,17.54
2016-09-22,2016,266,29.35,18.19,23.2,67.59,2.68,0.03,19.78
2016-09-23,2016,267,27.06,20.12,22.79,75.07,2.06,4.01,8.31
2016-09-24,2016,268,28.74,19.94,23.68,71.03,2.17,4.07,18.9
2016-09-25,2016,269,25.03,19.46,21.83,77.85,2.53,19.52,13.31
2016-09-26,2016,270,23.35,18.58,20.75,78.56,2.07,12.18,12.27
2016-09-27,2016,271,25.04,17.74,21.02,73.89,1.95,3.4,15.3
2016-09-28,2016,272,23.68,18.9,21.01,73.06,1.91,1.93,9.94
2016-09-29,2016,273,24.16,19.11,20.87,76.85,2.38,1.58,5.24
2016-09-30,2016,274,28.7,19.03,23.3,79.04,2.86,5.1,15.78
2016-10-01,2016,275,31.6,21.08,25.41,73.14,2.79,3.5,8.19
2016-10-02,2016,276,30.15,20.7,24.6,69.46,1.74,0.51,15.71
2016-10-03,2016,277,29.27,21.29,24.64,76.36,1.47,0.09,16.2
2016-10-04,2016,278,29.96,20.04,24.33,72.06,1.3,0.02,16.01
2016-10-05,2016,279,27.29,19.54,22.45,74.63,2.12,0.01,16.35
2016-10-06,2016,280,28.92,19.32,23.12,72.35,1.36,1.41,16.26
2016-10-07,2016,281,27.23,19.46,22.59,68.19,3.27,0.13,16.47
2016-10-08,2016,282,28.58,16.94,22.1,67.47,2.11,0.0,17.34
2016-10-09,2016,283,25.68,17.61,21.1,75.27,2.14,1.93,7.36
2016-10-10,2016,284,25.02,16.87,19.88,79.6,2.37,2.04,14.91
2016-10-11,2016,285,26.39,16.8,20.7,70.54,3.29,0.35,16.91
2016-10-12,2016,286,27.63,18.45,22.13,72.53,2.94,0.67,16.49
2016-10-13,2016,287,32.37,20.46,25.34,67.34,6.29,0.2,14.65
2016-10-14,2016,288,27.1,19.87,23.97,64.57,4.71,0.03,8.32
2016-10-15,2016,289,27.14,18.42,22.09,71.18,2.93,0.0,15.49
2016-10-16,2016,290,26.14,18.42,21.32,72.06,1.99,0.0,15.66
2016-10-17,2016,291,26.43,17.84,21.09,71.16,1.52,0.0,16.2
2016-10-18,2016,292,28.74,15.82,21.62,72.9,1.74,0.05,14.8
2016-10-19,2016,293,25.57,18.4,21.05,69.04,2.69,0.29,13.25
2016-10-20,2016,294,25.35,17.88,21.11,69.79,2.13,10.28,11.69
2016-10-21,2016,295,23.03,17.15,19.53,83.09,2.45,3.03,7.6
2016-10-22,2016,296,27.83,16.99,21.45,72.82,1.9,1.01,12.96
2016-10-23,2016,297,31.38,19.93,23.89,74.72,2.89,1.32,13.43
2016-10-24,2016,298,34.14,19.4,25.27,58.02,3.67,0.02,13.73
2016-10-25,2016,299,33.55,19.47,25.03,56.55,3.07,0.0,13.84
2016-10-26,2016,300,32.13,20.2,24.04,63.38,2.23,0.08,12.67
2016-10-27,2016,301,25.39,20.11,22.1,78.19,5.42,2.73,12.76
2016-10-28,2016,302,23.09,16.92,19.95,68.44,5.09,2.08,9.65
2016-10-29,2016,303,21.99,15.29,18.33,66.46,3.54,0.29,10.85
2016-10-30,2016,304,22.24,14.46,17.73,71.08,2.18,0.06,12.61
2016-10-31,2016,305,23.4,15.52,18.63,70.31,2.3,0.01,12.47
2016-11-01,2016,306,21.74,15.18,18.06,71.2,2.04,0.0,12.92
2016-11-02,2016,307,26.27,12.44,18.47,68.77,1.65,0.01,12.77
2016-11-03,2016,308,24.57,15.5,19.09,79.59,2.9,0.06,12.73
2016-11-04,2016,309,25.87,14.46,18.98,72.11,1.52,0.0,12.33
2016-11-05,2016,310,28.45,14.13,19.99,60.62,2.9,0.0,10.91
2016-11-06,2016,311,28.28,16.11,20.82,53.19,3.23,0.18,11.27
2016-11-07,2016,312,23.69,14.46,18.41,82.99,2.85,17.53,3.95
2016-11-08,2016,313,19.18,13.58,15.39,74.91,5.09,4.5,8.74
2016-11-09,2016,314,18.24,13.51,15.98,69.8,6.74,9.77,7.56
2016-11-10,2016,315,20.83,13.46,16.39,73.4,3.45,0.69,7.94
2016-11-11,2016,316,20.09,13.32,16.24,74.88,3.47,0.24,10.39
2016-11-12,2016,317,19.89,14.5,16.65,72.44,4.43,0.64,7.47
2016-11-13,2016,318,21.66,12.51,16.51,71.84,1.73,0.07,11.41
2016-11-14,2016,319,20.75,13.92,16.57,73.22,1.81,0.28,8.9
2016-11-15,2016,320,20.48,14.89,17.33,80.83,2.0,4.22,4.71
2016-11-16,2016,321,24.51,15.55,19.25,75.31,5.64,1.16,8.23
2016-11-17,2016,322,21.33,14.58,16.71,86.39,3.28,8.4,4.37
2016-11-18,2016,323,20.49,14.93,16.68,84.17,2.85,4.93,5.04
2016-11-19,2016,324,19.83,14.19,16.17,82.94,1.09,0.38,8.97
2016-11-20,2016,325,19.97,14.22,16.33,82.53,1.42,0.35,7.58
2016-11-21,2016,326,22.57,11.82,16.28,78.5,2.64,0.02,11.19
2016-11-22,2016,327,23.91,11.17,16.38,59.69,3.21,0.0,11.34
2016-11-23,2016,328,23.24,11.88,17.14,67.01,6.03,0.0,10.3
2016-11-24,2016,329,23.47,14.83,18.88,78.35,5.09,3.07,3.25
2016-11-25,2016,330,18.88,12.21,14.98,77.96,2.61,0.05,10.87
2016-11-26,2016,331,19.48,11.39,14.6,70.96,1.11,0.0,11.44
2016-11-27,2016,332,20.23,9.06,13.99,63.81,1.74,0.0,10.8
2016-11-28,2016,333,20.48,10.47,14.71,66.23,1.43,0.63,9.45
2016-11-29,2016,334,18.66,12.14,14.67,77.99,3.15,13.18,6.51
2016-11-30,2016,335,16.37,11.16,12.97,67.68,2.56,1.68,9.01
2016-12-01,2016,336,16.37,7.24,11.42,62.29,1.6,0.0,11.17
2016-12-02,2016,337,17.38,6.88,11.48,65.16,1.65,0.0,10.99
2016-12-03,2016,338,13.38,8.98,11.17,80.94,1.91,0.3,7.52
2016-12-04,2016,339,19.64,8.02,13.0,77.9,2.74,0.0,10.54
2016-12-05,2016,340,17.11,11.09,13.37,80.84,4.43,4.76,3.77
2016-12-06,2016,341,20.48,10.96,14.87,81.82,2.23,0.59,7.76
2016-12-07,2016,342,17.48,13.3,14.88,90.58,1.58,7.2,5.78
2016-12-08,2016,343,17.21,13.54,15.26,93.28,3.26,22.81,2.83
2016-12-09,2016,344,18.15,13.73,15.34,87.62,1.96,3.54,6.86
2016-12-10,2016,345,18.36,13.07,14.87,78.08,1.3,0.02,9.86
2016-12-11,2016,346,17.43,8.67,12.74,84.49,1.84,0.01,10.18
2016-12-12,2016,347,18.44,9.4,13.56,85.83,3.72,1.9,8.78
2016-12-13,2016,348,18.27,11.37,14.26,77.45,1.85,0.2,8.31
2016-12-14,2016,349,19.0,10.15,13.86,76.08,1.99,0.09,7.81
2016-12-15,2016,350,16.56,10.66,13.17,79.6,1.7,3.31,6.06
2016-12-16,2016,351,15.2,12.8,14.18,84.12,4.34,13.59,4.0
2016-12-17,2016,352,16.8,12.68,14.41,74.07,5.83,1.07,5.71
2016-12-18,2016,353,15.59,12.83,14.13,88.03,5.53,6.32,3.45
2016-12-19,2016,354,17.13,13.59,15.07,87.08,6.52,2.63,4.5
2016-12-20,2016,355,18.41,7.75,12.61,75.21,3.41,1.96,9.36
2016-12-21,2016,356,16.84,10.54,13.32,82.6,2.04,1.54,8.39
2016-12-22,2016,357,15.67,12.21,13.65,85.73,1.43,6.81,4.51
2016-12-23,2016,358,17.86,11.17,13.61,83.79,3.33,0.2,8.63
2016-12-24,2016,359,17.07,11.56,14.11,83.71,4.68,0.55,8.65
2016-12-25,2016,360,17.1,13.93,14.91,78.9,5.81,2.07,7.17
2016-12-26,2016,361,16.97,12.0,14.22,78.93,2.27,0.28,8.38
2016-12-27,2016,362,17.86,9.02,13.06,84.02,2.37,0.37,10.05
2016-12-28,2016,363,17.52,9.86,13.7,79.13,2.83,0.57,9.36
2016-12-29,2016,364,15.83,8.84,11.84,78.06,4.25,0.61,7.45
2016-12-30,2016,365,13.42,7.9,10.36,67.92,2.64,0.12,7.16
2016-12-31,2016,366,13.57,7.46,9.87,69.26,2.48,0.13,6.58
2017-01-01,2017,1,14.19,5.06,9.75,62.56,1.5,0.02,9.08
2017-01-02,2017,2,14.4,4.86,8.99,64.59,1.82,0.0,10.35
2017-01-03,2017,3,16.62,4.58,10.34,78.6,4.2,0.22,8.64
2017-01-04,2017,4,15.19,10.98,12.92,74.03,5.36,0.86,7.52
2017-01-05,2017,5,14.84,9.56,12.34,67.3,8.45,1.87,7.71
2017-01-06,2017,6,10.46,6.9,8.82,58.67,6.42,0.15,7.7
2017-01-07,2017,7,11.15,6.18,8.36,74.64,3.17,1.33,5.4
2017-01-08,2017,8,13.32,7.19,10.4,81.49,2.78,7.68,5.93
2017-01-09,2017,9,11.84,6.51,9.83,74.75,3.75,7.88,7.68
2017-01-10,2017,10,12.45,6.06,9.38,83.79,4.05,16.42,6.19
2017-01-11,2017,11,13.15,6.97,10.28,84.93,2.71,10.7,7.48
2017-01-12,2017,12,12.76,5.86,9.11,86.08,2.51,0.53,10.93
2017-01-13,2017,13,15.89,5.4,9.87,78.39,4.27,1.78,7.68
2017-01-14,2017,14,13.21,7.73,10.06,68.83,4.63,2.72,6.22
2017-01-15,2017,15,10.63,5.78,7.76,80.41,6.3,6.29,9.51
2017-01-16,2017,16,10.12,6.67,8.21,81.55,5.34,7.64,8.9
2017-01-17,2017,17,8.57,4.64,6.65,78.7,4.81,2.88,8.22
2017-01-18,2017,18,11.5,6.21,8.58,84.86,4.18,5.45,9.87
2017-01-19,2017,19,12.99,5.79,8.79,81.44,1.71,0.09,11.45
2017-01-20,2017,20,15.39,5.56,11.02,82.26,5.23,0.74,8.7
2017-01-21,2017,21,14.94,6.28,12.37,69.25,6.82,0.45,10.37
2017-01-22,2017,22,15.1,4.39,8.9,71.16,3.74,0.0,10.59
2017-01-23,2017,23,15.33,3.71,9.51,66.81,1.8,0.11,9.21
2017-01-24,2017,24,12.66,6.89,9.26,83.47,1.88,1.45,10.95
2017-01-25,2017,25,13.51,7.39,10.27,84.65,3.56,1.45,7.11
2017-01-26,2017,26,16.33,5.16,9.81,73.81,2.15,0.01,11.6
2017-01-27,2017,27,16.25,5.41,9.81,67.25,3.67,0.0,8.7
2017-01-28,2017,28,12.56,5.58,8.85,76.73,3.12,0.92,6.58
2017-01-29,2017,29,14.15,8.31,10.58,82.1,2.05,0.76,9.58
2017-01-30,2017,30,14.76,7.43,10.66,83.88,2.03,0.38,11.79
2017-01-31,2017,31,18.05,5.74,10.99,77.35,2.76,0.0,12.44
2017-02-01,2017,32,18.64,5.79,11.7,73.18,2.79,0.0,10.68
2017-02-02,2017,33,18.56,7.98,12.33,67.53,2.38,0.0,12.14
2017-02-03,2017,34,19.1,8.02,12.6,71.19,1.92,0.0,12.83
2017-02-04,2017,35,17.92,9.04,12.26,77.22,2.67,0.0,8.71
2017-02-05,2017,36,19.51,8.65,13.16,72.28,3.77,14.83,12.4
2017-02-06,2017,37,12.86,10.23,11.62,68.67,9.58,6.48,7.19
2017-02-07,2017,38,15.23,11.55,12.85,73.96,7.27,0.45,8.37
2017-02-08,2017,39,17.27,8.11,12.62,81.72,3.4,11.11,9.14
2017-02-09,2017,40,12.63,8.09,10.28,86.41,5.08,17.3,7.88
2017-02-10,2017,41,14.82,8.25,11.18,82.58,2.48,1.79,10.89
2017-02-11,2017,42,16.79,5.73,11.03,81.25,3.51,0.0,13.63
2017-02-12,2017,43,17.6,7.26,11.87,77.56,5.11,0.0,12.53
2017-02-13,2017,44,18.66,10.42,13.67,83.45,5.52,0.01,12.83
2017-02-14,2017,45,17.11,10.18,13.22,89.6,3.59,0.01,9.42
2017-02-15,2017,46,16.68,8.77,12.23,83.65,3.04,0.01,13.16
2017-02-16,2017,47,16.11,7.94,11.1,82.19,1.88,0.0,12.1
2017-02-17,2017,48,17.02,5.8,10.62,83.62,2.14,0.0,12.59
2017-02-18,2017,49,15.43,6.9,10.92,85.08,2.29,0.01,9.43
2017-02-19,2017,50,16.08,8.5,11.45,75.35,2.62,0.01,14.25
2017-02-20,2017,51,16.62,8.28,11.23,74.95,1.68,0.0,15.95
2017-02-21,2017,52,16.19,6.93,10.92,76.54,1.71,0.0,16.58
2017-02-22,2017,53,17.32,5.41,10.87,77.32,1.73,0.0,16.53
2017-02-23,2017,54,20.11,7.26,12.88,81.39,2.26,0.0,13.46
2017-02-24,2017,55,21.69,11.44,15.13,79.67,3.06,0.03,7.81
2017-02-25,2017,56,15.6,9.0,12.14,77.71,4.51,0.83,12.05
2017-02-26,2017,57,17.06,9.34,12.28,81.29,2.58,0.8,12.15
2017-02-27,2017,58,16.92,9.03,12.47,84.9,2.57,0.3,15.63
2017-02-28,2017,59,20.64,6.88,12.66,79.67,2.39,0.01,16.8
2017-03-01,2017,60,17.95,9.51,12.96,83.34,3.71,0.21,15.65
2017-03-02,2017,61,20.86,7.39,13.45,78.98,1.53,0.01,16.68
2017-03-03,2017,62,22.4,10.33,14.99,74.44,2.82,0.01,16.94
2017-03-04,2017,63,18.01,9.39,13.75,73.55,2.78,0.25,15.97
2017-03-05,2017,64,17.94,10.56,13.61,81.88,3.27,0.15,16.01
2017-03-06,2017,65,18.67,10.44,14.22,75.82,4.16,0.0,15.86
2017-03-07,2017,66,16.01,12.21,13.96,64.5,9.66,0.3,14.9
2017-03-08,2017,67,16.44,11.12,13.4,64.09,7.95,0.22,18.53
2017-03-09,2017,68,17.57,10.33,13.84,77.48,6.19,0.17,16.23
2017-03-10,2017,69,19.46,12.08,14.64,84.05,5.96,0.36,18.48
2017-03-11,2017,70,18.51,9.32,13.48,74.98,3.81,0.5,19.3
2017-03-12,2017,71,21.53,7.03,13.81,60.38,2.01,0.0,19.13
2017-03-13,2017,72,21.9,11.53,15.51,74.73,2.65,0.11,16.23
2017-03-14,2017,73,18.23,10.28,13.86,81.89,2.73,0.09,14.05
2017-03-15,2017,74,17.49,9.5,12.98,73.45,2.53,0.09,13.77
2017-03-16,2017,75,16.14,8.58,11.83,70.18,3.32,0.06,15.99
2017-03-17,2017,76,18.19,8.51,12.9,66.23,1.82,0.0,20.58
2017-03-18,2017,77,20.53,6.13,12.54,67.14,2.4,0.0,20.61
2017-03-19,2017,78,21.72,7.12,13.88,63.14,2.47,0.0,20.17
2017-03-20,2017,79,22.62,8.39,14.79,65.85,1.21,0.01,19.81
2017-03-21,2017,80,19.28,11.59,14.79,82.47,3.63,0.26,13.21
2017-03-22,2017,81,20.47,11.79,15.35,77.56,2.59,0.03,17.53
2017-03-23,2017,82,23.88,9.34,16.16,70.39,3.91,0.01,19.9
2017-03-24,2017,83,21.5,11.42,15.92,76.05,5.48,0.02,18.22
2017-03-25,2017,84,17.53,10.02,13.76,85.92,2.92,0.25,8.32
2017-03-26,2017,85,20.4,10.02,13.74,69.87,1.6,0.0,20.39
2017-03-27,2017,86,20.22,9.65,14.0,73.08,1.69,0.0,22.23
2017-03-28,2017,87,16.25,10.11,12.97,75.82,2.24,1.32,10.01
2017-03-29,2017,88,18.12,8.72,13.04,73.73,2.76,0.16,15.36
2017-03-30,2017,89,20.25,8.87,14.06,76.26,2.92,0.0,21.86
2017-03-31,2017,90,24.29,7.79,15.66,64.37,2.31,0.0,22.92
2017-04-01,2017,91,26.47,10.83,16.55,65.56,2.59,15.21,20.26
2017-04-02,2017,92,16.29,10.96,13.44,78.39,4.68,2.8,17.87
2017-04-03,2017,93,17.38,10.31,13.66,81.18,5.07,6.16,14.44
2017-04-04,2017,94,19.35,12.34,15.38,78.9,4.74,2.02,18.39
2017-04-05,2017,95,20.77,12.4,15.9,73.9,3.78,0.2,20.27
2017-04-06,2017,96,18.79,10.57,14.38,74.88,1.95,8.5,18.5
2017-04-07,2017,97,16.59,11.42,13.65,85.89,2.26,8.74,13.03
2017-04-08,2017,98,19.83,11.0,15.11,82.02,2.37,0.65,13.16
2017-04-09,2017,99,18.43,11.82,14.6,83.89,1.88,0.47,7.9
2017-04-10,2017,100,20.13,11.15,15.22,79.17,1.83,0.2,18.38
2017-04-11,2017,101,21.29,10.23,15.41,75.94,2.74,0.02,23.47
2017-04-12,2017,102,20.75,11.58,15.68,79.94,4.44,0.87,23.58
2017-04-13,2017,103,21.65,10.78,15.54,72.34,3.1,0.21,23.84
2017-04-14,2017,104,24.3,10.29,16.9,61.26,2.26,0.0,24.52
2017-04-15,2017,105,25.16,12.18,18.18,62.38,2.34,0.0,24.09
2017-04-16,2017,106,21.62,13.69,16.73,73.27,5.57,0.01,20.03
2017-04-17,2017,107,21.83,13.01,16.73,71.7,5.58,0.0,23.8
2017-04-18,2017,108,24.21,10.9,17.18,69.3,3.07,0.0,24.07
2017-04-19,2017,109,20.12,11.53,15.43,67.22,3.87,0.0,23.41
2017-04-20,2017,110,18.27,10.29,13.77,55.35,3.15,0.0,20.0
2017-04-21,2017,111,17.29,9.35,12.75,59.56,3.39,0.0,22.97
2017-04-22,2017,112,18.73,8.5,13.42,56.18,2.31,0.0,25.89
2017-04-23,2017,113,24.89,6.79,15.52,58.17,1.96,0.0,26.95
2017-04-24,2017,114,25.16,9.36,16.61,60.71,3.85,0.0,25.58
2017-04-25,2017,115,25.74,10.76,17.91,70.63,4.02,0.0,23.91
2017-04-26,2017,116,29.59,13.67,20.84,64.47,4.47,0.01,24.92
2017-04-27,2017,117,27.97,16.49,21.29,58.26,3.83,0.1,18.82
2017-04-28,2017,118,20.74,14.19,17.27,68.61,3.72,0.18,17.38
2017-04-29,2017,119,19.75,12.29,15.26,65.88,4.19,0.73,23.46
2017-04-30,2017,120,23.02,11.62,16.64,62.08,1.51,0.0,23.93
2017-05-01,2017,121,25.05,11.86,18.29,68.35,3.04,0.06,24.97
2017-05-02,2017,122,21.2,12.46,16.27,60.49,3.27,0.0,24.19
2017-05-03,2017,123,26.12,12.35,18.71,56.33,1.64,0.06,26.09
2017-05-04,2017,124,29.51,13.72,21.3,64.54,1.79,0.05,26.32
2017-05-05,2017,125,32.24,16.68,23.61,60.04,2.36,1.32,25.25
2017-05-06,2017,126,27.48,16.85,21.79,66.55,4.58,0.01,24.13
2017-05-07,2017,127,23.75,15.19,18.8,64.46,4.98,0.0,25.33
2017-05-08,2017,128,22.97,14.65,18.21,63.58,6.68,0.0,27.41
2017-05-09,2017,129,24.9,13.94,18.85,61.62,3.78,0.0,27.47
2017-05-10,2017,130,31.25,14.32,22.19,62.76,4.66,0.0,15.66
2017-05-11,2017,131,34.12,17.31,22.32,68.03,4.45,0.05,18.75
2017-05-12,2017,132,31.13,16.36,22.09,58.27,2.79,0.0,23.4
2017-05-13,2017,133,27.31,16.52,21.14,63.18,2.64,0.0,24.22
2017-05-14,2017,134,27.31,16.37,21.0,63.79,2.87,0.0,25.58
2017-05-15,2017,135,25.19,16.02,20.23,71.66,2.91,0.13,18.08
2017-05-16,2017,136,25.77,15.15,20.08,72.18,3.59,0.0,26.64
2017-05-17,2017,137,26.38,14.7,20.42,67.44,2.28,0.0,25.86
2017-05-18,2017,138,29.26,14.89,21.96,55.96,3.82,0.0,25.02
2017-05-19,2017,139,27.24,16.16,21.36,67.46,4.63,0.0,26.05
2017-05-20,2017,140,24.14,14.99,19.14,63.67,4.54,0.0,28.5
2017-05-21,2017,141,23.66,14.8,18.86,60.15,4.84,0.0,28.67
2017-05-22,2017,142,26.55,13.36,19.93,62.11,2.15,0.0,26.85
2017-05-23,2017,143,29.41,14.84,22.12,60.54,2.44,0.0,24.59
2017-05-24,2017,144,28.07,16.61,21.8,57.82,1.84,0.0,27.47
2017-05-25,2017,145,31.28,15.31,22.93,50.04,1.8,0.0,28.04
2017-05-26,2017,146,27.8,15.96,21.74,64.85,2.73,0.0,27.86
2017-05-27,2017,147,26.38,15.94,20.86,61.17,3.12,0.0,26.74
2017-05-28,2017,148,26.6,15.44,20.79,63.47,2.85,0.0,26.33
2017-05-29,2017,149,28.95,14.96,22.06,58.89,3.74,0.0,28.67
2017-05-30,2017,150,29.08,15.74,22.45,57.28,4.18,0.0,28.05
2017-05-31,2017,151,27.69,16.98,22.38,63.61,3.46,0.0,27.15
2017-06-01,2017,152,32.59,17.95,24.67,57.84,3.41,0.0,27.49
2017-06-02,2017,153,30.65,19.17,23.61,60.08,3.3,2.9,17.49
2017-06-03,2017,154,31.89,18.68,24.49,58.74,1.93,0.0,28.89
2017-06-04,2017,155,31.39,18.6,24.58,55.33,1.6,0.39,27.58
2017-06-05,2017,156,30.94,19.02,23.74,63.88,2.72,46.67,19.17
2017-06-06,2017,157,25.03,17.12,21.09,77.05,3.8,6.59,22.15
2017-06-07,2017,158,26.43,18.4,22.01,68.38,5.54,0.01,28.18
2017-06-08,2017,159,26.13,17.05,21.17,65.07,3.41,0.0,29.16
2017-06-09,2017,160,34.77,16.3,25.02,64.26,2.88,0.1,29.13
2017-06-10,2017,161,29.2,18.6,23.42,71.16,2.18,0.08,27.76
2017-06-11,2017,162,28.54,18.24,22.86,69.2,2.27,0.0,28.09
2017-06-12,2017,163,30.46,18.34,24.13,65.05,1.9,0.07,28.06
2017-06-13,2017,164,33.06,18.22,25.77,49.3,2.98,0.0,29.44
2017-06-14,2017,165,35.1,18.78,26.48,48.65,3.7,0.0,28.62
2017-06-15,2017,166,35.58,18.88,26.82,55.39,2.05,0.0,29.21
2017-06-16,2017,167,33.84,20.07,26.95,56.81,2.52,0.0,28.43
2017-06-17,2017,168,32.9,21.67,26.83,58.64,4.48,0.0,27.89
2017-06-18,2017,169,31.04,20.37,25.38,70.41,3.3,0.0,26.17
2017-06-19,2017,170,29.33,19.61,24.17,65.0,2.87,0.0,28.55
2017-06-20,2017,171,32.43,18.12,25.27,54.12,3.03,0.0,29.03
2017-06-21,2017,172,35.9,20.08,27.71,51.7,2.52,0.0,26.41
2017-06-22,2017,173,34.66,21.36,27.66,56.51,2.25,0.0,26.22
2017-06-23,2017,174,32.84,22.18,27.08,51.95,1.82,0.0,27.29
2017-06-24,2017,175,33.62,20.53,27.04,53.34,2.0,0.0,28.19
2017-06-25,2017,176,36.42,21.06,28.55,45.2,1.73,0.0,28.21
2017-06-26,2017,177,40.35,23.29,31.45,36.88,2.86,0.0,28.25
2017-06-27,2017,178,40.45,26.71,32.12,40.46,2.31,0.0,23.75
2017-06-28,2017,179,40.13,24.63,30.69,44.6,3.36,0.12,21.29
2017-06-29,2017,180,36.8,22.61,28.81,47.54,2.42,0.0,28.37
2017-06-30,2017,181,32.43,22.86,26.56,56.43,3.87,0.01,27.31
2017-07-01,2017,182,27.95,21.91,24.54,56.94,5.21,0.0,26.23
2017-07-02,2017,183,27.9,21.21,24.06,57.01,6.69,0.03,28.45
2017-07-03,2017,184,28.53,20.74,24.34,59.9,5.2,0.05,27.75
2017-07-04,2017,185,31.17,19.15,25.34,58.69,2.6,0.0,27.12
2017-07-05,2017,186,33.94,19.7,26.99,48.19,3.12,0.0,28.39
2017-07-06,2017,187,35.31,20.34,27.97,43.82,3.48,0.0,29.14
2017-07-07,2017,188,36.79,20.67,28.72,39.43,3.35,0.0,28.82
2017-07-08,2017,189,37.7,21.72,29.77,36.75,3.0,0.0,27.66
2017-07-09,2017,190,38.89,22.49,30.89,35.18,2.61,0.0,27.86
2017-07-10,2017,191,40.23,23.83,31.3,34.29,2.2,0.0,27.99
2017-07-11,2017,192,43.9,24.06,33.6,31.98,2.54,0.0,28.28
2017-07-12,2017,193,39.19,26.07,31.77,38.56,3.31,0.0,26.48
2017-07-13,2017,194,36.05,23.8,29.51,54.55,5.11,0.0,28.37
2017-07-14,2017,195,33.64,23.44,27.87,58.31,6.01,0.0,28.06
2017-07-15,2017,196,32.32,23.06,27.08,57.89,6.49,0.0,28.2
2017-07-16,2017,197,31.25,22.64,26.5,65.83,5.76,0.01,25.49
2017-07-17,2017,198,30.21,21.92,25.84,58.6,3.18,0.0,26.42
2017-07-18,2017,199,31.55,20.86,26.13,51.2,3.04,0.0,25.69
2017-07-19,2017,200,36.89,22.52,28.83,53.25,4.44,0.0,26.52
2017-07-20,2017,201,37.08,22.85,29.32,58.11,4.41,0.0,26.68
2017-07-21,2017,202,37.83,24.27,30.29,53.27,3.11,0.06,24.42
2017-07-22,2017,203,37.67,24.86,31.35,46.48,2.64,0.01,23.54
2017-07-23,2017,204,36.5,25.34,30.48,52.97,3.05,0.08,23.74
2017-07-24,2017,205,33.94,24.39,30.07,49.7,5.28,0.11,21.99
2017-07-25,2017,206,30.9,23.49,26.59,58.11,6.4,0.02,25.91
2017-07-26,2017,207,30.34,22.41,25.9,56.16,6.01,0.0,24.08
2017-07-27,2017,208,30.03,22.36,25.98,57.44,5.56,0.0,25.44
2017-07-28,2017,209,33.58,21.56,27.32,55.86,2.81,0.0,26.58
2017-07-29,2017,210,39.36,22.1,30.44,40.38,2.21,0.0,27.03
2017-07-30,2017,211,40.37,24.34,31.94,37.75,3.9,0.0,27.67
2017-07-31,2017,212,39.32,24.88,31.65,42.55,4.99,0.0,26.96
2017-08-01,2017,213,39.18,24.5,31.59,39.32,4.54,0.0,27.02
2017-08-02,2017,214,39.78,24.46,32.01,33.89,2.45,0.0,26.3
2017-08-03,2017,215,39.54,26.17,32.25,32.7,2.16,0.0,25.5
2017-08-04,2017,216,41.95,26.12,33.47,29.9,1.8,0.0,25.13
2017-08-05,2017,217,40.62,26.37,32.21,45.55,2.46,0.0,25.06
2017-08-06,2017,218,40.0,25.69,31.51,51.7,2.47,0.01,23.54
2017-08-07,2017,219,40.36,25.14,31.53,58.82,2.26,0.04,25.58
2017-08-08,2017,220,42.16,26.28,33.19,50.82,2.41,0.04,24.04
2017-08-09,2017,221,43.29,27.44,34.14,40.1,2.15,0.02,23.77
2017-08-10,2017,222,36.62,25.3,30.05,55.43,4.62,1.08,22.53
2017-08-11,2017,223,29.59,23.76,26.25,49.27,5.59,0.0,24.22
2017-08-12,2017,224,29.03,22.29,25.14,51.72,5.35,0.01,20.47
2017-08-13,2017,225,30.58,20.24,25.13,54.45,3.48,0.0,23.01
2017-08-14,2017,226,34.38,21.96,27.5,54.03,3.12,0.0,23.76
2017-08-15,2017,227,35.93,22.95,28.77,53.95,3.26,0.0,20.93
2017-08-16,2017,228,34.62,22.45,28.06,55.38,2.58,0.0,25.87
2017-08-17,2017,229,35.89,23.08,28.7,51.85,2.0,0.0,23.51
2017-08-18,2017,230,36.9,23.41,29.79,48.12,1.72,0.17,23.81
2017-08-19,2017,231,39.01,23.49,30.59,45.48,2.27,0.0,23.35
2017-08-20,2017,232,33.79,24.08,28.07,56.24,5.29,0.0,22.02
2017-08-21,2017,233,29.75,22.07,25.53,59.28,4.97,0.0,23.47
2017-08-22,2017,234,30.86,21.05,25.33,64.56,2.95,0.0,22.77
2017-08-23,2017,235,31.8,20.82,25.95,61.83,2.84,0.0,23.27
2017-08-24,2017,236,33.34,20.7,26.75,60.78,3.03,0.0,23.74
2017-08-25,2017,237,35.09,21.91,28.08,59.48,4.35,0.0,23.28
2017-08-26,2017,238,36.22,21.57,28.96,44.57,3.37,0.0,22.17
2017-08-27,2017,239,37.16,22.18,29.38,37.17,2.57,0.0,22.16
2017-08-28,2017,240,37.66,23.8,30.07,34.15,1.78,0.0,22.04
2017-08-29,2017,241,37.9,24.74,30.05,43.17,2.01,0.01,23.2
2017-08-30,2017,242,36.86,23.99,29.63,55.13,2.09,0.04,21.24
2017-08-31,2017,243,37.58,23.33,30.13,53.79,3.83,0.09,21.13
2017-09-01,2017,244,36.33,25.18,30.41,51.57,2.6,0.21,21.38
2017-09-02,2017,245,30.22,22.98,26.74,57.5,6.1,0.14,16.91
2017-09-03,2017,246,28.57,21.37,24.48,54.57,4.76,0.0,21.53
2017-09-04,2017,247,31.66,20.77,25.86,54.48,2.44,0.0,20.81
2017-09-05,2017,248,31.91,22.33,26.26,59.47,2.07,0.0,20.13
2017-09-06,2017,249,32.5,22.44,26.71,56.55,1.52,0.0,20.48
2017-09-07,2017,250,30.98,21.67,25.82,61.67,1.68,0.2,9.44
2017-09-08,2017,251,29.07,21.19,24.69,60.48,3.58,0.49,17.88
2017-09-09,2017,252,35.33,19.11,26.63,51.59,2.2,0.0,19.0
2017-09-10,2017,253,31.07,19.18,24.82,57.79,6.13,7.29,6.66
2017-09-11,2017,254,27.89,19.79,23.38,58.92,7.37,0.19,20.41
2017-09-12,2017,255,34.87,19.36,26.33,53.24,2.13,0.0,20.78
2017-09-13,2017,256,27.96,20.23,23.87,63.06,3.89,0.0,19.32
2017-09-14,2017,257,34.85,18.99,25.27,57.64,1.82,0.0,20.56
2017-09-15,2017,258,36.47,19.38,26.86,57.44,1.98,0.0,21.29
2017-09-16,2017,259,38.59,21.84,27.56,54.24,2.76,0.01,15.73
2017-09-17,2017,260,28.18,20.04,24.11,59.59,3.96,0.0,18.35
2017-09-18,2017,261,31.05,20.14,24.81,49.37,1.54,0.0,17.95
2017-09-19,2017,262,26.21,20.6,22.96,61.23,5.39,0.39,18.15
2017-09-20,2017,263,25.13,18.54,21.72,55.29,5.82,0.09,18.64
2017-09-21,2017,264,27.18,16.9,21.39,55.48,2.58,0.0,19.4
2017-09-22,2017,265,31.74,17.87,24.1,60.77,3.95,0.0,18.23
2017-09-23,2017,266,30.06,20.32,24.3,63.46,3.33,0.28,15.77
2017-09-24,2017,267,28.69,20.24,23.75,64.58,3.11,0.46,16.44
2017-09-25,2017,268,27.82,19.21,22.83,70.89,3.31,0.01,18.47
2017-09-26,2017,269,28.5,17.69,22.73,66.74,1.47,0.15,16.51
2017-09-27,2017,270,26.21,18.88,22.08,67.31,2.3,0.49,14.09
2017-09-28,2017,271,26.36,18.02,21.53,69.6,3.08,0.22,16.98
2017-09-29,2017,272,25.48,18.36,21.26,67.73,2.55,0.01,16.69
2017-09-30,2017,273,26.86,17.34,21.4,68.95,2.66,0.0,17.45
2017-10-01,2017,274,27.26,16.75,21.97,60.7,1.15,0.03,17.0
2017-10-02,2017,275,25.01,18.62,21.24,67.23,1.1,6.56,7.83
2017-10-03,2017,276,25.51,18.02,21.17,74.15,2.08,6.53,12.96
2017-10-04,2017,277,24.82,19.79,21.99,82.32,4.25,30.77,7.08
2017-10-05,2017,278,25.37,19.23,22.1,78.19,3.9,3.94,9.86
2017-10-06,2017,279,26.47,18.66,21.96,73.29,6.26,0.33,17.41
2017-10-07,2017,280,24.77,16.45,20.58,59.49,5.43,0.1,16.07
2017-10-08,2017,281,24.76,15.17,19.56,53.16,1.21,0.0,18.42
2017-10-09,2017,282,25.97,15.07,19.98,67.72,2.5,0.0,17.87
2017-10-10,2017,283,25.86,16.19,20.32,71.03,2.8,0.0,17.19
2017-10-11,2017,284,26.1,15.71,20.33,71.73,1.92,0.01,16.85
2017-10-12,2017,285,25.61,16.41,20.38,72.61,1.49,0.01,16.9
2017-10-13,2017,286,25.95,15.86,20.01,75.53,1.9,0.04,17.12
2017-10-14,2017,287,24.62,17.44,19.98,74.62,1.99,0.04,14.27
2017-10-15,2017,288,25.44,17.36,20.49,68.16,1.57,0.0,17.08
2017-10-16,2017,289,27.44,14.64,20.3,66.4,2.09,0.0,17.36
2017-10-17,2017,290,28.06,14.39,20.62,64.49,2.62,0.0,16.83
2017-10-18,2017,291,27.85,14.26,20.7,63.72,2.93,0.0,16.24
2017-10-19,2017,292,28.16,15.71,21.64,59.18,3.86,0.04,15.97
2017-10-20,2017,293,23.67,18.06,20.43,80.34,1.83,10.57,4.87
2017-10-21,2017,294,25.36,17.59,20.6,81.06,1.71,2.03,13.51
2017-10-22,2017,295,25.26,17.2,20.53,77.19,4.03,0.63,14.05
2017-10-23,2017,296,21.67,17.38,19.17,63.06,7.74,0.18,11.47
2017-10-24,2017,297,22.43,16.24,18.85,60.89,5.55,0.07,15.39
2017-10-25,2017,298,23.03,16.06,18.84,59.66,4.82,0.0,13.3
2017-10-26,2017,299,23.66,14.97,18.62,67.5,2.29,0.0,15.05
2017-10-27,2017,300,25.21,12.67,18.78,72.04,4.13,0.05,15.67
2017-10-28,2017,301,23.21,15.99,19.73,73.92,5.1,0.29,11.02
2017-10-29,2017,302,23.12,15.97,19.04,71.44,5.55,0.04,14.54
2017-10-30,2017,303,24.35,15.75,19.02,74.2,4.53,0.01,14.35
2017-10-31,2017,304,24.12,14.64,18.57,74.02,1.67,0.01,12.01
2017-11-01,2017,305,23.29,14.98,18.43,77.2,1.39,0.31,11.47
2017-11-02,2017,306,24.79,14.08,18.6,77.47,2.34,0.1,12.65
2017-11-03,2017,307,28.61,13.17,19.51,56.53,1.47,0.0,12.41
2017-11-04,2017,308,27.27,15.43,20.04,66.62,2.54,0.13,13.25
2017-11-05,2017,309,24.87,16.01,19.44,79.1,2.73,0.95,11.1
2017-11-06,2017,310,17.88,12.1,15.2,75.03,4.82,8.98,7.16
2017-11-07,2017,311,17.4,11.19,14.12,69.22,5.83,1.17,12.18
2017-11-08,2017,312,20.35,13.97,16.63,61.68,3.09,0.05,12.42
2017-11-09,2017,313,22.73,10.72,16.3,64.9,2.12,0.04,11.5
2017-11-10,2017,314,18.13,13.78,15.55,71.09,3.99,0.13,5.16
2017-11-11,2017,315,19.01,13.39,15.6,75.71,4.53,0.1,9.3
2017-11-12,2017,316,19.73,13.1,16.23,76.19,5.2,1.12,9.82
2017-11-13,2017,317,18.41,11.83,15.23,71.66,5.47,3.14,5.88
2017-11-14,2017,318,14.83,11.14,12.47,73.76,4.94,8.08,7.99
2017-11-15,2017,319,15.03,11.63,13.78,79.58,5.75,10.5,3.59
2017-11-16,2017,320,16.44,11.71,13.79,78.71,3.43,1.51,8.02
2017-11-17,2017,321,18.26,11.72,14.43,77.47,4.67,0.03,9.8
2017-11-18,2017,322,18.84,12.02,14.83,76.37,3.82,0.13,7.48
2017-11-19,2017,323,18.77,13.7,15.45,73.21,4.85,0.12,11.09
2017-11-20,2017,324,18.56,12.8,15.59,69.28,4.57,0.01,9.82
2017-11-21,2017,325,20.46,12.19,15.41,71.93,2.22,0.0,11.43
2017-11-22,2017,326,21.72,8.77,13.73,64.98,2.53,0.0,11.24
2017-11-23,2017,327,18.21,9.35,13.3,62.84,2.0,0.0,6.97
2017-11-24,2017,328,20.51,10.12,14.68,73.24,1.84,0.01,11.11
2017-11-25,2017,329,23.26,8.92,15.09,56.31,2.33,0.0,10.55
2017-11-26,2017,330,17.8,12.32,14.96,68.15,6.03,0.71,3.43
2017-11-27,2017,331,15.33,11.91,13.18,63.13,6.21,0.23,6.79
2017-11-28,2017,332,16.97,9.41,12.56,65.14,2.41,0.02,10.4
2017-11-29,2017,333,23.8,9.19,15.17,62.58,3.69,0.0,9.61
2017-11-30,2017,334,15.9,9.92,13.23,77.38,3.73,14.5,5.67
2017-12-01,2017,335,14.61,7.58,10.86,71.3,3.04,4.75,5.26
2017-12-02,2017,336,11.61,6.25,8.49,75.34,5.21,2.86,7.31
2017-12-03,2017,337,12.57,6.48,9.31,78.76,4.7,2.43,11.12
2017-12-04,2017,338,14.16,9.76,11.42,69.27,6.14,0.9,8.45
2017-12-05,2017,339,15.03,9.96,11.72,74.85,2.77,0.34,10.02
2017-12-06,2017,340,16.24,10.25,12.45,66.11,1.11,0.02,9.87
2017-12-07,2017,341,15.74,6.25,10.61,69.78,1.53,0.0,10.16
2017-12-08,2017,342,17.09,5.88,10.77,69.34,2.18,0.0,10.47
2017-12-09,2017,343,15.01,8.0,10.82,75.57,4.4,0.91,6.4
2017-12-10,2017,344,15.99,9.25,11.75,71.37,3.0,0.02,9.57
2017-12-11,2017,345,20.54,7.26,12.41,68.08,5.14,0.0,9.63
2017-12-12,2017,346,21.01,7.81,12.83,62.31,3.38,0.0,9.89
2017-12-13,2017,347,15.4,9.24,12.67,85.02,3.69,0.46,6.51
2017-12-14,2017,348,16.45,7.66,10.52,75.21,3.09,0.01,10.53
2017-12-15,2017,349,20.19,5.83,11.92,72.23,2.95,0.1,10.12
2017-12-16,2017,350,13.53,10.32,12.21,83.0,3.33,6.97,3.41
2017-12-17,2017,351,13.26,9.14,10.95,67.23,5.98,0.5,8.76
2017-12-18,2017,352,13.28,8.29,10.26,72.27,3.35,1.04,7.34
2017-12-19,2017,353,13.08,6.65,9.34,74.33,2.06,0.43,7.14
2017-12-20,2017,354,13.95,7.69,10.27,67.35,2.23,0.06,7.37
2017-12-21,2017,355,11.81,8.32,9.84,75.36,4.08,4.83,6.95
2017-12-22,2017,356,14.68,10.07,12.06,67.77,5.83,0.21,7.05
2017-12-23,2017,357,16.59,9.47,12.4,74.01,3.73,0.09,8.92
2017-12-24,2017,358,17.16,8.77,11.73,83.03,2.49,0.02,9.59
2017-12-25,2017,359,17.1,6.49,10.66,75.86,2.11,0.01,10.11
2017-12-26,2017,360,16.56,5.39,9.94,75.89,2.73,0.02,10.3
2017-12-27,2017,361,13.97,7.38,10.63,77.9,4.83,6.69,5.52
2017-12-28,2017,362,14.48,9.87,11.76,70.97,5.7,1.88,5.42
2017-12-29,2017,363,14.4,10.33,12.16,71.39,6.29,1.26,10.01
2017-12-30,2017,364,19.09,10.65,14.77,79.31,6.24,0.28,9.66
2017-12-31,2017,365,19.38,10.53,14.65,79.14,2.75,0.32,10.6
2018-01-01,2018,1,16.0,9.91,12.56,77.08,5.8,0.25,8.68
2018-01-02,2018,2,16.07,9.1,12.96,73.96,7.64,0.25,9.96
2018-01-03,2018,3,19.13,13.07,15.18,82.44,6.74,0.26,8.05
2018-01-04,2018,4,19.67,12.91,15.29,84.79,6.91,0.03,8.43
2018-01-05,2018,5,20.32,10.87,14.37,80.71,3.14,0.01,10.82
2018-01-06,2018,6,22.45,7.05,13.15,63.7,3.5,0.0,10.63
2018-01-07,2018,7,15.94,8.31,12.06,73.5,5.05,0.0,8.25
2018-01-08,2018,8,16.27,11.14,13.02,79.98,3.53,0.23,6.19
2018-01-09,2018,9,14.99,9.24,12.05,83.9,2.26,0.14,2.79
2018-01-10,2018,10,16.29,7.92,11.54,75.27,2.45,0.01,10.48
2018-01-11,2018,11,14.94,8.03,11.07,80.21,5.41,3.16,5.73
2018-01-12,2018,12,12.89,8.65,11.09,86.41,6.19,29.21,4.65
2018-01-13,2018,13,14.77,7.77,11.41,78.77,4.26,4.61,9.42
2018-01-14,2018,14,16.17,6.91,10.58,71.76,2.07,0.02,10.09
2018-01-15,2018,15,16.8,8.3,11.94,65.21,1.34,0.02,8.33
2018-01-16,2018,16,16.29,7.27,10.88,82.99,4.01,0.04,11.25
2018-01-17,2018,17,18.07,7.3,11.69,78.2,5.59,0.01,11.22
2018-01-18,2018,18,15.2,7.25,11.26,71.71,3.38,0.0,11.59
2018-01-19,2018,19,16.39,4.97,9.97,78.9,1.67,0.0,9.78
2018-01-20,2018,20,15.81,9.44,12.57,74.33,5.52,0.01,9.52
2018-01-21,2018,21,18.75,11.39,14.78,76.17,8.7,0.04,9.22
2018-01-22,2018,22,17.68,13.55,15.33,78.78,8.46,0.04,11.24
2018-01-23,2018,23,16.89,12.35,14.2,81.59,6.05,0.02,8.64
2018-01-24,2018,24,17.27,9.66,12.78,81.5,1.72,0.01,9.7
2018-01-25,2018,25,19.26,6.96,12.08,74.79,3.51,0.0,11.39
2018-01-26,2018,26,18.9,6.49,11.83,78.42,2.59,0.0,11.89
2018-01-27,2018,27,18.26,9.47,12.81,81.71,2.42,0.14,12.02
2018-01-28,2018,28,17.27,8.61,12.36,82.52,2.13,0.05,7.75
2018-01-29,2018,29,16.33,9.65,12.29,76.78,1.03,0.02,8.57
2018-01-30,2018,30,17.59,5.94,10.91,77.59,1.78,0.0,11.15
2018-01-31,2018,31,18.27,5.83,11.24,75.13,1.86,0.0,13.34
2018-02-01,2018,32,17.18,6.45,11.12,75.1,3.15,0.62,4.68
2018-02-02,2018,33,21.41,8.62,14.47,72.4,4.52,0.15,8.39
2018-02-03,2018,34,13.6,7.62,10.81,73.19,4.64,0.47,6.75
2018-02-04,2018,35,14.73,5.54,9.55,69.64,2.33,0.01,13.69
2018-02-05,2018,36,15.91,5.54,9.98,78.02,3.54,0.8,11.19
2018-02-06,2018,37,18.12,3.95,10.43,63.81,3.23,0.24,12.58
2018-02-07,2018,38,13.67,5.25,9.55,82.02,5.14,2.93,13.37
2018-02-08,2018,39,14.53,6.51,10.23,71.39,1.94,0.17,12.48
2018-02-09,2018,40,13.74,5.71,9.22,76.95,2.42,2.27,10.75
2018-02-10,2018,41,12.43,8.17,9.81,78.87,4.56,1.55,10.35
2018-02-11,2018,42,13.13,8.81,10.36,72.44,5.29,1.47,11.52
2018-02-12,2018,43,16.69,9.18,12.12,79.0,4.38,2.48,12.97
2018-02-13,2018,44,12.81,7.88,10.03,74.17,5.36,3.82,10.7
2018-02-14,2018,45,11.56,5.6,8.59,80.63,4.7,13.73,5.92
2018-02-15,2018,46,13.41,6.93,10.35,77.02,3.75,0.28,6.88
2018-02-16,2018,47,16.36,9.39,12.35,85.57,1.96,0.41,5.94
2018-02-17,2018,48,16.13,9.25,12.01,88.21,2.75,0.09,8.39
2018-02-18,2018,49,15.78,9.8,12.28,86.8,3.15,4.53,5.59
2018-02-19,2018,50,14.78,9.3,11.16,75.57,4.3,0.47,12.0
2018-02-20,2018,51,13.79,8.48,10.94,79.7,4.35,11.09,12.88
2018-02-21,2018,52,13.46,9.18,10.93,74.44,2.96,4.99,12.43
2018-02-22,2018,53,12.91,7.66,9.79,80.41,3.21,6.2,9.88
2018-02-23,2018,54,11.81,8.14,9.78,80.26,5.1,3.91,11.63
2018-02-24,2018,55,15.95,7.14,10.84,74.24,2.42,0.68,13.59
2018-02-25,2018,56,14.12,8.51,11.05,74.41,4.97,1.03,13.54
2018-02-26,2018,57,13.77,7.98,11.01,82.03,4.54,2.8,11.5
2018-02-27,2018,58,13.8,6.48,9.69,76.21,2.27,0.46,12.2
2018-02-28,2018,59,21.54,7.51,13.7,68.92,2.4,0.48,16.35
2018-03-01,2018,60,22.81,10.54,15.86,59.07,4.59,0.0,8.67
2018-03-02,2018,61,19.89,10.93,15.02,71.03,3.76,0.0,15.69
2018-03-03,2018,62,22.64,10.03,14.87,72.73,3.08,0.01,11.43
2018-03-04,2018,63,23.33,9.9,15.06,68.51,5.0,2.09,16.32
2018-03-05,2018,64,19.38,12.24,14.82,76.48,4.74,5.67,16.02
2018-03-06,2018,65,17.3,9.12,13.28,76.93,5.08,1.29,17.41
2018-03-07,2018,66,17.74,8.16,12.4,76.24,4.83,0.72,12.47
2018-03-08,2018,67,16.91,8.58,12.69,75.97,2.7,2.41,9.95
2018-03-09,2018,68,19.69,11.1,15.06,84.58,2.66,0.14,15.3
2018-03-10,2018,69,25.87,10.96,17.41,72.35,2.73,0.01,18.55
2018-03-11,2018,70,20.84,12.59,16.12,67.93,2.84,0.04,16.42
2018-03-12,2018,71,18.27,10.04,14.02,71.36,5.31,0.13,18.98
2018-03-13,2018,72,19.28,9.8,13.85,74.55,3.99,0.11,19.67
2018-03-14,2018,73,18.9,9.45,13.84,77.32,2.71,0.01,16.19
2018-03-15,2018,74,24.43,11.68,16.26,71.34,2.56,0.01,9.58
2018-03-16,2018,75,21.16,11.56,15.28,83.41,2.67,1.21,17.6
2018-03-17,2018,76,16.79,8.7,12.97,77.49,5.51,1.05,9.73
2018-03-18,2018,77,19.04,8.32,12.51,68.79,4.46,1.31,12.39
2018-03-19,2018,78,16.56,9.09,12.21,71.02,4.64,0.31,20.85
2018-03-20,2018,79,16.74,9.33,12.1,60.41,6.12,1.07,9.92
2018-03-21,2018,80,12.16,6.64,10.0,74.35,4.72,2.21,3.29
2018-03-22,2018,81,10.65,4.97,8.3,83.84,5.45,9.89,12.49
2018-03-23,2018,82,13.39,8.69,10.99,72.89,7.49,7.03,10.01
2018-03-24,2018,83,18.25,7.35,12.27,74.72,2.75,10.34,18.14
2018-03-25,2018,84,13.11,5.91,10.13,79.68,2.75,2.41,14.82
2018-03-26,2018,85,16.03,9.36,12.46,74.37,4.51,0.63,14.45
2018-03-27,2018,86,16.09,11.06,13.0,74.91,6.58,2.6,17.3
2018-03-28,2018,87,19.69,10.9,14.38,73.3,4.71,0.74,19.39
2018-03-29,2018,88,26.15,9.88,17.78,59.19,2.02,0.0,21.31
2018-03-30,2018,89,25.66,11.45,17.36,59.58,2.74,0.0,15.79
2018-03-31,2018,90,19.5,11.19,14.57,71.37,5.76,0.03,19.38
2018-04-01,2018,91,18.58,10.42,13.83,63.37,4.7,0.0,23.02
2018-04-02,2018,92,24.51,7.78,15.77,60.98,3.92,0.0,23.15
2018-04-03,2018,93,25.81,10.28,17.37,66.46,3.83,0.02,17.98
2018-04-04,2018,94,21.66,12.57,16.41,77.12,2.35,0.03,10.31
2018-04-05,2018,95,21.56,11.67,16.19,70.7,5.02,0.01,24.57
2018-04-06,2018,96,23.01,9.59,15.72,68.16,2.23,0.04,24.8
2018-04-07,2018,97,24.06,10.4,16.64,64.68,5.13,0.07,23.76
2018-04-08,2018,98,22.8,11.9,16.56,70.99,5.88,5.02,18.75
2018-04-09,2018,99,20.82,9.69,14.87,72.0,2.81,0.01,23.92
2018-04-10,2018,100,21.83,10.4,15.61,70.49,3.35,0.02,6.55
2018-04-11,2018,101,24.57,12.75,17.1,75.31,2.64,1.07,20.77
2018-04-12,2018,102,20.83,10.94,14.69,70.36,2.41,9.45,15.41
2018-04-13,2018,103,22.55,9.69,16.02,71.54,3.25,0.06,21.76
2018-04-14,2018,104,19.88,13.48,16.06,82.7,4.84,0.42,9.67
2018-04-15,2018,105,21.47,12.42,16.35,80.1,3.31,1.87,13.35
2018-04-16,2018,106,22.63,12.63,16.95,68.67,4.82,0.06,22.53
2018-04-17,2018,107,18.81,12.5,15.27,81.69,3.55,2.71,15.02
2018-04-18,2018,108,20.35,12.81,15.95,82.71,2.97,1.36,20.04
2018-04-19,2018,109,20.66,12.23,15.98,81.49,1.85,1.87,20.23
2018-04-20,2018,110,21.67,12.06,16.55,80.09,1.5,0.78,21.87
2018-04-21,2018,111,25.39,12.03,18.29,71.18,1.46,0.03,23.63
2018-04-22,2018,112,25.6,12.61,18.47,71.54,1.82,0.02,23.41
2018-04-23,2018,113,26.99,12.66,19.42,66.22,2.67,0.07,23.37
2018-04-24,2018,114,30.18,13.54,21.14,57.95,3.65,0.01,25.23
2018-04-25,2018,115,30.47,15.93,21.99,50.51,4.22,0.06,24.48
2018-04-26,2018,116,26.84,15.36,20.32,67.87,3.35,0.07,17.53
2018-04-27,2018,117,23.94,14.76,18.69,74.04,3.14,0.21,19.61
2018-04-28,2018,118,23.1,14.56,18.26,75.54,2.86,0.32,18.24
2018-04-29,2018,119,28.21,12.66,19.26,67.24,3.2,0.02,24.11
2018-04-30,2018,120,22.39,13.79,17.12,66.29,3.33,0.01,24.12
2018-05-01,2018,121,25.07,13.16,18.49,69.31,2.84,0.68,14.69
2018-05-02,2018,122,17.97,13.44,15.42,87.34,7.33,36.13,8.07
2018-05-03,2018,123,18.18,13.51,15.41,74.85,9.62,11.35,14.65
2018-05-04,2018,124,20.15,13.11,16.2,70.25,6.33,1.5,19.41
2018-05-05,2018,125,22.67,11.88,17.45,69.8,2.27,0.48,21.96
2018-05-06,2018,126,21.33,13.27,16.93,81.23,1.59,11.21,20.28
2018-05-07,2018,127,23.75,13.47,17.99,76.44,1.27,0.39,24.05
2018-05-08,2018,128,23.42,14.19,17.97,77.31,1.78,0.23,22.04
2018-05-09,2018,129,21.45,14.19,17.36,81.02,4.19,2.43,23.25
2018-05-10,2018,130,22.49,14.49,18.08,79.28,3.66,4.8,25.14
2018-05-11,2018,131,23.41,14.0,18.37,75.34,3.21,0.15,23.52
2018-05-12,2018,132,26.99,15.12,20.14,65.2,1.31,0.14,23.81
2018-05-13,2018,133,28.13,14.78,19.75,71.49,4.57,0.12,24.53
2018-05-14,2018,134,20.53,12.5,16.25,58.43,3.57,0.0,24.42
2018-05-15,2018,135,22.27,11.35,16.62,58.92,2.79,0.01,23.52
2018-05-16,2018,136,23.07,12.04,17.52,65.98,1.67,0.0,19.78
2018-05-17,2018,137,24.3,14.43,18.46,68.15,1.92,3.62,20.59
2018-05-18,2018,138,22.05,14.41,17.92,77.05,2.65,0.12,23.44
2018-05-19,2018,139,22.69,14.89,17.92,78.34,2.37,5.65,20.82
2018-05-20,2018,140,23.21,14.6,18.09,80.73,2.7,1.66,23.85
2018-05-21,2018,141,25.33,16.05,20.16,76.56,1.49,2.05,19.12
2018-05-22,2018,142,20.78,14.52,17.59,85.66,1.96,7.38,8.11
2018-05-23,2018,143,24.96,13.45,19.16,74.55,2.98,0.03,27.73
2018-05-24,2018,144,27.52,14.22,20.56,66.8,1.86,0.0,28.99
2018-05-25,2018,145,28.59,15.75,21.67,67.69,2.84,0.0,28.68
2018-05-26,2018,146,30.15,15.38,22.56,59.43,2.89,0.0,28.12
2018-05-27,2018,147,32.17,17.95,24.06,59.23,3.9,0.0,24.13
2018-05-28,2018,148,30.47,18.1,23.64,63.52,3.16,0.1,27.63
2018-05-29,2018,149,29.12,18.53,23.34,68.02,3.33,0.04,24.67
2018-05-30,2018,150,26.48,17.58,21.48,74.85,3.42,0.07,24.6
2018-05-31,2018,151,26.95,16.64,21.6,72.45,2.63,0.05,26.63
2018-06-01,2018,152,28.15,16.79,22.48,70.73,2.35,0.04,16.32
2018-06-02,2018,153,31.83,17.95,24.64,61.13,2.06,0.02,24.11
2018-06-03,2018,154,33.06,18.47,25.36,57.16,3.18,0.04,25.58
2018-06-04,2018,155,26.36,18.55,22.05,69.43,3.85,0.09,16.79
2018-06-05,2018,156,28.83,17.34,22.47,67.62,2.5,0.02,27.43
2018-06-06,2018,157,25.24,18.26,21.61,71.48,2.44,0.01,20.93
2018-06-07,2018,158,27.08,18.2,22.16,75.89,3.39,0.45,17.68
2018-06-08,2018,159,27.38,17.43,21.89,65.42,4.15,0.01,28.85
2018-06-09,2018,160,32.8,16.44,24.14,56.78,2.15,0.0,28.89
2018-06-10,2018,161,35.58,18.96,26.84,55.06,3.39,0.01,26.73
2018-06-11,2018,162,32.27,19.94,24.8,62.05,2.75,0.04,26.98
2018-06-12,2018,163,28.96,19.58,23.7,66.29,3.94,0.07,25.32
2018-06-13,2018,164,28.25,19.4,23.1,66.61,4.97,0.1,19.22
2018-06-14,2018,165,26.15,18.86,22.0,64.75,7.33,0.14,27.03
2018-06-15,2018,166,26.2,18.33,21.91,65.75,6.14,1.64,23.2
2018-06-16,2018,167,27.85,18.98,22.82,66.82,5.03,0.1,26.54
2018-06-17,2018,168,27.96,18.83,22.89,70.33,5.11,0.12,25.97
2018-06-18,2018,169,27.04,18.73,22.44,67.82,6.27,0.03,25.44
2018-06-19,2018,170,27.42,18.26,22.87,71.71,4.4,2.78,25.07
2018-06-20,2018,171,28.76,19.26,23.67,71.46,2.53,2.35,24.37
2018-06-21,2018,172,30.85,19.1,25.01,59.64,1.7,0.06,25.14
2018-06-22,2018,173,31.83,19.59,25.42,62.4,2.27,0.03,25.37
2018-06-23,2018,174,30.86,19.74,24.83,60.68,4.04,0.15,26.78
2018-06-24,2018,175,30.06,18.34,23.73,68.71,2.36,1.77,24.74
2018-06-25,2018,176,28.34,19.43,23.66,69.76,2.83,0.29,24.42
2018-06-26,2018,177,27.38,19.13,23.15,68.42,4.31,0.03,25.12
2018-06-27,2018,178,27.58,19.39,23.26,63.48,4.35,0.0,26.84
2018-06-28,2018,179,32.4,18.1,24.88,54.79,2.14,0.0,28.49
2018-06-29,2018,180,33.61,20.51,25.72,57.52,2.57,0.0,26.89
2018-06-30,2018,181,34.92,20.79,26.89,57.73,3.72,0.0,25.5
2018-07-01,2018,182,38.37,21.29,28.64,58.51,2.34,0.21,26.75
2018-07-02,2018,183,30.9,21.95,25.87,71.75,2.12,0.21,25.27
2018-07-03,2018,184,32.59,20.09,25.78,65.64,2.62,0.02,26.64
2018-07-04,2018,185,34.5,20.66,27.68,58.47,2.17,0.03,25.75
2018-07-05,2018,186,34.9,23.64,28.28,54.87,4.52,0.0,23.45
2018-07-06,2018,187,30.93,22.27,25.97,64.6,5.42,0.02,26.11
2018-07-07,2018,188,30.91,20.74,25.49,61.59,3.49,0.0,27.42
2018-07-08,2018,189,33.45,21.37,26.27,57.02,1.94,0.4,25.28
2018-07-09,2018,190,32.23,20.61,26.03,64.3,2.47,0.03,24.43
2018-07-10,2018,191,31.81,21.44,26.52,63.92,3.91,0.12,27.97
2018-07-11,2018,192,34.52,21.4,27.9,54.36,2.5,0.0,25.66
2018-07-12,2018,193,40.12,23.55,31.23,46.65,2.71,0.0,27.38
2018-07-13,2018,194,42.87,25.44,32.7,41.9,2.55,0.0,26.16
2018-07-14,2018,195,36.06,24.51,30.04,54.69,3.56,0.03,24.71
2018-07-15,2018,196,34.43,22.83,28.15,61.22,3.43,0.19,27.29
2018-07-16,2018,197,39.61,23.42,29.69,51.98,4.05,0.0,23.32
2018-07-17,2018,198,31.97,23.34,27.21,61.98,5.59,0.01,27.55
2018-07-18,2018,199,34.03,21.22,27.23,59.41,2.79,0.03,26.87
2018-07-19,2018,200,37.87,23.58,29.06,60.3,4.02,0.03,26.23
2018-07-20,2018,201,35.81,22.92,29.25,50.59,1.85,0.0,26.07
2018-07-21,2018,202,39.12,26.34,31.66,41.4,3.73,0.0,22.61
2018-07-22,2018,203,33.32,24.24,28.42,57.65,2.88,0.11,22.16
2018-07-23,2018,204,31.33,23.81,27.3,57.26,5.46,0.28,25.9
2018-07-24,2018,205,31.56,22.44,26.65,59.84,4.31,0.0,23.66
2018-07-25,2018,206,33.19,21.65,27.22,61.39,2.96,0.0,26.49
2018-07-26,2018,207,35.32,21.84,28.4,53.87,2.13,0.0,27.41
2018-07-27,2018,208,36.31,23.09,29.33,55.23,1.89,0.0,25.19
2018-07-28,2018,209,37.04,23.56,30.03,44.12,2.01,0.0,27.59
2018-07-29,2018,210,37.11,25.03,30.42,40.84,1.74,0.0,27.55
2018-07-30,2018,211,34.93,23.28,28.6,55.94,2.62,0.02,24.19
2018-07-31,2018,212,33.79,22.72,27.84,65.85,3.23,0.45,23.65
2018-08-01,2018,213,33.37,23.16,27.97,66.66,2.5,0.27,24.79
2018-08-02,2018,214,35.28,23.88,29.22,60.4,2.01,0.07,24.69
2018-08-03,2018,215,35.57,23.72,29.48,57.4,2.24,0.68,23.5
2018-08-04,2018,216,30.47,24.57,27.43,68.03,2.83,5.3,15.74
2018-08-05,2018,217,31.57,23.37,27.22,66.11,1.36,2.23,19.69
2018-08-06,2018,218,30.68,24.31,27.13,67.9,1.95,3.29,13.32
2018-08-07,2018,219,27.25,23.57,25.32,76.09,2.18,12.18,9.94
2018-08-08,2018,220,31.35,22.86,26.68,68.66,2.9,3.99,20.57
2018-08-09,2018,221,33.68,23.15,28.27,63.02,2.86,0.07,23.47
2018-08-10,2018,222,33.35,23.89,28.13,64.83,2.28,0.09,22.59
2018-08-11,2018,223,32.52,23.58,27.64,64.37,1.86,0.02,24.44
2018-08-12,2018,224,34.24,23.02,28.48,64.73,2.22,0.19,23.16
2018-08-13,2018,225,34.07,23.93,28.9,62.51,2.07,1.96,17.45
2018-08-14,2018,226,33.38,23.83,27.72,64.8,2.58,1.4,24.63
2018-08-15,2018,227,31.53,23.68,27.12,64.62,4.98,2.37,20.72
2018-08-16,2018,228,31.36,23.51,27.05,66.88,2.73,0.94,21.46
2018-08-17,2018,229,32.95,22.24,27.13,65.43,1.98,1.55,21.57
2018-08-18,2018,230,30.62,23.45,26.45,65.39,1.77,3.59,20.91
2018-08-19,2018,231,29.84,22.23,25.45,69.3,3.54,3.0,21.91
2018-08-20,2018,232,29.04,22.7,25.38,70.75,3.96,6.49,20.62
2018-08-21,2018,233,27.05,22.23,24.53,78.34,3.23,9.76,17.03
2018-08-22,2018,234,29.48,21.4,25.07,73.71,2.48,2.71,21.97
2018-08-23,2018,235,28.57,21.77,24.77,73.62,3.23,2.1,21.31
2018-08-24,2018,236,27.76,22.13,24.93,78.94,4.97,7.64,13.09
2018-08-25,2018,237,30.67,22.77,26.22,68.06,4.52,1.15,22.1
2018-08-26,2018,238,30.49,21.46,25.3,66.91,3.66,0.03,23.19
2018-08-27,2018,239,28.39,20.7,24.07,65.42,4.27,0.02,23.02
2018-08-28,2018,240,29.83,20.43,24.51,66.59,2.64,0.0,23.04
2018-08-29,2018,241,30.33,20.3,24.5,65.06,1.55,0.0,22.45
2018-08-30,2018,242,30.64,20.67,25.2,67.12,1.52,0.0,20.53
2018-08-31,2018,243,33.12,20.53,26.39,64.57,1.92,0.01,22.16
2018-09-01,2018,244,32.81,21.83,26.72,63.04,2.22,0.0,22.13
2018-09-02,2018,245,32.02,23.19,26.44,64.15,1.82,0.01,20.38
2018-09-03,2018,246,32.74,22.78,26.94,65.32,2.12,0.08,20.4
2018-09-04,2018,247,34.25,23.49,28.26,64.39,2.85,0.42,19.63
2018-09-05,2018,248,37.92,24.11,29.65,57.17,2.07,0.04,22.57
2018-09-06,2018,249,33.0,23.87,27.58,68.73,2.13,0.19,19.85
2018-09-07,2018,250,30.54,23.34,25.67,73.41,3.62,11.21,18.26
2018-09-08,2018,251,31.9,23.09,26.64,62.39,2.11,0.0,13.5
2018-09-09,2018,252,32.32,23.17,26.72,65.59,2.72,0.0,15.89
2018-09-10,2018,253,32.82,22.86,27.11,72.91,2.19,0.01,16.27
2018-09-11,2018,254,30.0,22.83,26.19,77.17,2.32,0.01,19.8
2018-09-12,2018,255,31.04,21.81,25.7,68.44,2.29,0.01,20.23
2018-09-13,2018,256,30.06,22.7,25.73,66.37,1.78,0.62,8.36
2018-09-14,2018,257,29.73,21.99,25.24,72.68,3.74,0.3,17.05
2018-09-15,2018,258,30.95,21.4,25.75,70.94,2.3,0.0,20.48
2018-09-16,2018,259,32.32,21.69,26.5,64.05,2.04,0.01,18.33
2018-09-17,2018,260,33.42,23.27,27.14,68.98,2.37,2.92,16.51
2018-09-18,2018,261,28.29,23.54,25.66,79.26,2.09,11.19,14.58
2018-09-19,2018,262,30.71,22.64,25.96,68.93,2.79,2.96,16.63
2018-09-20,2018,263,26.76,22.07,23.81,79.7,3.24,14.87,13.31
2018-09-21,2018,264,27.71,21.78,24.12,80.59,5.57,28.28,17.86
2018-09-22,2018,265,27.23,22.69,24.57,80.28,5.85,8.17,5.52
2018-09-23,2018,266,28.64,21.45,24.51,74.0,3.57,0.23,18.31
2018-09-24,2018,267,29.54,22.63,25.23,74.8,5.56,0.54,19.28
2018-09-25,2018,268,28.24,21.17,23.99,70.58,4.2,0.2,17.87
2018-09-26,2018,269,25.43,18.35,22.19,70.97,5.15,4.0,11.54
2018-09-27,2018,270,24.25,17.87,20.59,62.82,3.58,0.05,18.61
2018-09-28,2018,271,25.16,17.77,20.9,65.65,3.46,0.02,17.11
2018-09-29,2018,272,27.18,17.9,21.86,74.04,3.31,0.05,18.68
2018-09-30,2018,273,28.35,18.26,22.38,73.5,1.63,0.01,19.01
2018-10-01,2018,274,28.17,17.52,22.45,72.65,3.26,0.68,17.53
2018-10-02,2018,275,22.0,16.8,19.53,71.24,3.41,17.08,10.47
2018-10-03,2018,276,21.89,15.76,18.23,79.67,2.38,8.97,9.86
2018-10-04,2018,277,22.73,16.22,19.18,76.65,2.96,6.15,12.11
2018-10-05,2018,278,24.33,16.91,20.11,71.04,2.1,2.16,15.28
2018-10-06,2018,279,27.66,16.27,21.34,72.08,2.21,0.03,16.87
2018-10-07,2018,280,28.55,16.76,21.82,72.79,1.38,0.02,16.5
2018-10-08,2018,281,28.26,17.24,22.43,77.67,2.68,0.96,16.47
2018-10-09,2018,282,27.65,18.93,22.91,74.34,3.68,1.82,10.08
2018-10-10,2018,283,27.81,19.57,22.93,76.61,4.85,2.71,13.35
2018-10-11,2018,284,29.25,20.28,23.73,73.58,3.4,3.7,13.21
2018-10-12,2018,285,26.7,18.4,21.78,78.81,2.63,0.75,14.94
2018-10-13,2018,286,24.04,18.96,20.94,84.24,2.96,15.55,8.27
2018-10-14,2018,287,24.23,17.3,20.12,79.17,3.05,8.18,13.91
2018-10-15,2018,288,24.21,16.13,20.28,81.67,1.6,10.85,14.99
2018-10-16,2018,289,26.65,19.1,21.97,79.69,1.61,19.45,11.62
2018-10-17,2018,290,24.57,19.08,21.49,89.6,3.5,32.54,3.62
2018-10-18,2018,291,24.31,18.03,21.35,78.18,4.19,8.68,10.08
2018-10-19,2018,292,24.57,17.03,20.28,76.39,1.38,0.05,12.48
2018-10-20,2018,293,24.91,19.02,21.16,82.65,1.37,0.03,12.97
2018-10-21,2018,294,25.26,17.29,20.74,83.3,1.45,0.8,13.99
2018-10-22,2018,295,22.43,15.88,18.81,81.95,3.42,4.16,10.25
2018-10-23,2018,296,20.92,16.15,18.34,74.87,5.96,4.18,8.96
2018-10-24,2018,297,22.61,16.91,19.14,74.27,4.72,0.04,13.92
2018-10-25,2018,298,24.21,16.56,19.7,79.94,3.4,0.02,14.86
2018-10-26,2018,299,26.8,13.41,19.19,69.59,3.35,0.0,13.77
2018-10-27,2018,300,26.34,13.87,19.29,62.16,5.2,0.0,14.11
2018-10-28,2018,301,25.84,17.47,20.61,66.54,6.18,0.41,12.55
2018-10-29,2018,302,23.08,11.79,18.15,58.99,6.65,0.08,7.48
2018-10-30,2018,303,20.59,9.15,14.07,54.9,3.64,0.0,14.82
2018-10-31,2018,304,24.65,9.81,16.47,68.5,4.05,0.18,10.4
2018-11-01,2018,305,22.97,13.26,18.15,80.81,4.33,5.8,7.15
2018-11-02,2018,306,21.36,15.83,17.97,82.85,2.5,1.62,7.38
2018-11-03,2018,307,17.16,13.85,15.36,87.76,3.14,23.38,5.96
2018-11-04,2018,308,20.21,13.1,15.45,79.29,4.62,5.66,9.68
2018-11-05,2018,309,22.54,10.94,15.81,68.58,2.96,0.0,12.56
2018-11-06,2018,310,21.23,10.14,15.27,79.22,3.2,0.28,11.9
2018-11-07,2018,311,20.4,13.18,16.04,80.41,1.93,0.02,11.99
2018-11-08,2018,312,21.86,12.18,15.96,78.46,1.79,0.0,11.38
2018-11-09,2018,313,23.17,10.52,16.07,75.54,2.56,1.17,11.67
2018-11-10,2018,314,18.04,11.81,14.59,79.4,3.55,5.91,7.72
2018-11-11,2018,315,20.38,13.49,16.23,85.35,2.6,0.1,10.7
2018-11-12,2018,316,22.04,13.51,16.99,89.03,2.56,1.21,10.04
2018-11-13,2018,317,22.17,14.83,17.53,88.74,2.34,2.15,7.62
2018-11-14,2018,318,22.38,14.07,17.22,83.02,2.3,0.54,10.88
2018-11-15,2018,319,21.22,13.28,16.32,79.47,2.06,0.79,9.77
2018-11-16,2018,320,20.36,14.27,16.32,81.58,1.96,1.25,10.07
2018-11-17,2018,321,18.42,13.23,15.34,77.6,2.6,0.52,8.57
2018-11-18,2018,322,18.84,12.91,15.17,79.03,1.45,0.33,10.69
2018-11-19,2018,323,21.13,11.98,15.75,76.03,3.8,0.34,6.46
2018-11-20,2018,324,19.74,11.35,14.36,78.3,4.4,0.26,10.53
2018-11-21,2018,325,20.78,9.88,14.52,74.2,2.97,0.0,11.31
2018-11-22,2018,326,23.2,9.92,15.55,66.0,2.27,0.0,9.97
2018-11-23,2018,327,22.73,9.95,15.28,65.44,3.45,0.0,11.15
2018-11-24,2018,328,18.67,12.38,14.91,77.92,2.26,0.14,5.34
2018-11-25,2018,329,17.54,11.65,14.4,84.02,4.72,1.7,5.63
2018-11-26,2018,330,19.77,9.87,14.35,74.44,5.56,1.72,7.65
2018-11-27,2018,331,15.95,13.28,14.35,66.51,9.32,1.14,9.15
2018-11-28,2018,332,17.38,13.66,14.99,65.38,7.59,0.34,10.02
2018-11-29,2018,333,17.28,11.15,13.89,71.88,3.09,0.06,10.13
2018-11-30,2018,334,19.26,8.71,13.15,73.59,2.34,0.1,9.7
2018-12-01,2018,335,15.5,12.47,13.88,86.23,5.84,15.3,6.99
2018-12-02,2018,336,17.35,11.75,14.46,82.9,5.29,2.47,6.48
2018-12-03,2018,337,18.78,11.34,14.47,86.68,3.53,0.13,9.89
2018-12-04,2018,338,19.72,13.16,16.04,87.37,5.72,0.15,10.4
2018-12-05,2018,339,18.48,11.59,14.93,84.67,3.84,0.02,10.19
2018-12-06,2018,340,19.73,10.05,14.25,87.71,2.85,0.18,10.45
2018-12-07,2018,341,17.75,11.87,14.48,87.58,3.78,0.45,6.47
2018-12-08,2018,342,18.15,11.88,14.52,78.93,5.05,0.24,8.19
2018-12-09,2018,343,17.31,13.49,15.09,75.6,6.97,0.12,8.35
2018-12-10,2018,344,16.2,13.34,14.49,69.82,8.47,0.01,9.23
2018-12-11,2018,345,16.58,10.53,13.5,74.09,5.12,0.02,9.42
2018-12-12,2018,346,17.13,10.48,13.01,87.56,2.97,1.54,6.24
2018-12-13,2018,347,18.55,10.66,13.63,79.24,3.08,0.5,9.29
2018-12-14,2018,348,12.67,10.19,11.47,86.5,3.02,30.91,4.09
2018-12-15,2018,349,14.94,11.8,12.94,74.18,6.84,9.99,7.87
2018-12-16,2018,350,17.73,12.11,14.1,80.1,3.25,0.5,8.87
2018-12-17,2018,351,17.17,12.3,14.12,74.12,6.89,0.13,7.53
2018-12-18,2018,352,16.06,8.6,12.78,76.41,3.99,0.06,9.19
2018-12-19,2018,353,17.11,4.94,10.71,70.77,1.63,0.0,10.42
2018-12-20,2018,354,16.36,8.75,12.56,89.76,2.42,1.57,8.94
2018-12-21,2018,355,17.26,9.59,12.7,80.84,2.04,0.02,9.55
2018-12-22,2018,356,17.08,8.71,12.32,84.48,3.53,0.01,10.25
2018-12-23,2018,357,18.37,10.92,14.04,89.81,4.37,0.06,9.41
2018-12-24,2018,358,18.64,10.22,13.5,85.22,4.64,0.03,10.29
2018-12-25,2018,359,16.78,9.67,13.48,85.02,4.29,0.66,4.54
2018-12-26,2018,360,15.98,9.54,11.8,69.07,1.82,0.0,9.66
2018-12-27,2018,361,14.88,5.86,9.75,73.52,1.42,0.0,10.14
2018-12-28,2018,362,15.78,5.69,10.64,70.31,1.17,0.0,9.72
2018-12-29,2018,363,15.64,9.89,12.13,69.78,0.95,0.0,8.84
2018-12-30,2018,364,15.52,8.22,11.82,83.61,2.8,0.13,9.56
2018-12-31,2018,365,16.02,9.6,12.66,78.54,3.91,0.32,7.01
2019-01-01,2019,1,15.7,9.29,11.98,75.91,4.32,0.07,7.45
2019-01-02,2019,2,16.26,9.34,13.34,79.14,6.74,0.91,7.04
2019-01-03,2019,3,12.99,6.52,10.1,60.66,5.16,0.03,8.39
2019-01-04,2019,4,11.22,6.32,8.37,71.0,2.65,1.0,5.65
2019-01-05,2019,5,13.19,5.06,9.25,70.37,3.9,1.26,10.12
2019-01-06,2019,6,13.92,10.9,12.14,80.91,4.21,1.11,5.08
2019-01-07,2019,7,15.03,10.86,12.4,75.48,1.86,0.78,7.92
2019-01-08,2019,8,14.15,9.3,11.35,81.01,4.01,1.97,7.39
2019-01-09,2019,9,14.06,10.29,11.91,73.06,8.15,4.84,5.29
2019-01-10,2019,10,11.36,6.96,9.44,72.47,4.75,4.11,8.16
2019-01-11,2019,11,11.52,5.86,7.94,73.88,3.26,0.7,7.07
2019-01-12,2019,12,12.15,7.07,9.21,67.66,5.08,0.23,9.03
2019-01-13,2019,13,13.46,9.49,11.74,78.43,7.25,1.35,4.84
2019-01-14,2019,14,16.57,12.02,14.04,71.13,9.24,0.3,7.71
2019-01-15,2019,15,15.88,9.35,12.17,76.14,4.13,0.02,11.29
2019-01-16,2019,16,16.31,5.85,10.51,76.73,2.98,0.0,11.19
2019-01-17,2019,17,15.78,4.85,10.25,69.25,2.68,0.0,11.0
2019-01-18,2019,18,16.22,5.97,10.58,76.33,2.25,0.74,10.7
2019-01-19,2019,19,14.34,7.85,10.74,77.72,1.66,0.98,9.38
2019-01-20,2019,20,15.59,7.01,10.5,79.4,2.79,1.04,11.34
2019-01-21,2019,21,15.38,8.53,11.34,83.04,4.05,3.0,8.67
2019-01-22,2019,22,13.11,7.23,10.2,78.64,4.84,1.51,7.86
2019-01-23,2019,23,10.23,5.81,7.8,88.41,4.15,10.83,9.87
2019-01-24,2019,24,9.62,7.01,8.29,78.5,7.9,18.83,8.1
2019-01-25,2019,25,11.28,9.41,10.17,78.63,7.75,11.0,6.43
2019-01-26,2019,26,13.44,9.04,10.7,72.55,5.91,0.68,8.62
2019-01-27,2019,27,17.68,8.98,12.48,75.51,3.24,0.17,12.53
2019-01-28,2019,28,13.6,8.64,10.81,76.44,4.54,5.93,5.85
2019-01-29,2019,29,12.52,8.87,10.05,69.08,6.66,1.39,10.18
2019-01-30,2019,30,13.88,7.19,9.92,79.79,4.04,6.26,11.01
2019-01-31,2019,31,17.05,5.19,10.75,76.96,2.92,0.02,11.35
2019-02-01,2019,32,19.67,8.51,13.32,72.82,3.88,0.0,11.15
2019-02-02,2019,33,15.53,8.9,11.46,76.77,3.27,0.57,8.07
2019-02-03,2019,34,10.55,8.27,9.09,85.42,4.03,11.74,9.64
2019-02-04,2019,35,12.73,8.12,10.55,80.7,5.25,12.54,8.3
2019-02-05,2019,36,13.54,10.37,12.01,77.06,7.88,4.06,4.49
2019-02-06,2019,37,14.63,9.84,11.82,75.18,5.96,0.03,12.91
2019-02-07,2019,38,15.15,8.05,11.41,79.89,3.38,0.02,12.08
2019-02-08,2019,39,16.26,9.21,11.89,86.89,3.7,0.15,11.33
2019-02-09,2019,40,16.36,7.83,12.06,81.01,2.54,0.02,11.88
2019-02-10,2019,41,21.11,5.02,12.08,69.44,2.07,0.0,15.48
2019-02-11,2019,42,16.05,9.57,11.96,77.01,5.16,0.77,10.48
2019-02-12,2019,43,14.62,8.07,10.98,65.08,5.06,0.18,13.38
2019-02-13,2019,44,14.93,7.39,10.52,72.58,3.82,0.01,14.61
2019-02-14,2019,45,15.0,8.32,10.83,73.06,2.47,0.04,15.06
2019-02-15,2019,46,16.18,5.54,10.07,77.86,2.46,0.0,15.84
2019-02-16,2019,47,14.84,7.22,10.43,73.8,2.4,0.08,15.48
2019-02-17,2019,48,15.31,4.02,9.05,69.92,2.35,0.0,15.25
2019-02-18,2019,49,17.31,3.47,9.58,75.35,3.11,0.0,14.74
2019-02-19,2019,50,17.76,4.21,10.16,74.67,2.97,0.0,15.05
2019-02-20,2019,51,17.37,5.66,10.65,79.45,2.11,0.0,14.98
2019-02-21,2019,52,15.74,7.47,10.71,83.18,1.5,0.0,13.72
2019-02-22,2019,53,14.63,6.87,10.91,82.72,4.07,0.81,10.74
2019-02-23,2019,54,16.42,7.92,11.28,66.9,6.5,0.49,11.33
2019-02-24,2019,55,12.73,8.36,10.01,66.75,5.63,0.82,6.58
2019-02-25,2019,56,13.64,8.13,10.39,68.01,3.91,1.47,12.45
2019-02-26,2019,57,13.22,6.92,9.91,79.26,3.18,6.46,13.99
2019-02-27,2019,58,15.55,5.89,10.72,80.16,4.34,0.0,15.98
2019-02-28,2019,59,16.65,8.66,11.93,86.15,4.2,0.02,15.73
2019-03-01,2019,60,17.67,9.86,13.17,82.53,5.84,0.22,16.02
2019-03-02,2019,61,16.31,10.56,12.91,79.79,6.09,0.01,16.86
2019-03-03,2019,62,16.68,9.78,13.1,78.96,5.25,0.02,14.31
2019-03-04,2019,63,20.49,8.31,13.53,69.19,1.86,0.01,18.03
2019-03-05,2019,64,21.87,8.36,14.51,65.03,1.94,0.0,16.99
2019-03-06,2019,65,24.09,10.09,16.27,61.01,2.22,0.0,17.03
2019-03-07,2019,66,22.04,9.28,14.93,68.04,2.44,0.0,17.06
2019-03-08,2019,67,19.95,10.02,14.12,84.59,1.64,0.02,16.47
2019-03-09,2019,68,18.4,9.29,12.85,79.96,3.06,0.0,16.87
2019-03-10,2019,69,19.03,8.43,13.13,82.37,3.11,0.0,19.07
2019-03-11,2019,70,17.91,10.36,13.54,76.34,6.21,0.0,16.81
2019-03-12,2019,71,15.25,8.4,12.21,58.91,6.23,0.0,18.49
2019-03-13,2019,72,20.15,7.05,12.83,75.74,2.21,0.23,19.6
2019-03-14,2019,73,14.83,10.58,12.4,68.24,7.33,0.04,19.14
2019-03-15,2019,74,17.28,11.61,14.07,73.06,7.29,0.04,8.66
2019-03-16,2019,75,19.48,9.59,14.0,78.36,4.26,0.08,18.81
2019-03-17,2019,76,23.17,7.63,14.62,67.81,1.61,0.0,22.13
2019-03-18,2019,77,18.4,10.3,13.79,73.92,4.52,0.11,16.9
2019-03-19,2019,78,16.03,10.22,12.58,68.53,4.2,0.5,16.51
2019-03-20,2019,79,15.87,10.06,12.4,83.04,4.26,45.11,3.92
2019-03-21,2019,80,15.67,9.26,13.39,90.53,6.0,54.83,3.73
2019-03-22,2019,81,15.62,8.21,11.67,88.23,3.16,9.29,8.16
2019-03-23,2019,82,17.86,9.84,13.54,83.83,2.29,1.02,15.94
2019-03-24,2019,83,19.0,9.04,13.68,80.2,2.03,0.12,21.15
2019-03-25,2019,84,19.99,7.57,13.36,76.2,2.35,0.01,19.98
2019-03-26,2019,85,18.01,9.67,13.29,77.31,5.01,0.04,18.21
2019-03-27,2019,86,16.17,9.26,12.4,79.86,4.82,1.73,10.33
2019-03-28,2019,87,16.35,9.65,12.74,76.7,4.11,1.25,16.17
2019-03-29,2019,88,17.06,8.52,12.33,78.66,2.68,0.17,20.24
2019-03-30,2019,89,18.3,7.87,12.63,67.63,1.7,0.0,19.12
2019-03-31,2019,90,18.6,6.62,12.83,79.03,3.52,0.0,20.47
2019-04-01,2019,91,16.73,10.6,13.18,80.35,2.27,0.14,9.26
2019-04-02,2019,92,20.03,7.69,13.73,71.11,1.71,0.0,20.54
2019-04-03,2019,93,22.48,9.68,15.85,73.87,2.71,0.76,14.51
2019-04-04,2019,94,20.07,12.06,15.52,82.28,3.64,6.51,9.68
2019-04-05,2019,95,14.13,9.15,11.62,71.37,2.51,1.21,9.17
2019-04-06,2019,96,20.1,7.69,12.34,71.7,2.12,13.54,19.98
2019-04-07,2019,97,18.17,6.87,11.49,80.74,4.16,8.12,17.75
2019-04-08,2019,98,17.17,9.82,13.15,72.96,5.15,2.54,19.75
2019-04-09,2019,99,20.09,9.45,14.59,76.61,3.62,1.18,19.58
2019-04-10,2019,100,19.7,10.19,14.31,75.13,3.69,0.47,20.29
2019-04-11,2019,101,17.26,9.18,13.06,80.3,4.67,2.01,20.01
2019-04-12,2019,102,17.09,10.72,13.25,81.88,5.31,4.81,16.1
2019-04-13,2019,103,17.22,10.76,13.53,77.72,5.38,1.31,15.89
2019-04-14,2019,104,19.42,10.29,14.73,71.39,4.19,0.02,23.26
2019-04-15,2019,105,17.91,11.39,14.31,72.38,4.33,0.02,21.47
2019-04-16,2019,106,23.36,9.89,15.81,76.23,2.46,0.0,22.34
2019-04-17,2019,107,21.78,11.09,15.99,82.89,2.17,0.0,21.26
2019-04-18,2019,108,22.97,11.55,16.35,78.74,4.96,0.0,22.58
2019-04-19,2019,109,19.47,13.89,16.06,78.91,6.45,0.0,17.96
2019-04-20,2019,110,17.42,13.88,15.34,79.16,6.84,0.0,12.86
2019-04-21,2019,111,19.56,14.1,16.09,81.04,7.78,0.11,10.8
2019-04-22,2019,112,27.08,13.74,18.51,74.19,3.98,0.15,16.51
2019-04-23,2019,113,24.04,11.47,17.34,73.79,2.71,0.06,24.34
2019-04-24,2019,114,23.57,11.69,16.84,80.11,2.64,0.18,21.17
2019-04-25,2019,115,25.11,12.08,17.66,79.75,1.4,0.14,21.53
2019-04-26,2019,116,22.54,13.73,17.67,77.66,3.11,0.08,22.27
2019-04-27,2019,117,20.05,11.97,15.68,73.27,5.05,0.05,27.2
2019-04-28,2019,118,20.94,12.09,15.97,74.15,4.47,0.06,25.43
2019-04-29,2019,119,20.58,10.69,15.24,73.4,3.89,0.07,25.67
2019-04-30,2019,120,19.08,9.89,14.34,69.61,2.51,0.01,24.09
2019-05-01,2019,121,20.5,9.25,14.87,69.36,2.19,0.0,25.78
2019-05-02,2019,122,22.63,9.68,16.14,73.26,2.95,0.01,26.21
2019-05-03,2019,123,21.79,14.27,16.9,81.12,3.48,9.84,9.85
2019-05-04,2019,124,19.57,13.23,16.33,77.91,5.82,1.0,17.51
2019-05-05,2019,125,20.24,11.34,15.41,66.0,6.14,0.17,23.55
2019-05-06,2019,126,18.71,10.51,14.06,63.25,6.36,0.0,24.79
2019-05-07,2019,127,20.37,8.8,14.04,64.88,2.62,0.0,25.41
2019-05-08,2019,128,28.58,9.85,18.62,68.27,2.89,0.0,25.72
2019-05-09,2019,129,25.37,14.85,19.75,69.54,3.61,0.02,24.8
2019-05-10,2019,130,26.58,13.63,19.82,71.32,2.22,0.0,25.54
2019-05-11,2019,131,28.67,16.24,21.02,70.62,1.59,0.04,25.62
2019-05-12,2019,132,21.01,14.63,17.51,65.5,7.9,0.11,26.15
2019-05-13,2019,133,18.7,12.66,15.67,74.34,6.2,7.29,12.47
2019-05-14,2019,134,20.0,12.34,15.94,74.71,3.66,4.69,16.95
2019-05-15,2019,135,22.74,13.08,17.38,68.16,3.13,0.23,23.66
2019-05-16,2019,136,19.38,11.61,15.51,68.23,4.81,0.08,25.81
2019-05-17,2019,137,29.6,11.45,19.25,67.61,3.8,0.04,25.37
2019-05-18,2019,138,22.76,14.5,18.4,66.79,3.02,0.01,22.51
2019-05-19,2019,139,22.74,12.53,17.41,71.31,2.56,0.37,17.93
2019-05-20,2019,140,22.56,11.8,17.3,67.19,3.18,0.07,23.66
2019-05-21,2019,141,27.02,11.59,19.17,61.0,1.83,0.14,24.19
2019-05-22,2019,142,25.16,15.07,19.23,65.47,1.94,0.86,16.92
2019-05-23,2019,143,25.49,13.72,19.53,54.26,2.01,0.0,28.25
2019-05-24,2019,144,28.31,13.5,20.4,67.87,2.75,2.82,23.2
2019-05-25,2019,145,21.32,16.84,18.65,84.99,2.91,29.74,9.38
2019-05-26,2019,146,21.6,15.38,17.78,82.91,5.29,13.89,9.88
2019-05-27,2019,147,20.35,15.16,17.79,80.52,7.2,4.77,10.15
2019-05-28,2019,148,24.39,14.65,19.34,71.55,3.73,0.03,28.01
2019-05-29,2019,149,21.6,15.73,18.61,69.04,3.43,0.11,18.82
2019-05-30,2019,150,22.71,13.51,17.85,68.1,4.58,0.0,25.48
2019-05-31,2019,151,22.64,13.17,17.79,77.45,3.03,0.05,25.83
2019-06-01,2019,152,23.29,13.51,18.3,73.28,3.13,0.02,27.91
2019-06-02,2019,153,25.79,13.1,19.78,65.87,1.99,0.0,28.91
2019-06-03,2019,154,29.13,14.63,21.88,56.64,1.79,0.0,28.89
2019-06-04,2019,155,31.39,15.65,23.26,55.32,3.2,0.0,29.54
2019-06-05,2019,156,35.58,16.87,24.85,58.88,2.99,0.0,28.46
2019-06-06,2019,157,26.47,18.98,21.61,75.94,2.75,0.01,19.38
2019-06-07,2019,158,35.65,18.46,26.52,52.97,4.19,0.0,26.96
2019-06-08,2019,159,35.87,20.06,27.45,49.74,3.22,0.0,27.85
2019-06-09,2019,160,36.17,21.81,27.98,39.16,4.78,0.0,26.28
2019-06-10,2019,161,34.77,19.26,25.59,53.74,2.33,0.01,24.84
2019-06-11,2019,162,32.16,18.72,23.56,71.73,3.07,0.17,21.21
2019-06-12,2019,163,26.74,18.08,21.87,73.37,4.07,0.06,26.96
2019-06-13,2019,164,33.13,17.52,24.49,67.59,2.83,0.01,27.66
2019-06-14,2019,165,34.74,20.27,26.36,60.02,3.8,0.07,12.83
2019-06-15,2019,166,29.97,19.34,23.77,69.52,2.91,0.01,25.62
2019-06-16,2019,167,29.6,18.98,23.36,69.4,3.18,0.03,27.83
2019-06-17,2019,168,28.9,18.78,23.18,67.66,3.05,0.02,24.94
2019-06-18,2019,169,29.66,17.06,22.81,65.68,2.47,0.0,29.55
2019-06-19,2019,170,34.25,17.45,25.61,57.75,1.88,0.01,27.68
2019-06-20,2019,171,32.53,21.02,26.45,59.3,2.51,0.0,22.86
2019-06-21,2019,172,37.48,22.18,28.58,57.38,1.51,0.04,23.73
2019-06-22,2019,173,38.92,21.8,28.13,57.27,2.42,0.0,26.25
2019-06-23,2019,174,39.45,20.48,28.01,60.08,1.79,0.0,26.42
2019-06-24,2019,175,33.21,21.72,26.49,70.26,2.35,0.02,28.75
2019-06-25,2019,176,33.34,20.42,26.38,63.63,2.41,0.01,26.35
2019-06-26,2019,177,32.29,20.86,26.34,62.82,2.47,0.0,28.17
2019-06-27,2019,178,31.7,22.27,26.48,68.14,2.32,0.19,27.04
2019-06-28,2019,179,33.9,21.25,27.45,61.83,2.32,0.14,26.71
2019-06-29,2019,180,34.05,22.16,27.66,59.42,2.94,0.04,27.63
2019-06-30,2019,181,33.15,22.42,27.25,62.64,2.36,0.05,27.78
2019-07-01,2019,182,33.94,20.43,27.18,60.01,3.3,0.02,28.76
2019-07-02,2019,183,34.69,20.64,27.63,59.6,3.02,0.02,28.39
2019-07-03,2019,184,36.67,21.63,29.08,48.72,3.02,0.0,28.04
2019-07-04,2019,185,39.53,23.23,31.29,44.15,2.72,0.0,26.47
2019-07-05,2019,186,35.37,23.47,28.49,60.95,2.53,3.58,27.75
2019-07-06,2019,187,37.65,22.38,29.11,57.08,1.05,3.58,27.78
2019-07-07,2019,188,36.58,23.92,29.53,55.94,2.28,0.0,26.29
2019-07-08,2019,189,38.41,25.9,31.5,44.71,2.15,0.01,24.61
2019-07-09,2019,190,41.18,25.11,31.79,46.37,2.96,0.02,24.9
2019-07-10,2019,191,32.36,23.64,27.48,63.04,4.64,0.03,25.25
2019-07-11,2019,192,32.57,22.4,26.74,62.0,2.95,0.0,26.74
2019-07-12,2019,193,32.85,21.04,27.0,59.46,3.65,0.0,27.54
2019-07-13,2019,194,36.63,22.3,29.33,51.15,3.14,0.0,27.72
2019-07-14,2019,195,33.52,23.16,27.85,56.25,2.44,0.0,24.85
2019-07-15,2019,196,30.95,23.89,26.98,61.22,5.92,1.08,25.33
2019-07-16,2019,197,28.97,22.49,25.45,62.7,6.32,0.45,22.77
2019-07-17,2019,198,31.43,20.94,25.85,60.97,2.89,0.0,25.53
2019-07-18,2019,199,32.87,21.57,26.44,59.1,2.57,0.18,25.42
2019-07-19,2019,200,32.52,20.87,26.37,65.33,2.63,0.05,25.6
2019-07-20,2019,201,35.37,21.82,28.26,54.62,3.83,0.0,27.48
2019-07-21,2019,202,34.5,23.39,28.42,56.9,3.79,0.0,25.74
2019-07-22,2019,203,33.45,22.27,27.68,56.17,2.3,0.0,25.6
2019-07-23,2019,204,35.03,22.59,28.37,53.01,1.71,0.0,27.08
2019-07-24,2019,205,34.75,23.44,28.57,53.36,1.97,0.0,26.81
2019-07-25,2019,206,36.09,23.33,29.56,51.63,2.74,0.01,27.34
2019-07-26,2019,207,40.58,24.21,31.69,46.6,2.78,0.0,26.24
2019-07-27,2019,208,34.81,25.12,29.08,52.39,2.78,0.01,22.82
2019-07-28,2019,209,33.2,23.38,27.71,61.64,4.85,0.0,25.27
2019-07-29,2019,210,32.19,22.22,26.62,58.67,3.23,0.0,26.67
2019-07-30,2019,211,32.78,21.57,26.5,60.7,2.58,0.0,26.41
2019-07-31,2019,212,34.91,21.69,28.11,55.25,1.93,0.0,25.3
2019-08-01,2019,213,40.45,23.97,32.05,39.36,3.56,0.0,24.14
2019-08-02,2019,214,40.56,26.76,32.88,41.74,3.07,0.0,23.22
2019-08-03,2019,215,35.39,25.76,29.76,56.93,3.29,0.1,25.26
2019-08-04,2019,216,36.14,23.74,29.01,54.3,2.7,0.0,25.45
2019-08-05,2019,217,37.87,22.85,30.01,51.09,3.05,0.4,26.08
2019-08-06,2019,218,39.79,24.92,32.16,46.4,4.46,0.03,25.52
2019-08-07,2019,219,41.25,27.6,33.67,38.81,1.93,0.04,24.22
2019-08-08,2019,220,36.89,25.25,30.89,50.07,3.25,0.21,23.02
2019-08-09,2019,221,35.11,23.12,28.57,65.46,2.18,0.25,25.56
2019-08-10,2019,222,36.32,23.95,29.57,58.17,1.88,0.0,25.34
2019-08-11,2019,223,36.72,24.4,29.88,56.4,2.19,0.0,25.76
2019-08-12,2019,224,38.81,24.1,30.84,50.89,1.79,0.0,25.78
2019-08-13,2019,225,34.13,25.42,28.92,66.32,5.32,0.46,24.92
2019-08-14,2019,226,30.64,23.89,26.94,53.06,6.44,0.0,24.44
2019-08-15,2019,227,30.47,22.9,26.24,59.03,5.21,0.0,25.38
2019-08-16,2019,228,31.76,22.15,26.7,61.26,4.15,0.0,24.2
2019-08-17,2019,229,33.51,21.46,27.17,57.35,2.47,0.0,25.64
2019-08-18,2019,230,36.4,22.1,29.02,55.56,3.35,0.0,25.07
2019-08-19,2019,231,35.82,24.32,29.34,58.18,4.55,0.0,23.53
2019-08-20,2019,232,35.76,24.1,29.16,58.85,5.34,0.0,23.45
2019-08-21,2019,233,34.71,24.1,28.83,56.82,3.89,0.0,22.69
2019-08-22,2019,234,35.54,22.56,28.8,56.82,3.79,0.0,22.69
2019-08-23,2019,235,33.3,25.18,28.08,63.06,1.71,4.49,19.17
2019-08-24,2019,236,33.95,23.79,28.47,63.28,1.32,0.42,22.06
2019-08-25,2019,237,33.75,24.9,28.58,66.81,1.86,4.61,17.81
2019-08-26,2019,238,34.75,24.94,29.04,63.59,2.56,2.5,20.75
2019-08-27,2019,239,36.93,25.23,29.95,59.76,2.95,0.27,22.36
2019-08-28,2019,240,33.06,24.21,28.24,66.92,2.15,28.0,12.2
2019-08-29,2019,241,30.22,23.26,26.2,73.84,1.62,7.27,17.78
2019-08-30,2019,242,29.5,22.86,25.7,76.32,2.01,1.61,18.63
2019-08-31,2019,243,27.94,23.22,25.0,78.62,1.05,19.64,10.13
2019-09-01,2019,244,27.6,21.89,24.17,80.15,3.65,13.65,14.33
2019-09-02,2019,245,28.24,21.69,24.74,77.78,4.22,1.98,15.67
2019-09-03,2019,246,29.27,22.49,25.32,67.35,5.48,0.11,22.05
2019-09-04,2019,247,28.98,21.07,24.7,71.21,4.07,0.09,19.13
2019-09-05,2019,248,28.5,22.59,24.99,75.3,4.2,0.36,20.61
2019-09-06,2019,249,28.28,20.55,24.14,64.31,5.02,0.01,20.31
2019-09-07,2019,250,28.25,20.05,23.42,60.24,4.17,0.0,21.44
2019-09-08,2019,251,29.48,20.2,23.19,70.33,2.51,4.02,18.12
2019-09-09,2019,252,28.83,19.98,23.49,69.88,1.78,0.83,17.25
2019-09-10,2019,253,28.63,20.46,23.35,81.61,1.99,46.61,14.86
2019-09-11,2019,254,29.37,19.47,23.98,78.4,2.39,0.7,20.83
2019-09-12,2019,255,27.39,22.05,24.3,79.67,3.1,4.35,19.85
2019-09-13,2019,256,30.28,21.2,25.06,75.03,2.82,0.38,20.5
2019-09-14,2019,257,30.88,20.79,25.11,69.95,2.88,0.11,20.6
2019-09-15,2019,258,30.78,21.11,25.42,69.31,3.41,0.04,19.47
2019-09-16,2019,259,33.09,21.03,26.23,69.93,2.39,0.27,19.1
2019-09-17,2019,260,32.18,21.84,26.38,71.82,1.57,3.48,18.36
2019-09-18,2019,261,32.56,22.94,26.57,73.44,1.17,1.27,16.11
2019-09-19,2019,262,29.24,22.71,25.16,78.27,1.65,0.92,17.82
2019-09-20,2019,263,29.15,21.87,24.87,78.22,2.32,2.45,17.43
2019-09-21,2019,264,31.38,22.6,26.57,74.6,4.26,5.63,15.91
2019-09-22,2019,265,33.67,23.53,26.88,72.8,4.96,11.97,11.56
2019-09-23,2019,266,29.07,22.35,24.85,77.35,3.16,1.19,16.74
2019-09-24,2019,267,27.95,20.05,23.87,71.83,3.71,0.02,17.97
2019-09-25,2019,268,30.2,19.08,23.49,72.94,2.11,0.0,19.29
2019-09-26,2019,269,27.82,19.73,23.39,77.97,3.88,0.08,17.08
2019-09-27,2019,270,27.78,19.62,23.07,75.01,2.68,0.0,18.74
2019-09-28,2019,271,30.52,18.9,23.71,74.16,1.56,0.1,18.88
2019-09-29,2019,272,29.52,18.58,23.36,72.69,1.49,0.06,18.99
2019-09-30,2019,273,29.26,17.99,23.18,72.53,2.16,0.04,18.87
2019-10-01,2019,274,30.77,17.6,23.48,66.26,1.88,0.01,19.51
2019-10-02,2019,275,29.52,18.48,23.42,70.46,3.66,3.81,17.34
2019-10-03,2019,276,24.84,19.59,21.9,62.99,7.15,0.13,16.33
2019-10-04,2019,277,25.66,18.1,21.28,68.01,4.71,0.12,17.75
2019-10-05,2019,278,27.68,16.25,21.5,68.53,2.99,0.0,18.48
2019-10-06,2019,279,27.02,18.44,22.18,75.47,4.4,0.17,17.18
2019-10-07,2019,280,22.27,19.21,20.57,75.41,6.07,19.32,4.78
2019-10-08,2019,281,24.82,17.89,21.28,67.18,5.44,1.81,15.21
2019-10-09,2019,282,25.65,17.55,21.05,75.26,2.86,0.57,12.41
2019-10-10,2019,283,25.7,17.96,21.17,73.26,3.74,0.07,16.91
2019-10-11,2019,284,25.38,16.93,20.46,70.5,3.08,0.0,17.37
2019-10-12,2019,285,29.18,15.3,21.48,70.11,3.36,0.0,17.03
2019-10-13,2019,286,30.11,16.96,22.71,69.36,4.29,0.02,13.92
2019-10-14,2019,287,29.92,18.39,23.44,67.87,4.63,0.13,16.3
2019-10-15,2019,288,27.63,18.06,22.24,70.13,4.41,0.49,8.67
2019-10-16,2019,289,25.06,17.97,20.91,71.94,2.25,0.29,13.7
2019-10-17,2019,290,27.56,16.23,21.17,74.45,1.89,0.01,15.07
2019-10-18,2019,291,26.59,16.97,21.1,76.95,1.22,0.01,15.41
2019-10-19,2019,292,30.49,16.89,22.96,67.21,3.3,0.01,15.78
2019-10-20,2019,293,30.25,18.43,23.56,62.14,5.22,0.0,15.5
2019-10-21,2019,294,30.01,18.49,23.49,71.5,3.97,0.02,15.35
2019-10-22,2019,295,28.32,19.77,23.26,79.73,5.96,0.03,14.44
2019-10-23,2019,296,28.12,20.92,23.57,75.35,7.58,0.12,11.92
2019-10-24,2019,297,22.62,17.44,20.31,78.1,3.81,13.62,6.23
2019-10-25,2019,298,19.33,15.11,17.24,80.92,3.56,20.02,11.66
2019-10-26,2019,299,20.28,14.51,17.2,80.27,1.57,4.68,10.49
2019-10-27,2019,300,21.85,14.71,17.87,74.93,1.59,0.13,9.05
2019-10-28,2019,301,22.48,16.36,18.69,82.37,2.25,0.69,8.43
2019-10-29,2019,302,23.54,16.33,19.2,82.69,2.21,0.61,13.28
2019-10-30,2019,303,22.33,16.36,18.72,85.9,2.39,1.61,12.37
2019-10-31,2019,304,24.05,15.88,19.32,83.09,2.86,3.35,13.39
2019-11-01,2019,305,21.32,17.12,18.57,82.67,4.1,11.44,7.68
2019-11-02,2019,306,24.43,15.59,19.56,72.14,2.39,0.19,12.88
2019-11-03,2019,307,26.11,15.59,20.06,72.11,4.37,0.8,11.95
2019-11-04,2019,308,24.0,16.03,19.34,72.39,3.88,0.58,12.62
2019-11-05,2019,309,25.57,13.82,18.8,72.27,3.27,1.18,11.48
2019-11-06,2019,310,19.11,14.51,16.75,79.15,2.95,11.93,3.24
2019-11-07,2019,311,20.47,13.36,16.33,70.12,2.96,0.1,12.62
2019-11-08,2019,312,21.87,10.14,15.3,74.12,4.37,5.13,12.41
2019-11-09,2019,313,17.42,11.56,13.94,76.39,5.45,1.97,11.5
2019-11-10,2019,314,18.38,10.74,13.89,71.5,4.12,3.84,10.25
2019-11-11,2019,315,15.24,9.79,11.98,76.81,2.9,1.3,7.7
2019-11-12,2019,316,16.02,10.43,14.07,76.33,8.04,22.61,1.54
2019-11-13,2019,317,18.62,13.19,15.63,68.04,5.34,0.27,12.74
2019-11-14,2019,318,20.16,13.01,15.86,67.28,4.63,0.35,10.99
2019-11-15,2019,319,21.31,11.11,15.22,74.13,3.24,1.66,9.85
2019-11-16,2019,320,20.72,11.58,15.83,79.34,2.81,1.98,7.09
2019-11-17,2019,321,16.6,9.98,12.99,75.39,5.9,3.42,9.65
2019-11-18,2019,322,17.5,9.39,12.62,61.18,4.36,0.06,11.41
2019-11-19,2019,323,15.86,8.72,11.93,76.42,4.26,2.75,9.68
2019-11-20,2019,324,18.32,10.23,13.09,67.85,3.23,0.03,11.01
2019-11-21,2019,325,19.68,9.45,13.51,66.29,2.92,0.01,11.16
2019-11-22,2019,326,19.67,9.21,13.37,63.93,3.12,0.0,8.55
2019-11-23,2019,327,17.32,9.57,12.16,68.89,5.38,8.82,4.36
2019-11-24,2019,328,17.22,10.47,13.58,79.43,6.45,1.48,8.63
2019-11-25,2019,329,17.41,12.53,14.88,74.39,7.27,0.7,7.93
2019-11-26,2019,330,19.15,11.2,15.23,79.74,4.27,0.09,9.6
2019-11-27,2019,331,21.18,9.73,14.17,82.55,2.65,0.0,10.94
2019-11-28,2019,332,20.26,11.82,14.89,82.43,4.37,0.02,10.49
2019-11-29,2019,333,20.87,8.9,14.01,82.2,3.01,0.01,10.94
2019-11-30,2019,334,19.29,11.92,15.04,79.64,2.8,0.01,10.1
2019-12-01,2019,335,19.89,10.86,14.75,81.99,4.72,0.0,9.93
2019-12-02,2019,336,21.23,11.63,15.6,88.32,2.59,0.23,9.56
2019-12-03,2019,337,20.06,12.42,15.45,90.6,1.31,0.62,9.01
2019-12-04,2019,338,18.86,11.79,15.11,92.95,4.74,5.23,3.35
2019-12-05,2019,339,20.07,9.25,13.93,73.2,2.04,0.0,10.32
2019-12-06,2019,340,20.68,10.39,14.53,67.02,1.62,0.0,10.04
2019-12-07,2019,341,20.33,8.56,13.37,65.82,1.57,0.0,10.22
2019-12-08,2019,342,19.47,10.75,14.27,80.16,1.73,1.05,7.26
2019-12-09,2019,343,17.02,12.18,14.04,83.79,4.99,11.6,7.12
2019-12-10,2019,344,13.83,11.77,12.59,75.88,7.67,23.2,5.67
2019-12-11,2019,345,15.68,10.94,13.37,68.76,6.08,4.43,9.15
2019-12-12,2019,346,15.82,11.67,13.26,78.15,6.19,3.26,8.75
2019-12-13,2019,347,17.3,9.5,13.71,84.32,7.21,1.09,2.92
2019-12-14,2019,348,19.43,12.77,16.4,84.37,7.84,0.06,7.37
2019-12-15,2019,349,18.85,9.36,13.22,84.79,2.62,0.01,8.33
2019-12-16,2019,350,21.99,7.97,13.73,75.26,3.99,0.0,9.84
2019-12-17,2019,351,16.76,12.32,14.42,88.01,5.57,0.12,4.78
2019-12-18,2019,352,16.88,11.53,14.7,92.9,3.02,9.01,2.81
2019-12-19,2019,353,17.49,10.15,12.97,90.55,3.58,3.59,6.35
2019-12-20,2019,354,19.82,7.81,12.52,72.95,2.98,0.02,9.71
2019-12-21,2019,355,21.23,11.15,15.09,72.26,3.7,0.05,5.7
2019-12-22,2019,356,19.25,14.65,16.46,73.1,8.39,0.02,9.17
2019-12-23,2019,357,16.95,13.46,15.21,65.89,9.33,0.05,10.09
2019-12-24,2019,358,17.16,12.94,14.56,75.57,6.46,0.1,7.51
2019-12-25,2019,359,19.4,12.76,14.76,86.68,5.32,0.18,9.79
2019-12-26,2019,360,18.91,12.02,14.52,87.53,4.4,0.43,9.62
2019-12-27,2019,361,17.08,12.65,14.31,79.0,6.1,0.28,9.54
2019-12-28,2019,362,16.8,11.29,13.89,77.54,4.4,3.47,7.63
2019-12-29,2019,363,13.78,7.77,10.63,66.56,4.07,0.05,6.81
2019-12-30,2019,364,13.32,9.31,10.76,68.47,4.36,2.13,6.57
2019-12-31,2019,365,13.85,6.95,9.71,71.14,2.77,0.07,9.25
2020-01-01,2020,1,14.01,7.57,9.96,76.92,2.9,0.02,6.72
2020-01-02,2020,2,15.65,7.76,10.59,86.79,2.69,0.0,10.25
2020-01-03,2020,3,15.14,6.09,9.89,88.67,1.98,0.0,10.3
2020-01-04,2020,4,14.67,8.72,12.18,81.78,4.2,0.39,4.25
2020-01-05,2020,5,14.6,9.91,12.76,79.54,4.59,0.28,6.75
2020-01-06,2020,6,15.56,8.62,11.27,71.21,2.71,0.04,10.09
2020-01-07,2020,7,15.47,7.55,11.0,82.04,3.14,0.14,10.27
2020-01-08,2020,8,14.48,10.64,12.15,88.66,2.4,12.49,3.09
2020-01-09,2020,9,14.5,8.3,11.05,86.54,2.06,0.63,8.05
2020-01-10,2020,10,15.8,7.39,10.25,86.41,2.08,0.08,6.86
2020-01-11,2020,11,15.05,8.04,10.82,83.18,1.87,2.77,7.74
2020-01-12,2020,12,14.23,9.16,11.36,82.8,1.64,1.34,7.99
2020-01-13,2020,13,14.24,8.02,10.56,81.97,2.04,0.52,7.54
2020-01-14,2020,14,15.19,7.5,10.26,80.24,1.44,0.0,10.79
2020-01-15,2020,15,15.67,5.18,9.43,82.26,1.95,0.0,11.0
2020-01-16,2020,16,14.86,5.89,9.6,77.71,1.11,0.0,10.97
2020-01-17,2020,17,14.18,5.9,9.59,81.72,1.87,0.02,10.35
2020-01-18,2020,18,15.75,8.52,11.79,80.07,3.88,0.03,10.68
2020-01-19,2020,19,17.06,5.68,10.58,75.7,3.59,0.0,11.31
2020-01-20,2020,20,16.64,8.05,12.56,80.7,5.61,0.07,7.19
2020-01-21,2020,21,17.6,13.13,14.87,78.04,8.04,0.02,8.88
2020-01-22,2020,22,17.38,11.33,13.92,79.5,5.96,0.03,8.95
2020-01-23,2020,23,17.79,10.22,13.06,86.58,4.42,0.11,10.28
2020-01-24,2020,24,19.49,9.05,12.98,82.5,2.44,0.07,8.68
2020-01-25,2020,25,16.76,6.97,11.47,80.32,1.45,0.01,9.48
2020-01-26,2020,26,17.05,6.51,10.65,80.38,3.28,0.35,8.77
2020-01-27,2020,27,16.41,8.87,11.83,89.85,3.05,0.13,10.9
2020-01-28,2020,28,17.26,6.21,11.02,80.04,3.01,0.0,10.45
2020-01-29,2020,29,18.32,11.3,13.8,83.39,4.5,0.08,12.21
2020-01-30,2020,30,18.71,9.98,13.53,87.83,2.05,0.09,11.39
2020-01-31,2020,31,17.65,9.21,12.85,83.64,1.88,0.01,9.67
2020-02-01,2020,32,18.14,10.34,13.1,87.51,2.95,0.09,11.16
2020-02-02,2020,33,18.22,10.88,13.87,88.53,4.35,0.06,11.54
2020-02-03,2020,34,20.25,12.25,15.26,81.34,5.91,0.01,12.57
2020-02-04,2020,35,19.89,11.82,15.03,75.32,6.99,0.0,13.17
2020-02-05,2020,36,14.64,11.29,12.58,58.9,7.64,0.69,13.16
2020-02-06,2020,37,13.63,8.24,10.95,56.43,5.28,0.02,10.05
2020-02-07,2020,38,14.84,6.91,10.19,62.87,1.68,0.0,14.69
2020-02-08,2020,39,17.35,5.4,10.7,73.35,2.24,0.0,14.0
2020-02-09,2020,40,18.92,7.78,12.42,66.86,1.52,0.0,13.94
2020-02-10,2020,41,19.74,7.47,12.52,74.97,2.81,0.0,14.12
2020-02-11,2020,42,19.54,9.78,13.59,74.97,4.3,0.0,14.83
2020-02-12,2020,43,18.84,11.03,14.08,82.46,2.94,0.0,14.54
2020-02-13,2020,44,21.15,10.62,14.32,74.27,1.29,0.0,12.27
2020-02-14,2020,45,18.43,11.03,13.87,85.56,4.86,0.07,12.41
2020-02-15,2020,46,17.13,9.05,12.4,74.12,2.47,0.0,13.23
2020-02-16,2020,47,17.21,6.94,11.1,74.48,1.49,0.02,15.89
2020-02-17,2020,48,17.91,4.72,10.4,76.11,2.47,0.03,15.5
2020-02-18,2020,49,17.21,6.68,11.72,83.11,3.86,0.05,13.05
2020-02-19,2020,50,16.2,9.51,12.26,72.62,5.74,0.0,14.2
2020-02-20,2020,51,16.73,9.28,12.78,74.78,4.25,0.01,13.78
2020-02-21,2020,52,17.15,8.09,12.13,81.26,3.2,0.02,16.19
2020-02-22,2020,53,15.95,10.62,12.98,78.81,3.48,0.09,12.59
2020-02-23,2020,54,18.45,9.05,12.78,79.64,1.93,0.01,16.15
2020-02-24,2020,55,19.13,8.87,12.71,81.53,4.0,0.06,17.53
2020-02-25,2020,56,23.17,6.85,13.56,68.54,2.34,0.0,17.04
2020-02-26,2020,57,18.42,10.65,13.95,77.13,4.17,0.14,12.91
2020-02-27,2020,58,17.01,9.15,12.62,68.45,3.64,0.03,13.56
2020-02-28,2020,59,19.84,9.02,13.36,76.79,4.05,0.0,16.11
2020-02-29,2020,60,24.61,7.45,15.04,68.65,2.18,0.01,16.67
2020-03-01,2020,61,22.54,9.2,14.98,65.79,2.62,0.0,17.47
2020-03-02,2020,62,22.96,10.93,16.07,74.27,3.75,7.18,14.5
2020-03-03,2020,63,15.85,11.1,13.24,70.7,5.34,5.42,15.44
2020-03-04,2020,64,16.06,11.0,13.4,70.99,7.93,4.41,14.35
2020-03-05,2020,65,21.99,10.02,14.93,78.15,2.26,0.16,17.44
2020-03-06,2020,66,20.41,11.41,14.9,74.51,4.44,0.74,13.83
2020-03-07,2020,67,13.37,10.61,11.78,77.44,6.0,7.74,13.41
2020-03-08,2020,68,15.38,8.94,12.18,74.12,5.13,2.54,13.95
2020-03-09,2020,69,16.65,7.87,11.72,81.4,4.13,3.41,13.45
2020-03-10,2020,70,15.61,10.19,12.46,75.6,4.87,5.1,12.5
2020-03-11,2020,71,17.36,9.73,13.14,82.25,3.4,0.56,9.71
2020-03-12,2020,72,21.79,7.55,13.97,74.91,1.7,0.0,19.95
2020-03-13,2020,73,25.63,9.96,16.38,68.18,1.96,0.0,19.55
2020-03-14,2020,74,20.6,11.22,15.12,77.92,3.66,0.01,17.69
2020-03-15,2020,75,18.99,10.44,13.86,81.4,2.97,0.01,18.55
2020-03-16,2020,76,20.27,9.57,14.4,80.75,4.23,0.02,17.09
2020-03-17,2020,77,17.75,11.44,14.14,84.14,4.5,0.36,13.76
2020-03-18,2020,78,17.54,9.8,13.36,75.62,3.15,0.06,8.86
2020-03-19,2020,79,18.59,8.87,13.22,75.05,3.28,0.04,12.45
2020-03-20,2020,80,19.65,10.31,14.51,77.23,5.1,0.07,17.26
2020-03-21,2020,81,16.66,12.37,14.3,84.96,5.24,6.62,4.57
2020-03-22,2020,82,17.44,11.52,14.09,83.1,3.0,3.22,9.79
2020-03-23,2020,83,18.37,9.65,13.63,82.81,2.46,0.18,16.63
2020-03-24,2020,84,15.89,9.96,12.18,80.01,4.03,3.48,12.28
2020-03-25,2020,85,10.5,8.32,9.3,81.31,6.29,25.65,7.49
2020-03-26,2020,86,12.88,7.93,9.91,64.77,4.85,0.54,17.9
2020-03-27,2020,87,14.38,7.18,10.66,76.33,3.77,3.17,17.43
2020-03-28,2020,88,17.93,6.83,12.06,76.33,2.46,0.36,17.66
2020-03-29,2020,89,13.74,9.42,11.39,81.78,1.33,8.38,6.6
2020-03-30,2020,90,16.94,8.06,12.16,83.47,3.11,4.75,17.27
2020-03-31,2020,91,21.3,7.68,14.5,73.26,1.27,0.39,18.79
2020-04-01,2020,92,17.5,9.22,13.15,79.87,3.29,1.69,15.57
2020-04-02,2020,93,16.52,8.73,12.87,87.53,2.27,4.5,15.83
2020-04-03,2020,94,13.43,10.95,12.28,91.2,2.36,10.71,9.09
2020-04-04,2020,95,17.49,9.45,13.12,76.87,3.57,0.26,20.59
2020-04-05,2020,96,18.86,8.56,13.2,74.49,2.79,0.01,20.25
2020-04-06,2020,97,19.21,7.63,13.33,72.32,1.81,0.0,21.0
2020-04-07,2020,98,19.65,8.39,13.97,77.08,1.95,0.03,20.75
2020-04-08,2020,99,19.44,10.64,14.29,75.99,1.46,0.06,20.83
2020-04-09,2020,100,20.39,8.95,14.29,72.96,1.93,0.0,21.85
2020-04-10,2020,101,20.37,9.69,15.29,74.71,2.89,0.1,21.63
2020-04-11,2020,102,20.67,11.96,15.83,71.46,1.73,0.0,20.15
2020-04-12,2020,103,22.36,9.95,15.96,64.18,2.44,0.0,22.8
2020-04-13,2020,104,22.18,11.0,16.52,67.89,5.66,0.0,19.11
2020-04-14,2020,105,23.15,12.67,17.06,79.69,3.52,0.0,20.45
2020-04-15,2020,106,23.27,12.66,17.46,75.16,3.18,0.0,18.25
2020-04-16,2020,107,26.12,13.19,18.79,76.06,2.67,0.09,18.49
2020-04-17,2020,108,29.96,13.85,21.0,72.82,2.5,0.28,21.2
2020-04-18,2020,109,24.47,17.12,20.12,79.99,2.0,15.31,18.72
2020-04-19,2020,110,24.73,15.99,19.39,75.78,3.44,1.63,16.06
2020-04-20,2020,111,23.1,15.78,18.32,81.95,4.71,5.52,12.03
2020-04-21,2020,112,21.75,13.74,17.5,75.67,6.67,5.08,18.08
2020-04-22,2020,113,19.29,13.35,15.83,82.42,1.83,23.94,11.74
2020-04-23,2020,114,20.53,12.81,16.15,77.01,2.68,2.63,21.71
2020-04-24,2020,115,20.64,10.53,15.78,80.27,1.52,0.44,15.7
2020-04-25,2020,116,25.3,12.16,17.97,77.11,2.37,0.2,16.08
2020-04-26,2020,117,22.7,15.78,18.87,74.05,0.87,2.26,15.97
2020-04-27,2020,118,22.96,14.37,18.13,79.97,1.87,3.96,18.56
2020-04-28,2020,119,22.84,14.2,17.54,81.76,3.24,3.58,20.07
2020-04-29,2020,120,22.08,13.27,16.97,76.65,2.93,23.64,13.36
2020-04-30,2020,121,23.08,12.31,17.39,70.56,3.33,0.0,25.46
2020-05-01,2020,122,24.29,12.92,18.35,66.91,3.61,0.0,27.05
2020-05-02,2020,123,25.54,13.87,19.19,69.34,4.57,0.0,25.49
2020-05-03,2020,124,25.03,15.3,19.57,73.33,4.9,0.03,27.1
2020-05-04,2020,125,25.47,13.64,19.47,73.44,2.76,0.0,27.8
2020-05-05,2020,126,31.85,14.64,22.62,69.05,2.14,0.02,25.33
2020-05-06,2020,127,29.08,18.15,22.5,67.14,3.82,0.01,26.47
2020-05-07,2020,128,24.68,15.93,20.04,77.67,3.38,0.0,25.23
2020-05-08,2020,129,25.91,15.02,20.01,72.02,5.48,0.0,24.64
2020-05-09,2020,130,29.34,15.74,21.22,70.21,4.41,0.02,18.5
2020-05-10,2020,131,28.29,16.69,21.69,72.24,4.12,0.01,23.1
2020-05-11,2020,132,25.69,15.86,20.09,65.32,3.43,0.0,26.21
2020-05-12,2020,133,29.91,14.58,22.06,56.27,4.05,0.0,27.55
2020-05-13,2020,134,31.81,16.8,23.04,62.91,3.04,0.01,11.95
2020-05-14,2020,135,34.28,17.94,23.55,62.56,4.24,0.02,19.02
2020-05-15,2020,136,22.86,16.65,19.57,68.06,2.24,0.0,18.63
2020-05-16,2020,137,27.28,17.75,21.45,75.52,2.08,0.01,14.58
2020-05-17,2020,138,24.66,17.53,20.62,78.05,4.21,0.11,12.3
2020-05-18,2020,139,23.02,16.47,19.5,77.03,5.59,0.11,22.89
2020-05-19,2020,140,22.62,14.8,18.69,74.28,5.82,0.95,20.77
2020-05-20,2020,141,25.33,16.04,20.48,68.69,5.63,0.2,26.26
2020-05-21,2020,142,24.83,16.62,20.44,72.89,4.93,0.12,24.67
2020-05-22,2020,143,26.42,15.17,20.55,66.36,2.23,0.03,28.76
2020-05-23,2020,144,28.73,14.07,21.35,56.64,1.77,0.01,27.9
2020-05-24,2020,145,32.01,15.01,22.92,53.13,1.91,0.0,29.37
2020-05-25,2020,146,26.36,15.96,20.69,70.83,2.72,0.03,25.47
2020-05-26,2020,147,25.66,14.5,20.02,74.19,2.82,0.08,25.76
2020-05-27,2020,148,26.15,16.07,20.65,65.88,3.11,0.04,24.54
2020-05-28,2020,149,25.02,14.88,19.78,59.0,2.83,0.0,28.71
2020-05-29,2020,150,27.18,14.71,21.15,67.94,3.94,0.03,26.6
2020-05-30,2020,151,26.49,16.96,21.32,72.77,2.57,0.41,23.62
2020-05-31,2020,152,25.21,16.42,20.2,71.55,2.44,1.32,27.26
2020-06-01,2020,153,26.86,14.84,20.74,62.21,2.67,0.26,24.47
2020-06-02,2020,154,27.01,16.44,21.46,63.14,1.94,0.05,26.29
2020-06-03,2020,155,28.06,16.51,22.39,57.85,2.16,0.0,26.78
2020-06-04,2020,156,34.43,18.34,25.49,54.87,3.63,0.17,26.85
2020-06-05,2020,157,24.86,18.19,21.29,68.93,6.54,14.96,23.05
2020-06-06,2020,158,27.87,18.08,22.37,64.02,3.9,0.03,27.35
2020-06-07,2020,159,29.22,18.46,22.66,73.33,3.9,18.19,22.51
2020-06-08,2020,160,27.69,18.38,22.61,70.14,3.3,0.93,24.19
2020-06-09,2020,161,24.97,16.91,20.95,70.57,4.15,5.52,25.11
2020-06-10,2020,162,25.68,15.48,20.35,63.25,2.47,0.46,23.74
2020-06-11,2020,163,30.86,14.96,22.28,60.91,2.4,0.0,26.16
2020-06-12,2020,164,34.51,18.27,25.83,63.58,3.0,0.43,25.4
2020-06-13,2020,165,28.72,20.38,23.15,77.0,3.55,3.65,22.95
2020-06-14,2020,166,26.23,19.24,22.4,69.73,4.61,0.89,27.41
2020-06-15,2020,167,27.26,17.78,22.38,64.17,5.28,0.0,28.09
2020-06-16,2020,168,29.42,17.08,22.87,63.83,3.21,0.0,27.16
2020-06-17,2020,169,30.12,17.71,23.62,61.49,2.99,0.0,26.2
2020-06-18,2020,170,33.77,18.15,25.5,55.41,2.2,0.0,26.52
2020-06-19,2020,171,31.91,19.36,24.55,67.39,4.14,0.0,25.11
2020-06-20,2020,172,28.38,19.72,23.78,61.91,5.35,0.02,29.58
2020-06-21,2020,173,28.24,18.65,23.31,67.3,5.91,0.0,26.12
2020-06-22,2020,174,28.54,19.67,23.58,64.82,5.04,0.02,25.96
2020-06-23,2020,175,30.07,18.89,24.27,66.52,2.95,0.04,25.48
2020-06-24,2020,176,33.27,18.34,25.83,53.95,2.51,0.0,28.45
2020-06-25,2020,177,36.13,20.23,27.29,58.99,4.53,0.0,28.07
2020-06-26,2020,178,36.5,20.99,27.7,62.37,2.62,0.17,25.93
2020-06-27,2020,179,34.43,21.39,26.61,69.51,2.04,0.85,23.62
2020-06-28,2020,180,32.89,21.2,25.78,72.11,2.48,1.31,26.37
2020-06-29,2020,181,32.14,19.92,25.59,68.37,2.28,0.73,28.31
2020-06-30,2020,182,34.26,19.65,26.93,57.11,1.88,0.0,28.21
2020-07-01,2020,183,38.86,22.24,30.28,45.04,2.22,0.0,27.49
2020-07-02,2020,184,34.13,21.82,27.76,57.62,3.84,0.01,28.23
2020-07-03,2020,185,33.41,22.03,27.02,61.51,4.2,0.04,27.58
2020-07-04,2020,186,28.79,21.45,24.6,60.82,6.8,0.0,26.47
2020-07-05,2020,187,29.37,21.04,24.69,64.64,6.04,0.0,27.65
2020-07-06,2020,188,29.51,20.41,24.95,68.89,5.95,0.0,26.57
2020-07-07,2020,189,29.46,20.91,24.91,60.12,7.56,0.0,29.45
2020-07-08,2020,190,29.43,19.13,23.96,64.78,3.61,0.0,27.76
2020-07-09,2020,191,30.58,18.77,24.45,66.41,2.31,0.0,26.28
2020-07-10,2020,192,32.76,20.63,26.62,61.94,2.57,0.0,26.45
2020-07-11,2020,193,36.32,21.18,28.43,54.66,2.65,0.0,26.08
2020-07-12,2020,194,35.4,21.94,28.3,54.14,2.01,0.0,28.17
2020-07-13,2020,195,34.77,21.9,27.61,62.52,2.77,0.31,25.8
2020-07-14,2020,196,32.18,21.93,26.67,63.67,2.55,0.44,26.85
2020-07-15,2020,197,27.36,21.54,24.56,73.05,2.16,10.57,20.14
2020-07-16,2020,198,30.92,20.25,25.35,62.46,3.72,0.0,25.81
2020-07-17,2020,199,28.29,21.03,24.42,64.05,4.96,0.0,24.55
2020-07-18,2020,200,29.36,21.03,24.66,64.59,4.72,0.0,26.09
2020-07-19,2020,201,30.19,20.65,24.92,67.32,3.05,0.05,26.85
2020-07-20,2020,202,33.32,20.72,26.76,56.35,2.19,0.0,27.74
2020-07-21,2020,203,32.34,20.1,26.08,52.98,3.0,0.0,28.52
2020-07-22,2020,204,32.61,20.02,26.35,58.24,2.5,0.0,28.0
2020-07-23,2020,205,35.52,20.85,28.42,50.59,2.29,0.0,27.62
2020-07-24,2020,206,37.8,23.14,29.35,46.82,2.18,0.03,25.56
2020-07-25,2020,207,33.87,23.07,28.21,57.41,3.53,0.0,26.71
2020-07-26,2020,208,37.02,23.1,29.3,46.89,1.88,0.0,27.15
2020-07-27,2020,209,36.49,23.79,29.85,43.52,2.35,0.0,27.32
2020-07-28,2020,210,35.94,23.85,29.62,43.61,2.36,0.0,27.24
2020-07-29,2020,211,37.97,23.36,30.22,47.86,2.36,0.0,27.59
2020-07-30,2020,212,38.33,23.77,30.87,41.72,2.66,0.0,26.19
2020-07-31,2020,213,39.38,25.06,32.02,38.45,2.69,0.0,27.21
2020-08-01,2020,214,41.55,25.72,32.58,37.79,2.21,0.0,26.52
2020-08-02,2020,215,38.69,24.24,30.73,54.89,3.38,0.05,26.02
2020-08-03,2020,216,37.02,24.4,29.69,57.7,3.17,1.61,24.89
2020-08-04,2020,217,31.62,24.02,27.56,53.99,5.27,0.04,20.84
2020-08-05,2020,218,30.22,22.16,26.01,50.93,5.51,0.0,25.94
2020-08-06,2020,219,30.88,21.62,25.95,59.54,3.6,0.0,25.48
2020-08-07,2020,220,31.77,21.1,26.24,61.93,2.92,0.0,24.58
2020-08-08,2020,221,32.62,22.53,27.22,62.39,3.99,0.0,23.86
2020-08-09,2020,222,33.02,23.12,27.38,65.67,4.19,0.01,24.51
2020-08-10,2020,223,33.44,22.05,27.63,62.24,2.35,0.02,23.87
2020-08-11,2020,224,35.54,22.35,29.13,54.04,2.99,0.0,25.46
2020-08-12,2020,225,38.33,23.94,30.46,51.0,4.17,0.0,25.51
2020-08-13,2020,226,41.23,25.21,32.44,45.36,2.73,0.0,24.42
2020-08-14,2020,227,39.74,28.83,33.49,39.76,2.99,0.05,20.54
2020-08-15,2020,228,39.54,26.67,32.35,45.77,1.33,0.58,22.11
2020-08-16,2020,229,38.23,26.76,31.29,46.4,3.94,3.5,21.7
2020-08-17,2020,230,35.95,25.02,29.38,57.83,2.37,0.02,22.88
2020-08-18,2020,231,35.2,23.17,28.24,59.44,2.37,0.0,22.64
2020-08-19,2020,232,36.55,22.9,28.76,57.4,1.93,0.0,24.05
2020-08-20,2020,233,38.19,22.95,30.01,51.47,3.64,0.0,24.55
2020-08-21,2020,234,38.91,24.87,30.98,57.28,5.01,0.0,24.6
2020-08-22,2020,235,37.99,25.47,30.39,61.22,3.45,0.0,22.36
2020-08-23,2020,236,33.28,24.94,28.49,66.21,5.76,0.0,23.45
2020-08-24,2020,237,31.93,23.39,27.11,55.65,5.53,0.01,25.64
2020-08-25,2020,238,31.07,22.35,26.23,56.13,4.52,0.01,23.86
2020-08-26,2020,239,33.54,21.37,26.76,58.01,2.45,0.0,25.16
2020-08-27,2020,240,35.4,21.15,27.56,61.29,2.37,0.18,24.05
2020-08-28,2020,241,38.38,21.84,30.09,46.19,2.55,0.01,23.89
2020-08-29,2020,242,41.22,25.71,32.88,37.45,3.88,0.19,21.73
2020-08-30,2020,243,34.34,25.24,29.12,51.52,4.11,0.19,21.47
2020-08-31,2020,244,30.94,21.52,25.42,70.5,4.25,5.0,17.8
2020-09-01,2020,245,28.26,20.15,23.73,57.56,3.36,0.0,23.19
2020-09-02,2020,246,27.92,21.48,24.6,59.96,2.18,0.92,15.41
2020-09-03,2020,247,29.23,21.52,24.76,62.89,2.74,0.16,16.54
2020-09-04,2020,248,29.45,20.68,24.71,65.51,2.76,0.08,17.13
2020-09-05,2020,249,30.04,21.79,25.44,73.84,2.2,10.27,7.12
2020-09-06,2020,250,29.08,22.38,25.0,80.79,1.96,23.68,14.02
2020-09-07,2020,251,30.61,21.27,25.17,69.1,2.64,0.87,21.77
2020-09-08,2020,252,30.58,22.18,25.8,68.31,1.95,0.62,21.04
2020-09-09,2020,253,33.45,22.42,27.29,73.14,2.98,0.87,20.4
2020-09-10,2020,254,31.22,22.32,26.03,76.25,2.46,12.53,15.22
2020-09-11,2020,255,27.38,20.74,23.94,73.48,2.66,8.87,17.71
2020-09-12,2020,256,27.62,21.12,23.71,75.78,2.99,10.79,13.94
2020-09-13,2020,257,26.53,21.02,23.56,78.99,2.22,7.75,14.7
2020-09-14,2020,258,26.74,21.43,23.57,79.13,1.85,4.78,8.96
2020-09-15,2020,259,29.57,20.92,24.55,74.79,2.55,0.78,17.73
2020-09-16,2020,260,29.45,21.22,24.5,75.89,3.65,1.01,19.18
2020-09-17,2020,261,30.04,20.8,24.67,72.22,3.35,0.06,18.57
2020-09-18,2020,262,31.8,19.79,24.93,68.25,1.82,0.0,20.34
2020-09-19,2020,263,30.74,20.79,25.49,67.53,1.81,0.0,19.19
2020-09-20,2020,264,30.02,22.56,25.55,70.3,2.51,0.72,17.3
2020-09-21,2020,265,30.43,22.45,25.82,73.18,1.28,2.74,12.6
2020-09-22,2020,266,29.98,21.63,25.38,74.31,1.33,1.54,13.95
2020-09-23,2020,267,26.51,21.76,24.14,78.29,1.01,1.24,13.72
2020-09-24,2020,268,34.66,20.41,26.33,62.17,1.98,0.01,14.81
2020-09-25,2020,269,31.04,21.42,25.41,58.25,5.74,0.04,16.25
2020-09-26,2020,270,23.4,17.62,20.93,53.84,7.21,0.03,11.65
2020-09-27,2020,271,28.21,15.78,20.21,60.86,6.01,0.35,16.63
2020-09-28,2020,272,26.23,17.24,20.82,57.96,3.27,0.01,18.4
2020-09-29,2020,273,28.61,15.78,21.51,62.06,2.23,0.0,19.39
2020-09-30,2020,274,31.05,17.7,23.13,71.9,2.05,0.04,18.23
2020-10-01,2020,275,25.04,18.36,21.25,68.81,2.12,0.0,15.43
2020-10-02,2020,276,33.92,15.98,24.21,60.82,3.37,0.0,17.15
2020-10-03,2020,277,28.02,18.5,22.44,70.79,4.57,0.28,12.25
2020-10-04,2020,278,30.6,17.6,22.52,61.19,1.71,0.0,16.6
2020-10-05,2020,279,24.32,18.57,21.14,69.54,2.93,0.02,10.48
2020-10-06,2020,280,24.29,16.86,20.04,64.69,3.82,0.0,17.75
2020-10-07,2020,281,25.71,16.08,20.66,70.53,4.02,0.05,14.23
2020-10-08,2020,282,24.47,16.95,20.7,67.0,4.45,0.2,16.25
2020-10-09,2020,283,25.66,16.69,20.11,63.99,1.48,0.01,17.08
2020-10-10,2020,284,27.82,14.36,20.39,64.06,1.66,0.0,16.59
2020-10-11,2020,285,26.32,15.75,19.6,74.57,3.65,10.67,11.72
2020-10-12,2020,286,19.46,15.46,17.0,67.92,6.79,3.26,12.48
2020-10-13,2020,287,21.8,15.13,18.12,64.66,4.69,0.44,12.13
2020-10-14,2020,288,27.82,12.81,19.65,52.76,3.51,0.0,16.84
2020-10-15,2020,289,23.14,15.39,18.67,63.33,4.36,0.38,15.09
2020-10-16,2020,290,21.42,14.36,17.22,64.16,3.04,1.02,14.01
2020-10-17,2020,291,22.2,13.11,17.3,64.23,1.88,0.17,15.69
2020-10-18,2020,292,22.85,13.22,17.5,66.72,2.63,0.0,13.05
2020-10-19,2020,293,23.37,13.78,17.94,67.21,1.86,0.0,14.68
2020-10-20,2020,294,26.32,13.34,19.05,71.12,4.2,0.0,15.58
2020-10-21,2020,295,26.74,13.94,19.81,64.89,4.82,0.0,15.82
2020-10-22,2020,296,27.34,14.11,20.39,72.9,4.91,0.0,14.38
2020-10-23,2020,297,29.01,16.85,21.61,74.53,3.47,0.05,14.3
2020-10-24,2020,298,22.09,16.52,19.49,82.67,3.97,1.16,10.9
2020-10-25,2020,299,23.94,14.79,18.87,73.43,2.6,0.01,13.25
2020-10-26,2020,300,27.42,12.81,19.23,63.17,2.83,0.59,14.87
2020-10-27,2020,301,20.46,15.51,17.48,64.13,5.32,0.89,11.28
2020-10-28,2020,302,21.53,15.29,17.68,68.91,4.07,0.19,11.95
2020-10-29,2020,303,23.26,15.06,18.36,74.56,3.91,0.01,12.39
2020-10-30,2020,304,22.56,15.31,18.15,76.83,3.83,0.04,12.28
2020-10-31,2020,305,23.27,14.57,17.71,80.73,1.66,0.15,12.91
2020-11-01,2020,306,23.97,12.52,17.39,75.59,1.31,0.0,13.21
2020-11-02,2020,307,25.39,12.61,17.57,73.71,1.36,0.0,13.35
2020-11-03,2020,308,26.39,12.59,18.09,70.49,1.47,0.0,13.27
2020-11-04,2020,309,22.95,15.58,18.26,80.76,1.63,0.02,9.12
2020-11-05,2020,310,24.96,13.95,18.23,79.91,1.83,0.07,12.22
2020-11-06,2020,311,23.07,15.18,18.3,83.23,2.06,0.11,11.65
2020-11-07,2020,312,24.3,13.63,18.09,78.4,2.83,0.04,11.86
2020-11-08,2020,313,26.77,14.78,19.18,76.13,1.95,0.06,11.65
2020-11-09,2020,314,25.84,14.28,18.61,75.09,2.08,0.15,10.13
2020-11-10,2020,315,25.09,14.6,18.84,67.09,1.44,0.08,12.78
2020-11-11,2020,316,21.4,15.66,18.15,83.8,1.4,2.04,11.42
2020-11-12,2020,317,24.36,13.75,18.25,73.96,2.24,0.29,11.62
2020-11-13,2020,318,24.62,14.42,18.15,63.06,2.72,0.02,10.99
2020-11-14,2020,319,25.82,14.47,18.8,56.59,2.59,0.0,11.58
2020-11-15,2020,320,25.33,14.37,18.58,70.24,1.59,0.02,9.35
2020-11-16,2020,321,23.89,15.08,18.74,82.14,2.9,2.17,10.68
2020-11-17,2020,322,19.71,15.54,17.5,71.59,4.92,1.37,9.19
2020-11-18,2020,323,20.82,15.82,17.96,79.77,3.9,3.49,9.62
2020-11-19,2020,324,21.17,15.67,17.7,82.3,3.68,2.22,7.16
2020-11-20,2020,325,19.15,14.9,16.95,64.26,7.99,2.19,10.18
2020-11-21,2020,326,17.33,13.44,15.65,74.84,6.19,14.8,6.98
2020-11-22,2020,327,17.25,14.76,15.95,78.48,5.72,17.41,5.58
2020-11-23,2020,328,19.22,13.57,16.08,82.59,3.12,3.03,7.21
2020-11-24,2020,329,18.97,13.63,15.86,81.98,3.09,1.92,6.37
2020-11-25,2020,330,20.71,11.02,14.85,78.57,2.5,0.06,10.34
2020-11-26,2020,331,20.68,9.21,14.51,75.42,3.54,0.02,11.08
2020-11-27,2020,332,19.38,11.5,15.46,86.7,4.32,0.94,6.4
2020-11-28,2020,333,20.93,12.87,17.43,65.51,6.68,1.48,6.19
2020-11-29,2020,334,17.18,12.28,14.03,82.8,4.2,2.94,6.01
2020-11-30,2020,335,19.89,12.65,15.18,84.55,2.75,0.07,8.91
2020-12-01,2020,336,19.68,10.23,14.57,75.23,2.13,0.04,10.3
2020-12-02,2020,337,18.67,9.77,13.39,78.48,2.84,3.07,9.1
2020-12-03,2020,338,15.63,9.61,12.45,76.77,4.89,12.46,7.85
2020-12-04,2020,339,19.19,6.53,11.83,69.27,3.7,0.0,10.93
2020-12-05,2020,340,20.86,8.36,12.71,73.19,5.02,7.72,9.75
2020-12-06,2020,341,13.45,7.35,10.6,83.77,5.5,12.22,9.83
2020-12-07,2020,342,15.56,8.12,10.82,75.4,4.52,0.66,10.73
2020-12-08,2020,343,18.04,9.06,13.07,70.92,6.02,1.15,9.89
2020-12-09,2020,344,13.98,9.84,11.84,77.49,5.7,7.12,8.88
2020-12-10,2020,345,14.31,8.67,11.11,80.13,4.76,7.18,6.49
2020-12-11,2020,346,16.56,11.89,13.56,77.11,4.61,4.42,7.1
2020-12-12,2020,347,17.28,13.01,14.55,83.61,4.98,6.59,4.97
2020-12-13,2020,348,14.97,12.45,13.58,71.37,7.66,2.09,8.62
2020-12-14,2020,349,17.25,9.52,12.73,75.1,2.14,0.0,10.36
2020-12-15,2020,350,19.5,9.33,13.81,76.35,1.84,0.0,9.95
2020-12-16,2020,351,19.21,9.99,13.71,84.53,1.73,0.0,9.41
2020-12-17,2020,352,18.87,10.58,13.96,85.09,2.73,0.02,7.75
2020-12-18,2020,353,18.57,12.78,14.85,90.56,2.58,0.7,4.92
2020-12-19,2020,354,18.02,12.84,14.94,88.64,2.32,7.89,4.82
2020-12-20,2020,355,15.93,11.69,13.32,90.01,1.37,6.55,7.33
2020-12-21,2020,356,17.65,11.34,13.58,90.18,2.63,1.34,7.05
2020-12-22,2020,357,17.36,10.75,13.24,89.5,2.46,0.49,7.69
2020-12-23,2020,358,18.7,8.53,12.99,79.5,1.77,0.05,10.02
2020-12-24,2020,359,19.39,8.04,12.62,74.69,2.24,0.0,10.06
2020-12-25,2020,360,18.77,7.86,12.44,82.09,3.16,2.88,10.07
2020-12-26,2020,361,12.16,9.94,10.87,74.67,6.52,9.32,3.83
2020-12-27,2020,362,11.8,6.89,9.62,80.2,5.18,3.36,7.9
2020-12-28,2020,363,17.94,3.72,10.16,68.33,4.61,0.34,10.83
2020-12-29,2020,364,17.46,6.77,11.29,80.3,3.27,0.44,9.61
2020-12-30,2020,365,14.4,7.46,10.45,81.15,4.42,1.07,9.53
2020-12-31,2020,366,13.82,6.46,10.56,74.41,3.19,0.78,10.27
2021-01-01,2021,1,16.04,2.28,8.08,70.52,3.85,0.0,10.64
2021-01-02,2021,2,13.85,4.68,8.62,67.67,3.47,0.24,10.61
2021-01-03,2021,3,13.07,3.63,7.83,74.15,3.74,0.77,9.46
2021-01-04,2021,4,12.27,4.14,7.82,76.04,3.68,0.59,10.36
2021-01-05,2021,5,13.03,2.7,7.39,66.75,3.13,0.01,9.04
2021-01-06,2021,6,16.82,3.5,9.37,68.57,2.01,0.05,4.92
2021-01-07,2021,7,21.49,8.0,13.52,77.38,2.76,0.06,8.96
2021-01-08,2021,8,20.67,9.91,13.71,89.8,2.44,0.21,8.73
2021-01-09,2021,9,22.85,11.27,16.48,78.88,2.63,0.15,5.22
2021-01-10,2021,10,16.3,11.49,14.05,85.51,3.22,0.48,6.94
2021-01-11,2021,11,15.59,8.85,12.01,75.03,1.89,1.45,9.93
2021-01-12,2021,12,12.89,9.13,10.84,76.28,6.67,3.83,7.3
2021-01-13,2021,13,14.06,11.36,12.61,73.68,7.89,1.33,5.56
2021-01-14,2021,14,15.66,12.41,13.38,73.58,7.46,0.51,8.9
2021-01-15,2021,15,15.49,11.58,13.16,68.41,7.84,0.68,8.91
2021-01-16,2021,16,12.88,9.62,11.15,72.49,5.51,1.92,7.29
2021-01-17,2021,17,14.75,9.26,12.0,73.83,6.58,0.43,9.05
2021-01-18,2021,18,14.09,9.29,11.77,70.37,4.74,0.41,8.63
2021-01-19,2021,19,14.35,6.99,10.36,71.44,2.19,0.11,11.7
2021-01-20,2021,20,18.41,4.41,10.09,68.36,3.34,0.0,11.59
2021-01-21,2021,21,14.73,6.03,9.94,66.23,2.79,0.2,7.78
2021-01-22,2021,22,18.9,7.85,12.86,71.99,2.92,0.7,9.61
2021-01-23,2021,23,15.61,10.31,12.82,75.69,5.51,1.79,10.22
2021-01-24,2021,24,18.79,7.95,12.24,74.12,5.82,0.87,8.16
2021-01-25,2021,25,17.9,8.01,12.21,82.36,3.38,1.04,7.69
2021-01-26,2021,26,13.57,9.28,11.79,69.06,6.5,1.86,11.17
2021-01-27,2021,27,14.28,8.56,11.84,78.51,4.29,0.38,8.09
2021-01-28,2021,28,17.61,12.56,14.43,87.42,5.19,0.1,6.65
2021-01-29,2021,29,21.78,11.89,15.21,79.31,4.53,0.0,9.08
2021-01-30,2021,30,21.72,11.47,15.53,76.17,3.44,0.02,12.97
2021-01-31,2021,31,16.08,11.7,13.73,75.96,5.77,2.26,9.8
2021-02-01,2021,32,16.59,8.57,12.9,84.94,4.78,10.48,5.52
2021-02-02,2021,33,17.87,10.94,13.45,83.34,4.6,0.19,12.85
2021-02-03,2021,34,22.5,9.1,14.68,75.8,2.09,0.1,13.01
2021-02-04,2021,35,21.42,8.75,14.64,66.07,2.09,0.0,12.29
2021-02-05,2021,36,24.05,8.44,15.12,59.13,2.65,0.0,13.49
2021-02-06,2021,37,24.9,10.3,16.71,50.59,3.83,0.0,12.01
2021-02-07,2021,38,17.86,11.32,13.99,75.3,3.63,5.47,3.04
2021-02-08,2021,39,17.76,11.31,13.54,74.31,4.37,1.5,13.17
2021-02-09,2021,40,17.69,10.48,13.45,71.94,4.15,0.2,14.73
2021-02-10,2021,41,21.32,9.67,14.69,69.79,4.61,2.78,12.3
2021-02-11,2021,42,17.03,8.86,13.07,71.45,5.11,0.02,13.03
2021-02-12,2021,43,19.79,7.6,12.99,76.68,1.89,0.18,14.4
2021-02-13,2021,44,17.35,10.91,13.53,81.92,5.45,7.57,7.67
2021-02-14,2021,45,10.89,7.78,9.5,67.12,5.29,0.41,8.53
2021-02-15,2021,46,11.31,5.73,8.13,62.8,3.33,0.37,10.37
2021-02-16,2021,47,14.42,3.81,8.46,60.11,1.94,0.0,15.79
2021-02-17,2021,48,17.03,4.41,10.2,73.3,2.3,0.0,15.33
2021-02-18,2021,49,18.24,5.97,11.1,76.21,2.24,0.03,15.55
2021-02-19,2021,50,19.84,5.92,11.69,78.24,3.03,1.04,15.76
2021-02-20,2021,51,21.86,4.84,12.5,71.4,3.35,0.14,15.58
2021-02-21,2021,52,20.19,7.23,13.44,73.93,4.71,0.04,12.5
2021-02-22,2021,53,18.48,11.65,14.04,86.27,5.55,0.14,11.68
2021-02-23,2021,54,17.19,9.79,13.02,81.82,3.18,0.05,12.65
2021-02-24,2021,55,17.59,9.58,12.46,78.88,1.41,0.0,16.59
2021-02-25,2021,56,18.97,7.8,12.42,80.84,1.04,0.05,14.02
2021-02-26,2021,57,18.11,7.9,11.95,74.42,1.4,0.0,16.64
2021-02-27,2021,58,19.1,6.53,12.0,78.57,1.51,0.14,15.98
2021-02-28,2021,59,18.47,9.68,13.16,77.3,1.96,0.11,14.6
2021-03-01,2021,60,18.77,7.39,12.49,78.13,3.57,0.08,16.87
2021-03-02,2021,61,18.06,9.68,13.22,83.84,4.04,0.33,13.86
2021-03-03,2021,62,17.72,9.34,12.85,78.75,3.68,0.12,13.89
2021-03-04,2021,63,17.82,10.07,13.49,82.62,3.5,0.72,11.77
2021-03-05,2021,64,16.49,10.04,12.97,82.68,1.87,1.59,7.74
2021-03-06,2021,65,20.04,8.27,13.55,78.74,1.66,0.38,17.1
2021-03-07,2021,66,19.84,10.29,14.23,78.57,4.45,0.2,15.34
2021-03-08,2021,67,20.01,11.29,14.55,77.72,2.08,0.47,13.34
2021-03-09,2021,68,15.95,9.43,12.64,89.01,2.34,9.42,9.97
2021-03-10,2021,69,16.25,10.27,12.78,71.42,5.17,0.1,16.88
2021-03-11,2021,70,16.21,9.56,12.49,69.24,3.02,0.09,18.64
2021-03-12,2021,71,20.84,5.63,12.92,60.13,1.93,0.0,20.48
2021-03-13,2021,72,18.16,8.79,12.59,74.46,3.47,0.8,16.54
2021-03-14,2021,73,17.17,8.33,12.43,76.14,4.59,0.56,19.28
2021-03-15,2021,74,16.0,9.88,12.62,65.36,6.87,0.58,19.46
2021-03-16,2021,75,15.82,10.77,13.01,66.2,7.74,1.62,14.5
2021-03-17,2021,76,16.55,8.64,12.08,72.94,4.02,1.68,13.95
2021-03-18,2021,77,16.13,9.58,12.15,71.85,4.82,0.1,16.99
2021-03-19,2021,78,12.37,8.35,10.05,83.83,2.2,14.04,8.47
2021-03-20,2021,79,14.8,9.74,11.77,88.38,2.64,42.14,5.36
2021-03-21,2021,80,12.38,8.08,10.57,76.37,4.85,7.36,8.09
2021-03-22,2021,81,13.4,7.53,9.98,64.51,4.77,0.47,16.61
2021-03-23,2021,82,14.64,8.14,11.37,63.41,5.04,0.14,17.65
2021-03-24,2021,83,15.83,8.37,11.58,73.75,2.52,0.39,19.09
2021-03-25,2021,84,17.64,7.58,12.36,79.24,2.02,0.09,19.86
2021-03-26,2021,85,20.86,6.57,13.2,72.74,1.9,0.01,19.69
2021-03-27,2021,86,24.61,8.14,15.1,63.86,1.89,0.0,20.77
2021-03-28,2021,87,20.89,10.27,14.71,81.18,2.15,0.26,21.78
2021-03-29,2021,88,20.55,10.01,14.52,80.27,2.04,0.41,21.75
2021-03-30,2021,89,20.19,9.17,13.73,77.77,2.0,0.09,22.53
2021-03-31,2021,90,20.5,10.81,14.67,77.08,1.54,0.08,21.25
2021-04-01,2021,91,23.36,9.47,15.86,69.51,2.38,0.0,21.69
2021-04-02,2021,92,25.52,9.83,16.69,75.9,1.96,0.18,21.18
2021-04-03,2021,93,22.24,12.97,16.51,78.77,2.07,0.06,20.75
2021-04-04,2021,94,21.35,12.67,15.93,78.63,3.01,0.39,15.09
2021-04-05,2021,95,18.36,11.92,14.58,80.89,2.56,1.46,16.1
2021-04-06,2021,96,20.95,10.43,14.94,71.05,4.1,0.01,22.42
2021-04-07,2021,97,18.27,10.02,13.81,68.39,5.03,0.03,21.57
2021-04-08,2021,98,15.79,8.22,11.65,59.05,3.14,0.0,20.77
2021-04-09,2021,99,20.11,6.66,13.32,67.01,5.57,0.0,22.44
2021-04-10,2021,100,21.91,10.69,15.56,67.59,6.43,0.0,20.4
2021-04-11,2021,101,21.52,11.02,15.8,77.17,5.32,4.04,17.14
2021-04-12,2021,102,20.48,12.21,16.06,80.82,2.95,2.93,12.86
2021-04-13,2021,103,18.27,9.97,13.75,64.1,5.07,0.0,25.54
2021-04-14,2021,104,20.33,8.6,14.4,65.22,2.44,0.07,23.18
2021-04-15,2021,105,15.07,12.27,13.47,87.63,3.74,18.3,8.0
2021-04-16,2021,106,16.21,11.62,14.04,85.46,4.47,11.34,5.24
2021-04-17,2021,107,15.24,9.72,12.59,85.04,3.06,8.14,7.48
2021-04-18,2021,108,15.37,8.48,11.77,73.23,4.59,1.36,18.39
2021-04-19,2021,109,16.25,10.02,12.97,68.45,4.19,0.15,19.69
2021-04-20,2021,110,22.05,7.46,14.8,66.48,2.26,0.0,22.86
2021-04-21,2021,111,21.33,10.95,15.98,75.32,3.14,3.19,15.65
2021-04-22,2021,112,22.46,12.53,17.29,82.14,1.88,4.31,14.27
2021-04-23,2021,113,19.29,12.25,15.55,88.67,1.78,6.69,7.21
2021-04-24,2021,114,20.1,11.49,15.34,77.87,2.95,0.08,25.53
2021-04-25,2021,115,24.26,9.25,16.7,70.5,3.5,0.01,26.83
2021-04-26,2021,116,28.13,13.9,19.74,68.67,5.56,0.52,20.16
2021-04-27,2021,117,24.81,13.77,18.38,72.78,2.45,0.0,24.74
2021-04-28,2021,118,27.01,13.04,19.31,64.27,1.95,0.0,25.28
2021-04-29,2021,119,27.61,13.39,19.62,70.53,1.71,0.0,26.53
2021-04-30,2021,120,32.86,14.29,22.37,67.27,2.68,0.14,16.95
2021-05-01,2021,121,23.91,16.16,19.86,76.91,3.11,1.94,12.0
2021-05-02,2021,122,22.37,14.07,17.68,74.59,2.48,2.99,20.65
2021-05-03,2021,123,21.3,14.01,16.19,79.71,2.28,6.42,9.62
2021-05-04,2021,124,26.5,13.61,19.81,73.11,2.36,1.48,17.6
2021-05-05,2021,125,21.63,14.39,18.25,85.37,1.93,4.85,12.68
2021-05-06,2021,126,21.21,13.82,17.36,77.46,1.02,0.71,14.99
2021-05-07,2021,127,23.37,14.38,18.14,74.6,2.52,3.82,20.71
2021-05-08,2021,128,24.88,13.67,18.89,70.68,2.9,0.01,28.66
2021-05-09,2021,129,30.17,13.05,20.87,62.68,3.78,0.0,28.38
2021-05-10,2021,130,29.12,15.2,21.45,58.82,5.22,0.0,26.92
2021-05-11,2021,131,23.37,15.04,18.99,74.29,4.2,0.01,22.57
2021-05-12,2021,132,22.53,14.04,17.75,63.33,3.92,0.0,27.53
2021-05-13,2021,133,25.96,11.78,18.83,60.42,2.77,0.0,28.33
2021-05-14,2021,134,29.15,14.89,20.38,61.74,3.49,0.01,26.09
2021-05-15,2021,135,24.81,14.32,19.24,59.09,3.26,0.0,28.07
2021-05-16,2021,136,32.45,13.69,22.84,50.59,2.6,0.0,29.11
2021-05-17,2021,137,27.68,16.53,21.66,60.79,2.95,0.0,28.84
2021-05-18,2021,138,24.47,15.34,19.56,57.96,2.9,0.2,26.65
2021-05-19,2021,139,27.39,14.38,20.09,59.24,3.42,0.0,27.9
2021-05-20,2021,140,22.7,14.98,18.46,60.43,5.72,0.0,28.0
2021-05-21,2021,141,27.0,13.34,19.94,58.45,3.6,0.0,28.54
2021-05-22,2021,142,33.94,15.13,23.77,54.75,3.6,0.0,25.55
2021-05-23,2021,143,33.15,17.42,24.33,57.96,3.78,0.01,26.23
2021-05-24,2021,144,27.01,17.05,21.52,67.37,5.31,0.0,27.51
2021-05-25,2021,145,23.62,15.57,19.15,71.0,4.02,0.0,26.88
2021-05-26,2021,146,25.28,14.88,20.62,60.89,1.72,0.16,18.63
2021-05-27,2021,147,30.35,18.08,23.1,65.77,2.29,0.06,22.44
2021-05-28,2021,148,28.57,17.24,21.79,66.45,3.55,0.05,21.42
2021-05-29,2021,149,30.09,17.03,22.73,60.7,1.67,0.0,24.28
2021-05-30,2021,150,27.76,16.59,22.0,62.93,3.45,0.0,27.87
2021-05-31,2021,151,28.81,17.19,22.11,61.33,2.67,0.0,24.25
2021-06-01,2021,152,28.36,17.8,21.63,73.08,3.19,0.37,12.13
2021-06-02,2021,153,27.5,18.71,22.53,71.04,5.42,0.41,23.12
2021-06-03,2021,154,30.07,19.43,23.95,67.58,5.23,0.0,23.19
2021-06-04,2021,155,29.96,19.35,24.29,64.77,4.23,0.02,26.31
2021-06-05,2021,156,31.56,19.31,24.21,59.41,3.41,0.37,22.84
2021-06-06,2021,157,32.07,20.63,24.57,59.47,4.27,3.6,23.56
2021-06-07,2021,158,26.81,18.66,22.5,67.83,4.7,0.24,27.14
2021-06-08,2021,159,27.62,17.53,22.34,62.78,3.85,0.0,29.47
2021-06-09,2021,160,26.5,17.24,21.97,69.73,4.41,1.07,27.18
2021-06-10,2021,161,27.58,18.39,22.73,71.41,3.54,0.26,24.87
2021-06-11,2021,162,29.45,17.47,23.49,63.29,2.44,0.0,25.78
2021-06-12,2021,163,29.74,18.41,23.8,58.14,1.8,0.0,26.83
2021-06-13,2021,164,30.89,18.14,24.69,55.47,2.01,0.0,27.74
2021-06-14,2021,165,32.88,18.95,25.98,48.06,1.71,0.0,29.04
2021-06-15,2021,166,32.5,19.49,26.09,53.16,2.12,0.0,28.34
2021-06-16,2021,167,34.9,19.7,26.84,52.54,4.26,0.0,28.32
2021-06-17,2021,168,34.77,21.33,27.11,58.41,4.72,0.04,24.13
2021-06-18,2021,169,35.63,22.22,27.33,57.2,3.28,0.0,22.62
2021-06-19,2021,170,39.03,22.47,30.09,48.57,3.23,0.0,26.41
2021-06-20,2021,171,40.19,24.13,31.21,41.34,3.15,0.01,20.72
2021-06-21,2021,172,39.28,23.21,29.26,54.45,4.0,0.26,25.02
2021-06-22,2021,173,32.5,21.12,25.68,59.53,2.99,0.0,25.03
2021-06-23,2021,174,33.29,20.9,25.46,62.18,2.49,0.0,18.48
2021-06-24,2021,175,30.7,22.1,25.77,67.46,1.44,1.09,23.09
2021-06-25,2021,176,36.93,21.6,28.19,59.42,1.83,0.05,16.72
2021-06-26,2021,177,36.56,22.6,27.98,56.69,2.95,0.04,17.42
2021-06-27,2021,178,38.27,24.93,31.09,41.61,2.87,0.08,17.29
2021-06-28,2021,179,34.89,22.93,27.63,66.14,2.43,0.38,18.56
2021-06-29,2021,180,37.64,24.16,28.66,57.66,2.11,0.01,16.95
2021-06-30,2021,181,38.14,23.3,29.72,50.18,2.74,0.01,18.2
2021-07-01,2021,182,33.36,22.07,27.16,59.22,2.69,0.0,25.7
2021-07-02,2021,183,36.47,21.15,28.44,49.85,1.65,0.0,27.34
2021-07-03,2021,184,39.59,22.39,30.53,45.16,1.47,0.0,26.98
2021-07-04,2021,185,37.89,23.97,29.92,43.95,2.72,0.0,27.37
2021-07-05,2021,186,32.24,22.34,27.2,62.49,4.18,0.0,26.77
2021-07-06,2021,187,39.33,21.94,30.23,44.82,3.31,0.0,27.27
2021-07-07,2021,188,38.71,24.21,31.09,46.77,2.79,0.0,27.24
2021-07-08,2021,189,33.99,24.69,28.69,62.03,3.22,0.02,25.43
2021-07-09,2021,190,33.19,23.49,27.64,63.44,3.25,0.01,23.65
2021-07-10,2021,191,33.07,22.49,26.98,56.71,3.27,0.0,27.24
2021-07-11,2021,192,34.42,20.97,27.82,51.29,3.07,0.0,27.47
2021-07-12,2021,193,42.49,23.55,32.69,34.75,2.09,0.0,26.27
2021-07-13,2021,194,35.84,24.08,29.08,52.45,4.05,0.22,22.17
2021-07-14,2021,195,29.15,22.15,25.33,50.04,4.49,0.0,25.95
2021-07-15,2021,196,31.0,20.91,25.78,54.89,3.02,0.0,26.87
2021-07-16,2021,197,30.41,21.89,25.8,56.21,4.87,0.01,25.48
2021-07-17,2021,198,29.76,22.15,25.56,60.48,7.03,0.01,24.09
2021-07-18,2021,199,30.47,22.09,26.03,60.15,6.69,0.0,25.62
2021-07-19,2021,200,31.35,21.83,26.27,66.09,4.88,0.02,25.62
2021-07-20,2021,201,32.87,21.97,26.98,66.2,2.96,0.0,24.78
2021-07-21,2021,202,33.7,22.19,27.5,58.17,2.27,0.0,27.18
2021-07-22,2021,203,35.41,22.06,28.67,49.77,1.43,0.0,25.66
2021-07-23,2021,204,38.21,23.04,30.18,38.97,2.37,0.0,27.95
2021-07-24,2021,205,39.64,23.23,31.42,36.73,3.95,0.0,26.75
2021-07-25,2021,206,42.21,25.59,33.17,35.23,5.26,0.0,25.62
2021-07-26,2021,207,41.74,26.57,33.0,38.24,5.57,0.0,26.9
2021-07-27,2021,208,39.75,24.74,31.31,41.25,4.03,0.01,24.9
2021-07-28,2021,209,39.71,24.1,31.63,34.96,5.44,0.0,26.75
2021-07-29,2021,210,42.81,24.85,33.09,32.79,2.69,0.0,25.64
2021-07-30,2021,211,39.61,24.84,31.61,47.79,2.08,0.06,24.65
2021-07-31,2021,212,43.58,26.82,34.84,32.79,1.57,0.0,23.27
2021-08-01,2021,213,39.07,26.05,31.4,47.6,3.19,0.03,25.29
2021-08-02,2021,214,33.33,24.01,28.12,58.82,3.69,0.01,25.03
2021-08-03,2021,215,39.4,23.84,30.9,54.04,3.56,0.07,23.96
2021-08-04,2021,216,42.94,25.53,31.9,45.91,3.71,0.0,24.52
2021-08-05,2021,217,34.35,24.48,28.75,51.28,3.49,0.0,24.68
2021-08-06,2021,218,38.12,23.23,30.47,42.76,2.11,0.0,26.5
2021-08-07,2021,219,43.47,25.8,33.5,40.08,4.68,0.0,25.91
2021-08-08,2021,220,40.05,26.3,31.72,54.36,2.36,0.0,24.21
2021-08-09,2021,221,46.34,26.54,35.51,44.11,3.76,0.02,24.04
2021-08-10,2021,222,47.35,29.76,37.57,24.49,3.12,0.0,24.03
2021-08-11,2021,223,42.57,27.35,34.53,38.74,2.11,0.0,22.93
2021-08-12,2021,224,40.41,26.31,31.99,49.72,2.01,0.0,22.8
2021-08-13,2021,225,41.48,26.52,33.13,45.42,2.17,0.0,23.37
2021-08-14,2021,226,38.77,26.66,32.11,50.01,1.81,0.08,24.29
2021-08-15,2021,227,38.32,26.76,31.7,48.46,1.75,0.04,21.82
2021-08-16,2021,228,40.91,25.33,32.94,39.76,1.99,0.0,24.12
2021-08-17,2021,229,34.45,25.31,29.49,54.62,4.73,0.03,22.58
2021-08-18,2021,230,32.71,24.05,27.57,55.38,5.51,0.0,22.48
2021-08-19,2021,231,33.58,22.31,27.35,56.8,3.25,0.0,22.37
2021-08-20,2021,232,35.58,24.01,28.71,58.92,2.33,0.33,22.05
2021-08-21,2021,233,34.64,23.5,28.21,59.59,2.09,0.06,22.4
2021-08-22,2021,234,33.78,22.53,27.7,63.38,2.04,0.3,23.1
2021-08-23,2021,235,35.77,22.89,29.34,48.42,2.01,0.01,24.25
2021-08-24,2021,236,38.66,24.86,30.21,45.44,2.04,0.07,22.08
2021-08-25,2021,237,38.39,24.18,30.45,52.57,1.89,0.51,19.79
2021-08-26,2021,238,33.28,24.02,28.62,60.02,3.46,2.72,19.78
2021-08-27,2021,239,33.9,22.59,27.69,55.66,2.81,0.16,23.17
2021-08-28,2021,240,36.65,22.33,29.04,49.19,2.31,0.11,20.58
2021-08-29,2021,241,29.97,22.76,26.23,63.5,3.86,3.03,19.48
2021-08-30,2021,242,32.76,21.24,26.46,59.64,2.14,0.02,21.26
2021-08-31,2021,243,35.38,23.33,28.16,62.78,2.14,1.53,21.43
2021-09-01,2021,244,35.92,24.96,29.57,60.96,3.32,1.98,18.87
2021-09-02,2021,245,35.43,24.69,29.14,65.93,4.32,2.77,19.07
2021-09-03,2021,246,37.49,25.4,30.11,65.07,3.1,1.35,16.24
2021-09-04,2021,247,33.27,24.54,28.23,70.27,2.41,1.19,18.39
2021-09-05,2021,248,31.53,23.36,26.67,68.6,3.27,0.04,20.02
2021-09-06,2021,249,30.83,21.98,25.94,67.74,2.81,0.1,20.68
2021-09-07,2021,250,30.41,22.19,25.77,65.29,2.95,0.31,19.73
2021-09-08,2021,251,32.68,21.33,25.87,60.21,3.18,0.2,16.14
2021-09-09,2021,252,30.64,23.56,26.82,66.81,3.7,1.46,17.74
2021-09-10,2021,253,31.25,23.36,26.87,70.35,2.47,2.03,15.06
2021-09-11,2021,254,29.91,23.2,26.19,69.3,5.61,0.71,19.63
2021-09-12,2021,255,30.05,21.86,25.37,65.48,3.03,0.13,18.99
2021-09-13,2021,256,31.08,20.27,25.23,60.58,1.88,0.0,20.24
2021-09-14,2021,257,33.17,20.73,26.45,60.35,2.98,0.0,19.25
2021-09-15,2021,258,34.55,23.37,28.05,61.0,4.31,0.0,17.47
2021-09-16,2021,259,38.07,23.86,29.48,49.95,3.77,0.0,18.67
2021-09-17,2021,260,37.98,24.39,30.18,42.33,2.03,0.06,14.82
2021-09-18,2021,261,37.22,24.31,29.27,57.25,1.52,0.12,16.78
2021-09-19,2021,262,32.65,22.85,26.78,67.38,3.1,0.34,18.73
2021-09-20,2021,263,27.21,22.0,24.04,67.23,2.35,0.97,11.0
2021-09-21,2021,264,32.85,21.76,26.19,61.24,2.65,1.06,10.24
2021-09-22,2021,265,31.67,22.34,26.32,70.21,2.18,0.52,15.54
2021-09-23,2021,266,31.53,22.8,26.61,70.6,3.35,0.09,15.55
2021-09-24,2021,267,37.75,24.27,29.53,55.58,3.35,0.0,15.48
2021-09-25,2021,268,36.81,22.55,28.75,52.5,3.81,0.0,17.17
2021-09-26,2021,269,35.47,23.24,28.54,62.94,3.11,0.0,14.76
2021-09-27,2021,270,29.76,22.75,26.06,71.45,3.89,0.0,13.91
2021-09-28,2021,271,29.83,20.66,24.53,65.4,3.65,0.01,17.64
2021-09-29,2021,272,28.98,19.55,23.89,67.98,4.18,0.02,19.04
2021-09-30,2021,273,28.26,20.23,24.06,63.01,4.6,0.03,17.68
2021-10-01,2021,274,28.98,18.58,23.17,57.86,2.73,0.0,16.5
2021-10-02,2021,275,29.03,19.37,23.63,57.88,1.53,0.22,16.37
2021-10-03,2021,276,32.34,19.57,25.81,60.56,4.46,0.04,16.95
2021-10-04,2021,277,35.22,20.93,26.84,61.04,3.99,0.14,16.02
2021-10-05,2021,278,27.53,21.19,23.72,73.05,2.36,2.35,9.39
2021-10-06,2021,279,27.01,20.79,23.05,64.19,4.22,0.2,13.64
2021-10-07,2021,280,23.93,19.61,21.19,57.04,7.78,0.06,14.7
2021-10-08,2021,281,24.63,18.27,21.16,60.14,4.83,0.79,12.94
2021-10-09,2021,282,24.37,17.81,20.4,68.89,2.54,2.89,12.28
2021-10-10,2021,283,23.37,16.37,19.13,70.17,3.09,1.7,11.67
2021-10-11,2021,284,23.34,16.38,19.52,62.51,3.5,0.17,12.39
2021-10-12,2021,285,24.82,15.97,19.68,64.36,2.94,0.03,15.49
2021-10-13,2021,286,23.54,16.49,19.22,69.16,5.0,26.91,13.22
2021-10-14,2021,287,21.07,15.28,17.61,67.51,4.83,27.93,14.63
2021-10-15,2021,288,20.73,14.68,16.97,61.52,5.06,0.05,15.7
2021-10-16,2021,289,24.65,14.9,18.34,69.63,2.19,0.12,14.97
2021-10-17,2021,290,23.81,14.96,18.68,77.3,2.13,3.04,15.38
2021-10-18,2021,291,22.39,14.61,18.15,76.31,1.74,2.09,12.93
2021-10-19,2021,292,23.93,16.28,19.26,70.95,2.22,0.11,12.48
2021-10-20,2021,293,25.39,14.05,19.35,73.96,3.27,0.27,13.69
2021-10-21,2021,294,27.74,14.89,20.77,66.75,3.9,0.0,14.62
2021-10-22,2021,295,29.02,16.41,21.73,63.9,2.75,0.29,10.93
2021-10-23,2021,296,26.6,18.37,21.41,78.42,1.89,2.25,10.01
2021-10-24,2021,297,23.36,18.94,20.42,87.18,3.93,11.04,7.01
2021-10-25,2021,298,22.5,18.5,20.03,88.05,3.55,7.42,9.07
2021-10-26,2021,299,22.36,17.61,19.33,83.14,4.22,3.91,10.3
2021-10-27,2021,300,21.88,16.27,18.55,81.05,2.43,4.89,5.73
2021-10-28,2021,301,21.13,15.07,17.51,81.36,1.67,0.38,9.35
2021-10-29,2021,302,23.18,13.46,17.78,79.21,2.12,0.01,13.05
2021-10-30,2021,303,24.03,13.92,18.72,74.88,1.45,0.51,9.17
2021-10-31,2021,304,23.86,17.27,20.06,74.22,2.92,0.76,8.27
2021-11-01,2021,305,27.0,18.58,21.97,79.48,4.93,0.31,9.45
2021-11-02,2021,306,25.73,18.3,21.26,78.36,2.6,0.2,10.31
2021-11-03,2021,307,28.49,17.5,21.78,66.04,4.15,0.07,12.12
2021-11-04,2021,308,21.31,16.18,18.21,72.85,2.53,0.38,10.17
2021-11-05,2021,309,20.81,16.02,17.75,74.52,1.55,0.03,6.92
2021-11-06,2021,310,22.76,15.23,18.71,77.42,1.87,1.59,5.43
2021-11-07,2021,311,23.25,10.9,16.53,66.63,3.13,0.05,13.5
2021-11-08,2021,312,20.84,12.06,15.56,71.91,2.66,0.12,12.12
2021-11-09,2021,313,19.31,11.45,15.37,73.48,3.05,0.72,5.26
2021-11-10,2021,314,22.89,11.51,16.22,66.16,2.94,0.21,12.68
2021-11-11,2021,315,21.11,10.34,15.64,68.57,2.26,0.27,12.07
2021-11-12,2021,316,23.53,11.37,16.51,61.03,2.33,0.06,12.73
2021-11-13,2021,317,23.78,9.75,16.13,55.66,1.96,0.13,12.34
2021-11-14,2021,318,22.08,12.02,16.28,74.85,3.3,1.62,12.08
2021-11-15,2021,319,22.35,13.53,16.76,73.44,2.4,1.27,10.77
2021-11-16,2021,320,21.34,13.27,16.14,72.53,1.86,0.73,8.45
2021-11-17,2021,321,19.22,11.97,14.99,79.95,2.68,0.61,10.72
2021-11-18,2021,322,20.44,12.85,15.87,81.22,2.22,0.33,10.6
2021-11-19,2021,323,20.53,12.72,15.77,84.58,2.14,0.04,10.02
2021-11-20,2021,324,20.42,12.89,15.56,83.39,1.6,0.02,11.08
2021-11-21,2021,325,20.35,11.94,15.27,76.66,2.27,0.21,7.67
2021-11-22,2021,326,21.0,11.05,15.36,78.19,3.64,0.75,10.35
2021-11-23,2021,327,20.02,12.32,15.47,77.25,2.71,0.12,11.23
2021-11-24,2021,328,22.46,11.41,15.73,69.55,2.51,0.09,10.7
2021-11-25,2021,329,18.75,11.34,13.74,76.4,2.05,0.92,6.49
2021-11-26,2021,330,18.51,9.87,13.62,74.18,3.92,0.18,10.32
2021-11-27,2021,331,17.57,11.35,13.65,68.9,4.54,1.78,10.85
2021-11-28,2021,332,15.18,9.6,12.03,72.38,5.5,2.12,7.58
2021-11-29,2021,333,12.49,8.74,10.59,70.52,8.63,12.88,5.5
2021-11-30,2021,334,15.19,9.18,12.25,67.19,4.74,0.2,7.89
2021-12-01,2021,335,17.07,7.63,11.75,75.42,2.72,0.03,9.13
2021-12-02,2021,336,18.74,7.31,12.23,71.96,3.74,1.5,10.95
2021-12-03,2021,337,13.02,10.44,11.67,75.29,6.35,18.33,4.16
2021-12-04,2021,338,16.11,9.57,12.57,75.35,5.22,0.16,7.1
2021-12-05,2021,339,17.38,8.57,12.16,79.1,4.98,3.74,9.48
2021-12-06,2021,340,12.22,10.08,11.31,70.44,8.69,6.63,5.58
2021-12-07,2021,341,17.13,10.57,13.59,74.73,6.76,0.67,8.85
2021-12-08,2021,342,20.69,7.84,13.33,76.46,3.46,8.41,10.28
2021-12-09,2021,343,13.91,10.24,11.85,75.24,5.64,7.7,6.67
2021-12-10,2021,344,16.34,10.09,13.18,80.04,6.61,7.62,4.3
2021-12-11,2021,345,13.45,11.36,12.39,67.19,8.93,4.92,8.59
2021-12-12,2021,346,15.27,9.56,12.04,70.46,4.55,0.17,9.59
2021-12-13,2021,347,15.96,8.58,11.71,71.11,3.37,0.01,9.6
2021-12-14,2021,348,16.65,7.43,10.99,87.82,2.66,0.04,10.09
2021-12-15,2021,349,14.84,8.78,11.57,88.04,1.69,0.64,8.92
2021-12-16,2021,350,16.06,8.26,11.81,86.99,1.99,1.2,7.98
2021-12-17,2021,351,16.02,7.6,11.0,79.43,1.15,0.0,9.16
2021-12-18,2021,352,15.37,6.76,11.18,82.91,1.85,0.0,8.65
2021-12-19,2021,353,15.99,7.65,11.87,67.82,1.07,0.0,9.4
2021-12-20,2021,354,15.26,4.37,9.63,79.75,2.37,0.01,10.32
2021-12-21,2021,355,16.44,9.59,12.39,80.73,1.84,0.03,7.25
2021-12-22,2021,356,18.05,8.19,12.0,74.24,1.29,0.0,9.59
2021-12-23,2021,357,17.24,9.23,12.47,85.01,1.59,0.01,7.92
2021-12-24,2021,358,20.31,7.62,12.8,76.31,3.49,0.0,9.51
2021-12-25,2021,359,18.19,9.29,12.9,79.55,2.6,0.0,6.58
2021-12-26,2021,360,20.0,9.45,13.54,81.08,2.24,0.25,6.65
2021-12-27,2021,361,17.73,11.44,14.51,87.83,4.26,0.15,6.81
2021-12-28,2021,362,19.34,12.15,15.38,87.79,5.51,0.05,8.6
2021-12-29,2021,363,19.4,13.88,15.96,80.87,7.26,0.02,8.64
2021-12-30,2021,364,18.6,12.69,15.43,85.17,6.25,0.05,7.37
2021-12-31,2021,365,18.76,10.3,13.66,91.69,2.46,0.05,8.55
2022-01-01,2022,1,17.79,9.5,12.25,90.66,2.91,0.12,9.62
2022-01-02,2022,2,16.41,8.79,11.51,91.21,2.14,0.32,6.33
2022-01-03,2022,3,18.0,8.14,11.44,89.34,2.75,0.24,10.08
2022-01-04,2022,4,20.38,6.7,12.28,69.63,1.91,0.01,10.33
2022-01-05,2022,5,18.26,7.47,11.91,65.94,4.92,0.07,10.52
2022-01-06,2022,6,12.72,8.28,10.42,79.61,3.71,3.62,7.15
2022-01-07,2022,7,12.84,7.52,10.11,84.04,4.68,7.3,9.79
2022-01-08,2022,8,13.82,10.45,11.99,72.52,8.03,10.79,8.16
2022-01-09,2022,9,14.94,11.52,12.69,72.94,6.36,4.33,6.15
2022-01-10,2022,10,13.79,10.17,12.08,71.56,7.63,7.73,3.37
2022-01-11,2022,11,13.5,10.03,11.21,70.43,6.17,2.49,5.05
2022-01-12,2022,12,13.11,8.62,10.48,71.35,4.98,8.23,10.14
2022-01-13,2022,13,11.33,7.49,9.44,85.32,2.6,14.57,5.5
2022-01-14,2022,14,13.52,6.69,9.48,75.56,2.51,0.1,7.48
2022-01-15,2022,15,14.1,8.33,10.52,79.55,3.55,0.2,10.73
2022-01-16,2022,16,14.14,9.39,11.2,77.4,3.79,0.01,8.34
2022-01-17,2022,17,15.65,8.79,11.96,74.63,4.43,0.01,10.44
2022-01-18,2022,18,14.73,8.34,10.9,78.48,2.92,0.03,10.13
2022-01-19,2022,19,14.16,7.47,11.05,70.31,0.98,0.01,11.19
2022-01-20,2022,20,14.35,4.31,8.8,77.48,2.12,0.0,11.49
2022-01-21,2022,21,13.76,5.66,9.42,84.35,3.16,1.13,10.34
2022-01-22,2022,22,13.12,9.15,10.4,81.85,2.78,2.58,8.54
2022-01-23,2022,23,13.84,6.79,10.29,68.51,1.28,0.4,12.14
2022-01-24,2022,24,15.21,4.09,9.26,70.92,1.43,0.02,12.73
2022-01-25,2022,25,13.54,7.37,10.21,76.15,1.32,0.46,7.23
2022-01-26,2022,26,14.34,4.49,8.86,75.35,1.38,0.03,12.57
2022-01-27,2022,27,15.37,3.33,8.73,69.53,1.57,0.0,12.75
2022-01-28,2022,28,15.84,3.84,9.62,77.22,3.05,0.0,13.15
2022-01-29,2022,29,15.33,7.51,11.21,74.35,3.54,0.09,10.98
2022-01-30,2022,30,16.21,6.42,10.4,85.42,3.79,0.05,12.5
2022-01-31,2022,31,17.81,7.31,11.7,79.45,5.52,0.38,13.84
2022-02-01,2022,32,14.89,10.4,12.44,64.84,8.33,0.59,10.57
2022-02-02,2022,33,14.44,9.04,11.92,80.09,6.97,1.34,7.46
2022-02-03,2022,34,18.45,9.27,13.23,76.5,2.85,0.0,13.47
2022-02-04,2022,35,20.4,6.28,12.26,69.61,3.37,0.0,14.07
2022-02-05,2022,36,17.15,9.87,12.84,81.78,3.85,0.03,13.41
2022-02-06,2022,37,16.0,9.03,11.8,82.79,3.19,0.0,12.23
2022-02-07,2022,38,15.85,8.99,12.33,76.22,6.33,0.04,13.72
2022-02-08,2022,39,16.01,9.22,12.24,61.33,3.25,0.03,14.33
2022-02-09,2022,40,15.65,6.79,10.8,57.5,1.68,0.0,15.22
2022-02-10,2022,41,18.62,3.72,9.94,62.47,2.21,0.0,15.6
2022-02-11,2022,42,18.85,4.79,10.87,72.25,1.69,0.0,14.98
2022-02-12,2022,43,15.24,7.85,10.75,86.85,2.68,0.2,10.98
2022-02-13,2022,44,16.63,8.47,11.48,76.75,1.51,0.06,14.22
2022-02-14,2022,45,19.48,6.28,12.24,69.8,3.43,0.0,12.04
2022-02-15,2022,46,16.18,8.55,11.9,74.64,4.06,0.8,9.06
2022-02-16,2022,47,15.33,9.08,12.09,73.38,5.68,1.81,10.72
2022-02-17,2022,48,17.14,11.34,13.98,81.56,6.33,2.81,7.5
2022-02-18,2022,49,19.36,10.43,14.56,81.03,3.87,0.09,15.3
2022-02-19,2022,50,21.0,8.06,13.94,75.96,2.51,0.08,11.3
2022-02-20,2022,51,17.14,10.92,13.38,76.82,5.41,0.22,14.17
2022-02-21,2022,52,16.78,11.04,13.12,72.51,5.86,0.14,16.6
2022-02-22,2022,53,15.98,10.98,12.82,70.23,7.85,0.49,15.53
2022-02-23,2022,54,16.97,9.3,12.46,74.8,3.87,0.01,17.09
2022-02-24,2022,55,18.39,7.26,11.86,75.18,2.28,0.01,17.14
2022-02-25,2022,56,17.76,6.93,11.78,81.39,2.76,0.06,15.84
2022-02-26,2022,57,16.33,9.62,12.17,75.23,4.17,1.08,11.73
2022-02-27,2022,58,14.74,6.42,10.45,58.91,3.05,0.0,15.7
2022-02-28,2022,59,11.86,7.43,9.55,66.73,1.69,0.63,8.39
2022-03-01,2022,60,15.79,6.56,10.2,70.22,3.64,0.52,13.71
2022-03-02,2022,61,16.05,7.18,10.95,68.03,1.51,1.93,14.7
2022-03-03,2022,62,18.47,6.08,10.86,76.61,2.31,0.03,13.68
2022-03-04,2022,63,17.06,6.03,11.57,77.19,1.48,0.18,14.12
2022-03-05,2022,64,14.25,8.89,11.15,80.49,2.82,2.35,8.33
2022-03-06,2022,65,16.65,7.23,11.33,71.97,1.44,0.2,14.35
2022-03-07,2022,66,13.94,7.87,10.41,78.89,1.83,0.87,11.23
2022-03-08,2022,67,15.5,7.11,10.58,67.95,2.63,0.01,17.25
2022-03-09,2022,68,14.76,6.73,9.92,70.79,2.87,0.04,13.47
2022-03-10,2022,69,17.43,4.58,10.64,68.57,1.73,0.0,19.69
2022-03-11,2022,70,20.12,7.19,12.98,75.37,3.25,0.02,17.93
2022-03-12,2022,71,15.99,10.17,12.6,83.64,3.82,4.03,7.88
2022-03-13,2022,72,20.77,8.18,14.16,76.77,3.26,0.12,18.74
2022-03-14,2022,73,20.3,11.09,14.82,79.13,5.49,0.13,14.22
2022-03-15,2022,74,19.39,12.13,14.87,75.87,6.66,0.23,13.87
2022-03-16,2022,75,19.5,11.96,14.63,75.87,5.89,0.13,13.41
2022-03-17,2022,76,18.76,12.02,14.56,78.01,6.26,0.05,11.92
2022-03-18,2022,77,17.62,11.4,14.35,83.76,4.76,1.91,6.12
2022-03-19,2022,78,15.27,11.93,13.57,90.08,5.67,41.85,4.43
2022-03-20,2022,79,14.97,9.8,12.11,78.01,5.32,2.54,6.27
2022-03-21,2022,80,13.36,8.46,10.91,81.12,2.8,8.11,10.86
2022-03-22,2022,81,14.16,6.9,10.11,79.4,3.44,0.61,9.39
2022-03-23,2022,82,16.87,5.55,10.89,73.03,3.35,0.0,15.38
2022-03-24,2022,83,17.92,7.12,12.09,68.17,4.77,0.0,21.27
2022-03-25,2022,84,18.29,8.27,12.88,75.05,5.44,0.05,13.89
2022-03-26,2022,85,20.02,10.83,14.53,79.16,6.18,0.03,14.82
2022-03-27,2022,86,19.09,10.37,14.23,86.76,2.43,0.93,12.11
2022-03-28,2022,87,19.46,10.73,14.4,83.91,2.13,0.16,16.39
2022-03-29,2022,88,24.42,10.0,16.54,74.95,3.0,0.03,17.42
2022-03-30,2022,89,24.43,13.57,17.78,78.67,2.87,3.54,8.28
2022-03-31,2022,90,19.59,11.71,15.11,81.96,3.71,7.11,15.98
2022-04-01,2022,91,19.43,9.66,13.7,72.45,5.78,1.34,20.03
2022-04-02,2022,92,15.69,7.9,11.21,65.06,5.73,0.22,20.57
2022-04-03,2022,93,15.73,6.1,11.01,61.86,2.09,0.06,14.27
2022-04-04,2022,94,17.66,9.61,13.42,72.59,3.4,0.02,11.17
2022-04-05,2022,95,19.76,9.96,14.44,78.1,3.26,0.06,11.95
2022-04-06,2022,96,21.16,11.87,15.61,77.16,5.82,0.39,11.98
2022-04-07,2022,97,19.48,11.81,14.99,71.61,6.3,0.7,20.91
2022-04-08,2022,98,24.17,10.05,16.36,62.79,2.91,0.01,24.37
2022-04-09,2022,99,22.54,10.85,16.14,64.75,4.31,0.0,21.56
2022-04-10,2022,100,18.29,9.27,13.78,63.21,4.01,0.0,24.96
2022-04-11,2022,101,22.64,7.35,14.7,65.9,4.86,0.0,24.15
2022-04-12,2022,102,22.57,11.39,16.15,69.5,6.55,0.12,21.33
2022-04-13,2022,103,20.15,13.08,15.71,73.78,5.97,0.44,15.77
2022-04-14,2022,104,18.36,13.67,15.72,82.61,5.81,0.74,11.06
2022-04-15,2022,105,17.63,12.84,15.16,84.4,3.02,9.18,7.38
2022-04-16,2022,106,17.57,12.99,14.96,81.34,4.27,0.44,14.57
2022-04-17,2022,107,19.91,10.99,15.23,77.81,4.66,2.78,18.05
2022-04-18,2022,108,18.31,10.17,14.26,59.71,3.87,0.02,21.68
2022-04-19,2022,109,26.02,8.39,17.25,56.95,2.03,0.0,25.04
2022-04-20,2022,110,29.51,12.09,18.93,59.19,3.29,0.63,12.28
2022-04-21,2022,111,19.71,12.34,15.59,79.44,3.88,3.26,12.5
2022-04-22,2022,112,19.99,10.6,15.32,73.13,4.98,1.23,21.19
2022-04-23,2022,113,28.67,11.63,19.34,61.33,4.14,0.0,24.97
2022-04-24,2022,114,24.59,12.7,17.56,67.25,2.27,0.01,23.15
2022-04-25,2022,115,24.63,11.75,17.63,62.93,1.54,0.0,23.8
2022-04-26,2022,116,26.15,11.77,18.28,55.64,2.46,0.0,24.5
2022-04-27,2022,117,25.75,11.55,18.34,56.97,2.24,0.14,19.99
2022-04-28,2022,118,19.16,14.26,16.5,75.05,1.77,0.41,5.91
2022-04-29,2022,119,19.99,13.3,16.36,78.17,2.49,0.14,15.59
2022-04-30,2022,120,21.88,11.23,15.97,70.88,2.03,0.01,14.16
2022-05-01,2022,121,22.78,10.01,16.77,71.8,3.42,0.13,25.34
2022-05-02,2022,122,22.72,12.96,17.58,69.88,3.22,0.23,24.28
2022-05-03,2022,123,25.41,14.22,19.44,65.96,1.91,0.29,22.2
2022-05-04,2022,124,28.09,13.98,20.16,63.64,4.45,0.27,24.58
2022-05-05,2022,125,28.3,15.91,20.68,65.79,6.2,0.42,17.46
2022-05-06,2022,126,20.54,14.75,17.24,73.63,8.41,3.16,19.9
2022-05-07,2022,127,19.46,14.62,16.76,82.58,5.8,12.88,11.14
2022-05-08,2022,128,20.95,14.48,17.32,81.19,4.57,7.22,18.19
2022-05-09,2022,129,20.55,13.87,17.14,81.71,2.48,4.01,17.36
2022-05-10,2022,130,21.22,12.85,16.91,80.97,2.22,1.83,21.81
2022-05-11,2022,131,23.62,12.34,17.86,74.83,1.81,0.11,26.3
2022-05-12,2022,132,26.2,12.13,19.08,61.86,1.63,0.01,27.11
2022-05-13,2022,133,28.88,12.87,20.78,52.07,2.2,0.0,28.15
2022-05-14,2022,134,29.11,14.01,21.11,52.94,1.75,0.0,29.59
2022-05-15,2022,135,31.41,15.44,22.6,58.78,2.16,0.0,26.77
2022-05-16,2022,136,30.08,16.63,22.44,59.91,1.92,0.73,27.52
2022-05-17,2022,137,30.8,16.24,22.61,50.97,2.01,0.0,27.94
2022-05-18,2022,138,28.83,16.27,22.13,59.17,2.23,0.41,28.34
2022-05-19,2022,139,28.69,17.11,22.27,69.88,2.53,1.04,26.62
2022-05-20,2022,140,29.44,16.48,22.55,63.87,2.93,0.62,28.33
2022-05-21,2022,141,32.42,15.07,23.23,50.67,2.31,0.0,30.63
2022-05-22,2022,142,32.21,17.13,24.56,42.43,1.65,0.0,28.56
2022-05-23,2022,143,36.24,18.26,26.79,42.87,2.25,0.0,28.97
2022-05-24,2022,144,36.87,19.48,26.89,48.88,1.32,0.05,27.02
2022-05-25,2022,145,32.79,19.22,23.88,66.36,2.28,4.31,19.0
2022-05-26,2022,146,25.24,18.72,21.73,74.69,3.14,0.45,16.41
2022-05-27,2022,147,26.17,17.63,21.38,70.06,4.62,0.86,23.2
2022-05-28,2022,148,25.94,18.29,21.45,75.41,5.9,3.23,14.71
2022-05-29,2022,149,31.47,17.54,24.53,50.18,4.22,0.0,28.05
2022-05-30,2022,150,36.15,19.71,26.06,49.33,2.19,0.07,25.56
2022-05-31,2022,151,34.71,19.26,26.55,58.35,2.39,0.0,26.85
2022-06-01,2022,152,38.59,22.7,28.85,56.26,2.2,0.0,24.54
2022-06-02,2022,153,37.24,21.99,26.85,54.15,1.97,0.92,24.92
2022-06-03,2022,154,39.69,23.56,30.62,38.8,3.74,0.06,26.18
2022-06-04,2022,155,40.25,22.46,30.99,34.22,3.88,0.0,28.26
2022-06-05,2022,156,35.95,22.03,28.07,49.51,3.52,0.05,27.67
2022-06-06,2022,157,34.87,21.23,26.79,50.78,2.94,0.0,26.79
2022-06-07,2022,158,32.82,21.74,26.89,49.45,3.14,0.0,26.45
2022-06-08,2022,159,31.84,20.23,26.06,56.46,2.85,0.07,27.67
2022-06-09,2022,160,29.22,20.19,24.1,58.74,6.48,0.0,24.88
2022-06-10,2022,161,27.4,19.55,22.94,59.43,6.98,0.01,27.29
2022-06-11,2022,162,28.52,18.86,23.44,63.74,4.88,0.0,28.11
2022-06-12,2022,163,31.04,18.8,24.71,60.0,3.88,0.0,27.57
2022-06-13,2022,164,32.42,18.69,25.58,55.38,3.29,0.03,28.64
2022-06-14,2022,165,35.11,20.97,27.47,41.52,2.46,0.0,29.53
2022-06-15,2022,166,35.58,21.84,28.24,40.6,1.9,0.0,28.02
2022-06-16,2022,167,35.86,21.15,28.5,41.71,2.12,0.0,28.58
2022-06-17,2022,168,36.67,22.14,29.36,39.82,1.75,0.0,28.36
2022-06-18,2022,169,32.0,21.89,26.55,60.61,2.73,0.02,28.27
2022-06-19,2022,170,33.33,20.49,26.76,60.84,3.23,0.05,25.37
2022-06-20,2022,171,34.61,21.02,27.62,57.27,4.26,0.0,28.95
2022-06-21,2022,172,38.4,21.84,29.96,39.38,4.22,0.0,27.27
2022-06-22,2022,173,40.4,24.01,31.09,32.36,3.3,0.0,27.17
2022-06-23,2022,174,39.96,22.49,30.39,42.35,1.82,0.0,29.14
2022-06-24,2022,175,36.74,23.07,29.26,53.1,1.75,0.0,28.73
2022-06-25,2022,176,39.18,22.6,30.81,44.43,3.57,0.0,27.17
2022-06-26,2022,177,41.29,25.54,32.82,35.99,4.73,0.0,27.03
2022-06-27,2022,178,43.1,26.6,34.13,35.3,3.06,0.0,28.42
2022-06-28,2022,179,34.09,24.28,28.47,63.34,4.31,0.14,25.9
2022-06-29,2022,180,33.38,22.64,27.61,58.62,3.31,0.2,25.87
2022-06-30,2022,181,39.07,23.3,29.84,56.46,2.31,0.11,18.83
2022-07-01,2022,182,42.31,25.45,31.7,54.06,2.36,0.06,23.49
2022-07-02,2022,183,35.08,23.74,28.3,66.21,2.9,0.15,26.62
2022-07-03,2022,184,35.8,23.01,28.44,57.62,2.1,0.06,24.43
2022-07-04,2022,185,38.47,25.1,30.53,43.36,1.83,0.0,27.98
2022-07-05,2022,186,37.8,24.49,31.01,46.14,2.16,0.0,25.93
2022-07-06,2022,187,39.44,24.33,31.21,48.75,2.71,0.0,25.19
2022-07-07,2022,188,36.63,25.19,30.35,49.67,3.88,0.0,25.05
2022-07-08,2022,189,30.98,23.3,26.72,59.03,6.27,0.0,24.72
2022-07-09,2022,190,31.4,22.11,26.6,61.29,4.24,0.0,24.04
2022-07-10,2022,191,31.96,21.46,26.62,56.16,3.03,0.0,25.12
2022-07-11,2022,192,32.02,21.69,26.66,55.31,2.83,0.0,26.05
2022-07-12,2022,193,35.42,20.99,28.1,53.52,4.24,0.0,29.02
2022-07-13,2022,194,35.99,23.01,29.16,53.54,3.3,0.0,24.67
2022-07-14,2022,195,33.09,23.1,27.71,56.27,2.18,0.0,23.1
2022-07-15,2022,196,34.12,22.33,27.91,54.82,1.94,0.3,28.4
2022-07-16,2022,197,35.49,21.84,28.74,47.64,2.14,0.0,28.89
2022-07-17,2022,198,37.97,22.66,30.46,39.7,2.49,0.0,29.34
2022-07-18,2022,199,38.51,22.97,30.82,39.3,3.38,0.0,27.69
2022-07-19,2022,200,38.95,24.29,31.58,40.73,4.1,0.0,27.54
2022-07-20,2022,201,39.01,24.25,31.56,41.11,3.96,0.02,27.08
2022-07-21,2022,202,37.3,25.54,31.11,48.04,2.39,0.01,24.98
2022-07-22,2022,203,37.19,25.21,30.88,44.21,2.32,0.0,27.17
2022-07-23,2022,204,38.4,23.95,31.4,42.82,2.58,0.03,24.52
2022-07-24,2022,205,38.27,25.66,31.82,37.94,2.05,0.0,26.65
2022-07-25,2022,206,38.21,25.7,31.68,38.33,2.51,0.0,26.08
2022-07-26,2022,207,38.37,25.96,31.9,40.28,2.71,0.0,25.99
2022-07-27,2022,208,36.31,25.53,30.2,57.23,4.3,0.07,25.04
2022-07-28,2022,209,37.13,24.93,30.19,59.11,3.02,0.01,24.31
2022-07-29,2022,210,39.01,24.26,31.15,55.86,1.9,0.06,25.58
2022-07-30,2022,211,36.95,26.54,31.19,51.56,3.24,0.0,24.71
2022-07-31,2022,212,34.41,25.56,29.51,57.32,4.48,0.0,25.54
2022-08-01,2022,213,35.79,24.21,29.35,57.06,2.21,0.01,23.98
2022-08-02,2022,214,34.37,24.01,28.79,59.54,2.38,0.0,24.36
2022-08-03,2022,215,34.87,23.93,29.45,56.33,2.37,0.0,23.89
2022-08-04,2022,216,36.5,24.35,30.57,52.45,2.94,0.05,23.54
2022-08-05,2022,217,38.1,24.7,31.72,43.92,3.07,0.01,25.02
2022-08-06,2022,218,34.84,25.89,30.0,60.19,2.67,0.27,22.54
2022-08-07,2022,219,35.16,24.99,29.89,61.38,4.37,0.44,23.87
2022-08-08,2022,220,35.65,25.3,29.96,62.16,3.73,0.46,22.03
2022-08-09,2022,221,34.18,24.63,29.12,63.1,3.05,0.04,22.85
2022-08-10,2022,222,33.83,24.03,28.78,62.39,2.89,0.35,22.99
2022-08-11,2022,223,33.31,24.81,28.63,61.16,2.26,0.27,23.38
2022-08-12,2022,224,34.43,23.44,28.81,56.12,2.67,0.1,25.0
2022-08-13,2022,225,38.11,23.84,30.64,45.79,2.46,0.03,25.07
2022-08-14,2022,226,39.37,24.71,31.49,41.46,2.25,0.0,23.7
2022-08-15,2022,227,40.99,26.52,32.41,41.63,2.71,0.98,20.51
2022-08-16,2022,228,39.63,27.82,32.73,42.67,3.82,1.34,20.67
2022-08-17,2022,229,43.47,27.34,35.44,37.68,5.12,0.0,22.23
2022-08-18,2022,230,37.11,26.79,31.04,54.83,4.43,0.09,19.24
2022-08-19,2022,231,32.09,25.79,28.27,54.53,6.47,0.0,21.36
2022-08-20,2022,232,31.99,25.44,28.16,53.72,6.18,0.0,24.1
2022-08-21,2022,233,31.89,23.97,27.62,58.9,5.83,0.02,23.63
2022-08-22,2022,234,32.75,24.28,28.03,60.1,5.31,0.08,20.11
2022-08-23,2022,235,31.84,23.81,27.4,59.55,5.09,0.01,23.54
2022-08-24,2022,236,33.09,22.82,27.41,59.58,2.87,0.0,23.19
2022-08-25,2022,237,32.68,22.01,27.26,60.56,2.64,0.05,22.3
2022-08-26,2022,238,34.3,22.0,27.84,59.2,2.68,0.32,23.32
2022-08-27,2022,239,35.7,23.76,29.27,55.01,1.58,1.72,21.69
2022-08-28,2022,240,34.93,24.83,29.21,60.66,2.04,1.11,21.78
2022-08-29,2022,241,34.77,23.03,28.15,62.57,1.84,0.06,21.52
2022-08-30,2022,242,36.69,23.01,29.34,57.04,2.27,0.02,23.09
2022-08-31,2022,243,36.13,23.59,27.75,56.11,3.15,0.4,16.15
2022-09-01,2022,244,33.82,24.3,28.47,60.67,3.07,0.43,22.1
2022-09-02,2022,245,37.9,22.59,30.06,56.77,2.19,0.14,19.77
2022-09-03,2022,246,39.39,25.97,31.43,51.99,3.12,0.69,19.43
2022-09-04,2022,247,37.16,25.91,31.2,45.17,2.39,0.26,17.85
2022-09-05,2022,248,40.1,26.79,32.64,46.42,3.34,0.06,19.93
2022-09-06,2022,249,39.17,26.81,30.76,60.4,2.63,0.31,18.64
2022-09-07,2022,250,37.04,26.11,30.29,56.26,2.7,0.04,19.42
2022-09-08,2022,251,38.45,27.62,31.5,46.65,3.2,0.02,20.02
2022-09-09,2022,252,35.29,25.7,29.77,56.01,2.06,0.04,19.59
2022-09-10,2022,253,34.75,23.46,28.35,61.27,2.66,0.0,21.09
2022-09-11,2022,254,34.87,23.56,28.48,56.52,2.62,0.0,22.99
2022-09-12,2022,255,34.77,23.55,28.11,56.41,2.27,0.02,22.03
2022-09-13,2022,256,36.51,23.39,29.27,56.94,3.48,0.07,21.1
2022-09-14,2022,257,40.36,24.97,31.82,53.35,4.84,0.06,20.62
2022-09-15,2022,258,38.89,25.93,31.43,51.79,3.97,0.39,19.8
2022-09-16,2022,259,35.64,25.51,29.29,66.75,2.42,2.38,19.29
2022-09-17,2022,260,30.59,23.91,26.57,68.02,4.17,8.76,15.13
2022-09-18,2022,261,30.23,21.12,25.29,55.33,2.58,0.01,19.27
2022-09-19,2022,262,36.11,22.45,27.56,60.65,2.72,0.85,18.37
2022-09-20,2022,263,31.02,22.85,26.13,61.01,3.91,0.36,18.43
2022-09-21,2022,264,28.42,21.59,24.32,62.67,3.94,0.0,18.45
2022-09-22,2022,265,27.53,19.7,23.29,63.58,1.1,4.92,6.15
2022-09-23,2022,266,26.9,19.38,22.45,64.35,2.27,0.94,16.82
2022-09-24,2022,267,29.88,18.04,23.85,55.43,4.23,0.0,20.05
2022-09-25,2022,268,31.36,19.69,25.08,61.8,3.72,9.15,17.99
2022-09-26,2022,269,29.65,21.0,24.41,72.85,3.54,2.86,9.7
2022-09-27,2022,270,27.54,20.89,23.46,67.0,4.5,0.37,13.35
2022-09-28,2022,271,26.96,19.23,22.4,65.17,4.02,0.31,16.87
2022-09-29,2022,272,29.99,18.7,23.34,57.06,3.54,0.01,19.2
2022-09-30,2022,273,31.33,18.29,23.69,65.22,2.59,0.01,17.7
2022-10-01,2022,274,25.87,19.08,21.98,65.17,4.67,0.06,18.3
2022-10-02,2022,275,27.55,18.27,22.23,65.63,3.65,0.0,18.14
2022-10-03,2022,276,29.88,17.72,22.93,70.72,2.97,0.0,17.85
2022-10-04,2022,277,28.37,18.39,22.71,76.9,2.42,0.06,17.66
2022-10-05,2022,278,28.65,19.9,23.65,71.06,2.11,0.12,16.55
2022-10-06,2022,279,30.0,20.16,24.64,67.45,3.1,0.13,15.79
2022-10-07,2022,280,29.16,18.9,23.68,62.25,2.7,0.0,16.11
2022-10-08,2022,281,30.9,18.99,24.56,60.59,1.91,0.15,15.78
2022-10-09,2022,282,29.57,20.2,24.34,61.65,1.5,0.97,10.82
2022-10-10,2022,283,30.78,20.15,24.86,60.13,1.74,0.35,15.97
2022-10-11,2022,284,29.22,20.41,24.33,69.7,2.37,1.67,13.93
2022-10-12,2022,285,28.9,21.32,24.0,77.19,3.68,7.17,11.12
2022-10-13,2022,286,25.65,19.88,22.16,80.52,3.57,0.95,9.99
2022-10-14,2022,287,26.59,19.75,22.64,69.44,5.25,0.03,13.27
2022-10-15,2022,288,27.94,19.68,22.99,72.91,3.18,0.05,15.03
2022-10-16,2022,289,29.92,18.08,23.26,72.2,3.62,0.01,15.43
2022-10-17,2022,290,28.83,19.79,23.5,76.72,3.84,0.06,14.79
2022-10-18,2022,291,29.3,18.7,23.18,73.3,2.28,0.13,16.04
2022-10-19,2022,292,27.71,18.74,22.15,65.0,1.57,0.0,16.33
2022-10-20,2022,293,28.97,15.69,21.6,62.79,2.01,0.05,15.37
2022-10-21,2022,294,30.6,15.74,22.67,59.33,4.54,0.0,15.09
2022-10-22,2022,295,31.92,17.61,23.74,56.08,3.39,0.0,15.86
2022-10-23,2022,296,32.68,16.96,23.63,47.09,2.96,0.0,16.38
2022-10-24,2022,297,34.49,17.24,24.71,38.03,1.93,0.0,14.62
2022-10-25,2022,298,33.1,18.09,24.28,41.74,1.57,0.02,14.27
2022-10-26,2022,299,31.39,16.75,22.91,38.0,2.1,0.0,14.55
2022-10-27,2022,300,30.8,16.4,22.73,36.16,2.71,0.0,13.96
2022-10-28,2022,301,31.45,15.95,22.25,49.25,1.71,0.0,14.39
2022-10-29,2022,302,28.73,16.74,21.71,69.39,2.06,0.01,13.32
2022-10-30,2022,303,28.06,17.33,21.96,72.16,3.07,0.0,13.17
2022-10-31,2022,304,27.71,16.14,21.23,70.42,2.74,0.0,14.24
2022-11-01,2022,305,28.75,15.15,20.83,56.57,2.15,0.0,14.03
2022-11-02,2022,306,28.54,15.4,20.89,50.4,1.76,0.0,11.17
2022-11-03,2022,307,29.91,17.26,22.89,37.65,3.17,0.0,11.11
2022-11-04,2022,308,25.25,17.4,21.1,67.32,4.54,7.24,8.78
2022-11-05,2022,309,18.96,16.19,17.54,66.89,8.27,8.7,9.11
2022-11-06,2022,310,21.84,14.96,18.19,66.62,5.29,0.16,11.16
2022-11-07,2022,311,23.55,13.19,17.33,71.0,1.64,0.0,12.54
2022-11-08,2022,312,27.6,12.7,18.5,60.78,2.47,0.0,12.9
2022-11-09,2022,313,28.7,15.08,20.2,58.73,1.7,0.0,11.71
2022-11-10,2022,314,22.62,17.08,19.19,76.9,2.0,0.22,11.65
2022-11-11,2022,315,22.7,15.65,18.56,84.97,1.7,0.02,10.39
2022-11-12,2022,316,23.19,16.99,19.21,72.32,1.54,0.06,11.02
2022-11-13,2022,317,20.54,14.78,17.36,77.7,1.12,0.72,9.93
2022-11-14,2022,318,24.87,14.15,18.36,74.38,1.87,0.05,10.13
2022-11-15,2022,319,26.18,14.36,19.28,63.59,1.59,0.03,10.17
2022-11-16,2022,320,24.71,14.65,18.96,77.11,3.18,0.32,10.68
2022-11-17,2022,321,23.97,16.23,19.31,80.12,4.76,1.35,9.22
2022-11-18,2022,322,24.59,16.75,19.7,79.22,3.95,0.7,10.54
2022-11-19,2022,323,21.33,14.66,17.51,70.19,5.49,0.66,6.41
2022-11-20,2022,324,18.03,13.36,15.51,68.12,7.26,5.76,7.76
2022-11-21,2022,325,19.27,14.01,16.22,60.24,5.0,0.04,11.36
2022-11-22,2022,326,18.42,13.04,15.42,57.99,8.11,2.43,7.82
2022-11-23,2022,327,21.83,13.85,17.75,76.59,7.41,6.02,5.79
2022-11-24,2022,328,21.25,13.98,17.35,79.19,4.75,0.3,10.18
2022-11-25,2022,329,22.95,13.23,17.31,77.88,1.36,0.52,10.36
2022-11-26,2022,330,17.98,14.3,16.11,75.46,7.7,9.06,5.86
2022-11-27,2022,331,18.08,13.13,15.81,70.02,6.44,1.46,6.03
2022-11-28,2022,332,18.84,11.81,14.46,66.39,2.35,0.64,9.67
2022-11-29,2022,333,16.8,12.23,14.35,73.65,3.69,5.24,7.26
2022-11-30,2022,334,16.68,11.48,13.81,75.41,5.0,2.95,7.69
2022-12-01,2022,335,18.08,10.5,13.92,73.3,2.27,0.99,9.53
2022-12-02,2022,336,19.12,9.64,13.57,61.1,4.27,0.0,7.39
2022-12-03,2022,337,19.76,11.13,13.95,69.53,2.33,0.01,8.13
2022-12-04,2022,338,20.89,7.79,13.69,57.5,2.12,0.0,10.34
2022-12-05,2022,339,22.19,9.25,14.31,59.05,2.51,0.0,10.6
2022-12-06,2022,340,22.26,11.81,16.06,62.85,3.18,0.02,7.15
2022-12-07,2022,341,20.9,12.98,16.08,83.92,2.86,0.36,9.74
2022-12-08,2022,342,22.62,11.1,15.92,74.09,2.64,0.14,9.13
2022-12-09,2022,343,25.42,14.1,18.48,67.56,3.85,3.09,5.62
2022-12-10,2022,344,22.1,15.42,17.85,75.23,5.41,2.02,7.34
2022-12-11,2022,345,19.24,13.7,15.97,75.91,4.37,1.37,7.37
2022-12-12,2022,346,18.57,13.89,15.84,83.5,3.78,0.61,7.67
2022-12-13,2022,347,23.42,14.24,18.11,77.51,5.04,0.35,8.56
2022-12-14,2022,348,24.6,16.0,18.9,73.67,4.24,0.0,9.48
2022-12-15,2022,349,26.72,15.69,19.28,64.68,2.89,0.06,8.33
2022-12-16,2022,350,20.89,12.47,16.13,78.22,2.59,0.1,7.63
2022-12-17,2022,351,20.24,11.53,15.01,78.44,2.1,0.09,8.97
2022-12-18,2022,352,19.52,11.22,14.4,85.45,1.91,0.12,9.66
2022-12-19,2022,353,19.22,11.29,14.08,84.53,1.47,0.03,9.66
2022-12-20,2022,354,19.14,8.35,12.69,73.77,1.73,0.01,10.09
2022-12-21,2022,355,20.89,8.04,13.58,75.79,2.18,0.03,9.56
2022-12-22,2022,356,19.15,12.73,15.31,87.36,4.25,0.05,7.42
2022-12-23,2022,357,20.11,13.12,15.87,86.81,5.52,0.0,9.1
2022-12-24,2022,358,22.2,12.87,16.39,75.46,4.58,0.0,9.72
2022-12-25,2022,359,26.92,12.35,17.93,52.8,2.14,0.0,9.92
2022-12-26,2022,360,25.94,11.42,16.82,53.36,1.59,0.0,10.34
2022-12-27,2022,361,23.81,11.52,15.68,65.06,2.36,0.01,10.46
2022-12-28,2022,362,21.16,9.82,14.01,77.75,1.95,0.23,10.7
2022-12-29,2022,363,20.47,7.91,13.14,62.97,1.73,0.01,8.46
2022-12-30,2022,364,19.76,9.84,14.01,77.09,2.1,0.23,10.09
2022-12-31,2022,365,21.98,8.89,13.89,58.95,1.98,0.0,10.22
2023-01-01,2023,1,21.83,8.21,13.57,56.71,2.84,0.0,10.05
2023-01-02,2023,2,21.68,9.1,13.68,55.81,4.68,0.0,10.85
2023-01-03,2023,3,20.44,7.04,12.61,64.79,1.9,0.01,10.66
2023-01-04,2023,4,18.27,9.09,12.63,87.47,2.69,0.14,10.17
2023-01-05,2023,5,18.06,10.2,12.93,87.2,2.1,0.83,8.41
2023-01-06,2023,6,17.28,9.97,12.83,84.85,2.72,0.59,9.03
2023-01-07,2023,7,17.92,9.38,12.9,79.75,2.1,0.14,6.69
2023-01-08,2023,8,18.9,6.46,11.86,63.99,2.13,0.0,11.3
2023-01-09,2023,9,21.28,9.46,14.36,69.67,4.51,1.58,8.13
2023-01-10,2023,10,16.5,12.58,14.39,64.57,7.79,0.06,8.24
2023-01-11,2023,11,16.67,11.34,13.54,73.57,4.16,0.02,8.83
2023-01-12,2023,12,17.41,12.39,14.25,75.32,5.44,0.03,9.85
2023-01-13,2023,13,17.7,12.86,14.69,73.55,4.69,0.05,7.34
2023-01-14,2023,14,17.77,11.22,14.69,72.02,5.34,0.03,9.83
2023-01-15,2023,15,21.37,8.06,13.38,72.81,2.34,0.0,11.06
2023-01-16,2023,16,18.15,10.28,13.5,73.77,5.06,0.4,10.87
2023-01-17,2023,17,20.16,9.9,14.74,62.04,4.62,0.11,6.72
2023-01-18,2023,18,18.89,9.8,12.8,72.34,5.37,5.03,9.13
2023-01-19,2023,19,11.18,7.78,9.44,76.77,5.51,5.46,7.65
2023-01-20,2023,20,14.38,6.0,9.74,68.91,7.38,1.33,7.43
2023-01-21,2023,21,11.74,6.93,8.9,68.48,5.97,2.04,6.54
2023-01-22,2023,22,10.31,6.26,7.88,81.13,4.33,2.96,9.84
2023-01-23,2023,23,11.91,5.7,8.21,76.27,3.39,1.37,11.97
2023-01-24,2023,24,13.48,3.41,8.11,54.73,2.93,0.03,10.64
2023-01-25,2023,25,11.69,3.07,7.41,66.56,1.85,0.57,7.74
2023-01-26,2023,26,11.01,5.1,7.98,87.18,3.39,4.13,10.22
2023-01-27,2023,27,12.91,8.54,10.31,78.31,4.38,4.22,9.53
2023-01-28,2023,28,12.96,7.43,9.55,76.62,3.45,1.51,10.85
2023-01-29,2023,29,11.46,7.67,9.32,85.62,2.57,3.24,10.62
2023-01-30,2023,30,13.55,7.96,9.91,81.81,2.68,1.19,11.1
2023-01-31,2023,31,15.26,8.98,11.59,74.34,4.98,0.55,10.06
2023-02-01,2023,32,15.58,8.47,11.23,78.05,2.28,0.48,7.99
2023-02-02,2023,33,15.04,9.2,11.82,77.07,2.99,0.33,5.55
2023-02-03,2023,34,16.71,8.62,11.96,76.03,1.74,0.06,12.35
2023-02-04,2023,35,16.49,5.9,11.48,79.59,4.06,0.25,13.43
2023-02-05,2023,36,17.13,9.63,12.99,71.0,2.7,0.18,11.08
2023-02-06,2023,37,14.32,9.5,11.21,80.14,3.08,5.67,8.02
2023-02-07,2023,38,11.56,8.87,10.08,87.13,5.01,13.73,4.74
2023-02-08,2023,39,10.05,7.94,8.94,88.1,6.16,17.76,3.59
2023-02-09,2023,40,12.21,7.85,9.82,76.39,4.25,0.77,8.66
2023-02-10,2023,41,12.22,8.94,10.42,78.83,5.87,5.17,4.48
2023-02-11,2023,42,14.16,7.52,10.28,74.19,2.33,0.32,13.02
2023-02-12,2023,43,13.75,7.4,9.78,64.63,1.47,0.04,13.14
2023-02-13,2023,44,15.73,7.24,11.11,72.94,2.51,0.32,12.27
2023-02-14,2023,45,16.02,7.65,10.78,71.43,1.25,0.03,13.98
2023-02-15,2023,46,16.63,5.77,10.1,72.31,1.44,0.0,15.99
2023-02-16,2023,47,18.24,5.88,11.18,78.13,1.9,0.02,13.24
2023-02-17,2023,48,18.1,7.61,11.43,74.45,1.23,0.38,13.18
2023-02-18,2023,49,19.18,8.06,12.32,73.94,0.99,0.09,14.63
2023-02-19,2023,50,21.11,5.23,11.95,73.49,1.8,0.04,16.74
2023-02-20,2023,51,22.07,7.39,13.16,72.62,1.68,0.01,16.82
2023-02-21,2023,52,24.66,6.5,14.08,55.51,1.75,0.0,16.17
2023-02-22,2023,53,22.74,8.19,14.41,67.89,1.42,0.01,13.89
2023-02-23,2023,54,23.11,7.98,14.47,71.2,2.03,0.03,14.84
2023-02-24,2023,55,25.57,9.96,17.14,58.92,3.19,0.96,11.93
2023-02-25,2023,56,21.23,11.71,14.48,64.63,4.09,0.29,7.17
2023-02-26,2023,57,16.73,9.53,12.56,65.93,4.38,0.33,14.38
2023-02-27,2023,58,18.9,6.33,12.44,61.73,2.29,0.04,16.66
2023-02-28,2023,59,14.56,6.98,10.0,64.02,3.62,3.71,10.94
2023-03-01,2023,60,13.81,6.91,10.22,72.98,6.04,2.96,13.51
2023-03-02,2023,61,16.85,6.84,11.49,66.7,2.73,1.44,14.35
2023-03-03,2023,62,13.04,5.92,9.97,83.56,4.75,7.86,14.33
2023-03-04,2023,63,13.85,8.85,10.8,83.51,3.75,1.73,14.62
2023-03-05,2023,64,15.07,7.6,11.22,74.58,3.83,0.3,16.82
2023-03-06,2023,65,15.52,5.48,9.99,79.18,3.7,2.39,7.91
2023-03-07,2023,66,18.33,10.49,13.83,70.65,3.32,0.09,18.1
2023-03-08,2023,67,21.16,11.16,15.23,70.08,3.53,0.0,18.91
2023-03-09,2023,68,25.17,11.45,17.19,66.47,2.75,0.06,17.98
2023-03-10,2023,69,21.68,13.83,17.0,74.95,5.66,0.03,17.93
2023-03-11,2023,70,22.92,13.02,17.0,70.1,7.4,0.0,17.35
2023-03-12,2023,71,20.92,12.69,16.47,73.17,6.69,0.0,19.72
2023-03-13,2023,72,23.78,10.31,16.28,66.97,2.69,0.0,21.22
2023-03-14,2023,73,22.2,11.99,15.67,64.71,5.3,0.0,16.68
2023-03-15,2023,74,17.57,11.98,14.35,67.75,7.48,0.0,17.53
2023-03-16,2023,75,18.46,9.74,13.54,67.28,3.46,0.0,18.58
2023-03-17,2023,76,20.86,7.53,13.57,64.01,3.47,0.0,20.5
2023-03-18,2023,77,23.97,9.13,15.68,71.77,2.6,0.0,19.64
2023-03-19,2023,78,19.71,10.28,14.57,78.4,2.14,0.04,11.09
2023-03-20,2023,79,20.35,10.51,14.53,77.21,1.92,0.1,13.75
2023-03-21,2023,80,18.41,10.2,13.73,78.06,3.56,0.01,17.3
2023-03-22,2023,81,19.29,10.1,13.96,81.01,2.64,0.13,16.75
2023-03-23,2023,82,20.52,8.96,14.09,78.18,2.22,0.0,20.55
2023-03-24,2023,83,26.38,8.42,16.63,63.59,2.01,0.01,21.6
2023-03-25,2023,84,23.6,12.85,17.24,65.67,3.7,0.0,21.33
2023-03-26,2023,85,26.88,11.23,18.09,55.66,2.96,0.0,21.06
2023-03-27,2023,86,21.65,13.05,16.36,67.39,5.9,0.51,22.96
2023-03-28,2023,87,19.03,10.99,14.46,61.93,4.4,0.0,22.18
2023-03-29,2023,88,23.46,7.48,15.03,60.6,2.43,0.0,21.13
2023-03-30,2023,89,28.35,9.24,18.2,50.03,2.63,0.03,21.51
2023-03-31,2023,90,27.79,11.04,18.79,52.44,3.13,0.0,20.05
2023-04-01,2023,91,21.6,12.79,17.08,64.95,3.67,0.0,15.85
2023-04-02,2023,92,18.46,9.89,13.11,76.32,5.65,12.86,10.71
2023-04-03,2023,93,17.49,11.7,14.5,75.03,7.46,9.07,15.95
2023-04-04,2023,94,18.84,10.91,14.62,68.28,3.9,1.18,17.12
2023-04-05,2023,95,16.26,8.48,12.3,71.99,4.18,1.14,17.18
2023-04-06,2023,96,17.93,8.99,12.93,64.72,2.88,0.0,22.01
2023-04-07,2023,97,19.13,8.47,13.27,57.0,1.41,0.0,20.79
2023-04-08,2023,98,21.97,7.54,14.56,56.4,1.5,0.0,21.71
2023-04-09,2023,99,19.45,9.41,14.18,69.1,3.06,0.0,23.4
2023-04-10,2023,100,21.24,8.7,14.44,63.22,2.71,0.0,21.9
2023-04-11,2023,101,21.57,10.09,15.47,64.65,2.57,0.0,22.66
2023-04-12,2023,102,29.06,10.78,18.92,48.68,2.65,0.0,22.8
2023-04-13,2023,103,25.87,12.88,17.07,58.1,4.87,0.07,19.65
2023-04-14,2023,104,20.58,12.9,16.33,60.07,4.94,0.02,17.92
2023-04-15,2023,105,22.79,11.85,16.59,63.8,3.66,0.35,18.84
2023-04-16,2023,106,19.81,12.26,15.78,67.69,6.49,0.63,20.1
2023-04-17,2023,107,21.01,12.28,16.22,62.24,4.71,0.06,22.18
2023-04-18,2023,108,22.34,9.74,15.84,67.12,2.11,0.0,23.71
2023-04-19,2023,109,25.09,10.41,17.45,67.85,2.81,0.0,24.0
2023-04-20,2023,110,24.4,14.24,18.51,70.3,3.08,0.91,15.63
2023-04-21,2023,111,23.22,12.77,17.5,72.17,2.8,0.04,21.88
2023-04-22,2023,112,23.87,12.12,17.19,64.57,2.19,0.0,26.08
2023-04-23,2023,113,24.12,11.86,17.91,63.07,2.31,0.02,23.03
2023-04-24,2023,114,27.77,13.0,19.57,63.18,2.25,0.0,22.95
2023-04-25,2023,115,26.61,12.61,19.44,63.7,2.4,0.0,20.93
2023-04-26,2023,116,26.17,15.28,20.07,62.56,3.38,0.05,25.03
2023-04-27,2023,117,27.25,13.75,20.24,56.97,2.17,0.0,25.91
2023-04-28,2023,118,31.1,15.43,22.78,50.82,2.9,0.0,23.73
2023-04-29,2023,119,34.65,15.98,24.95,45.75,2.31,0.02,22.82
2023-04-30,2023,120,28.84,17.9,21.46,70.16,4.35,1.67,13.69
2023-05-01,2023,121,23.04,16.41,19.29,70.67,5.68,0.51,17.58
2023-05-02,2023,122,21.81,15.18,18.21,65.6,6.71,1.52,23.25
2023-05-03,2023,123,23.5,14.3,18.39,71.25,4.38,0.26,21.92
2023-05-04,2023,124,24.68,14.06,18.85,73.1,2.7,0.16,26.7
2023-05-05,2023,125,25.66,13.14,19.32,62.75,1.92,0.02,25.18
2023-05-06,2023,126,29.27,13.43,21.33,61.26,3.57,0.0,25.99
2023-05-07,2023,127,28.87,17.3,21.97,74.12,2.86,11.18,12.69
2023-05-08,2023,128,23.4,16.34,19.59,79.0,3.17,5.49,4.79
2023-05-09,2023,129,23.0,14.9,18.57,79.54,3.58,1.15,13.4
2023-05-10,2023,130,24.88,15.61,19.61,71.31,4.1,0.08,19.96
2023-05-11,2023,131,24.73,14.08,19.09,64.31,3.07,0.16,23.35
2023-05-12,2023,132,24.67,14.73,19.16,75.37,3.57,10.88,18.77
2023-05-13,2023,133,24.07,16.13,19.4,83.17,2.47,17.7,14.24
2023-05-14,2023,134,19.58,15.38,17.26,75.79,4.55,2.93,12.81
2023-05-15,2023,135,18.44,15.28,16.74,79.4,6.14,8.91,7.39
2023-05-16,2023,136,22.46,15.23,18.62,67.33,7.51,1.6,22.11
2023-05-17,2023,137,23.55,13.84,18.38,65.66,4.45,0.02,25.65
2023-05-18,2023,138,23.71,14.77,18.34,68.47,2.58,1.07,18.57
2023-05-19,2023,139,22.65,14.11,17.93,81.78,3.54,5.54,13.04
2023-05-20,2023,140,21.39,16.27,18.22,82.96,5.58,8.64,14.34
2023-05-21,2023,141,21.98,15.43,18.27,78.73,5.69,6.7,19.14
2023-05-22,2023,142,23.89,15.3,19.38,78.77,2.73,1.28,21.03
2023-05-23,2023,143,27.19,15.82,20.39,72.53,3.47,0.09,23.64
2023-05-24,2023,144,24.97,15.09,19.49,75.41,3.37,0.26,18.68
2023-05-25,2023,145,23.45,15.01,19.08,75.66,2.32,2.35,12.04
2023-05-26,2023,146,23.56,15.92,19.26,79.3,2.74,1.58,22.08
2023-05-27,2023,147,28.39,14.64,21.37,63.31,2.22,0.03,28.46
2023-05-28,2023,148,30.04,16.09,22.45,58.67,1.79,0.51,27.99
2023-05-29,2023,149,22.37,17.65,20.12,77.59,1.82,6.11,15.07
2023-05-30,2023,150,22.92,17.11,19.86,76.59,1.48,7.62,18.49
2023-05-31,2023,151,23.78,15.92,19.77,77.21,2.12,2.28,17.4
2023-06-01,2023,152,24.26,15.85,20.32,73.47,1.41,2.03,17.69
2023-06-02,2023,153,26.78,16.0,21.45,68.08,1.86,0.7,23.42
2023-06-03,2023,154,28.07,17.05,22.33,66.74,2.37,0.16,24.25
2023-06-04,2023,155,24.52,18.29,20.61,81.55,2.68,19.86,15.97
2023-06-05,2023,156,24.45,17.67,20.51,79.46,2.98,2.32,16.65
2023-06-06,2023,157,24.72,17.26,20.9,76.42,2.55,0.15,11.75
2023-06-07,2023,158,28.55,16.17,22.55,69.84,2.73,0.02,23.7
2023-06-08,2023,159,30.59,19.02,24.19,69.68,2.39,0.71,19.85
2023-06-09,2023,160,28.22,20.87,23.3,78.68,2.71,5.23,19.52
2023-06-10,2023,161,26.48,20.11,23.13,81.26,1.08,0.75,12.01
2023-06-11,2023,162,28.3,19.73,23.5,73.01,3.59,0.09,26.57
2023-06-12,2023,163,30.62,18.25,24.27,67.53,2.51,0.03,29.69
2023-06-13,2023,164,31.42,19.62,24.96,69.38,1.74,10.44,18.25
2023-06-14,2023,165,25.18,20.25,22.29,84.43,2.55,19.0,11.98
2023-06-15,2023,166,27.06,19.31,23.03,75.8,5.41,0.34,23.7
2023-06-16,2023,167,27.79,19.46,23.3,72.48,5.09,0.13,27.47
2023-06-17,2023,168,29.1,18.09,23.25,70.15,2.79,0.05,27.59
2023-06-18,2023,169,32.94,17.51,25.02,59.7,4.2,0.0,29.03
2023-06-19,2023,170,35.72,20.48,27.22,54.73,5.03,0.0,26.07
2023-06-20,2023,171,35.4,22.36,27.8,48.64,5.37,0.0,28.45
2023-06-21,2023,172,37.39,20.03,28.14,43.7,5.18,0.0,28.53
2023-06-22,2023,173,39.5,22.46,29.33,44.13,2.97,0.0,29.31
2023-06-23,2023,174,33.43,21.95,27.1,60.51,3.98,0.0,27.51
2023-06-24,2023,175,30.94,21.4,25.68,65.79,4.34,0.01,25.65
2023-06-25,2023,176,31.24,19.32,25.04,69.05,3.39,0.1,28.07
2023-06-26,2023,177,32.02,20.85,26.23,63.2,3.6,0.01,29.05
2023-06-27,2023,178,32.71,21.16,26.93,67.93,3.81,0.07,28.44
2023-06-28,2023,179,33.01,21.5,26.88,60.57,3.29,0.03,27.63
2023-06-29,2023,180,34.83,21.95,27.01,57.73,1.68,0.0,23.75
2023-06-30,2023,181,35.64,21.73,27.4,65.44,2.11,0.37,23.04
2023-07-01,2023,182,29.88,21.62,25.31,66.82,5.28,0.25,25.22
2023-07-02,2023,183,29.96,21.69,25.54,63.91,5.62,0.0,27.47
2023-07-03,2023,184,31.74,21.28,26.25,60.58,3.87,0.0,28.67
2023-07-04,2023,185,32.07,21.07,26.36,61.64,2.97,0.0,29.21
2023-07-05,2023,186,34.73,21.14,27.79,53.97,1.9,0.0,28.07
2023-07-06,2023,187,38.65,23.37,30.51,47.2,3.36,0.0,27.58
2023-07-07,2023,188,43.0,25.66,33.14,44.96,4.31,0.0,25.09
2023-07-08,2023,189,43.94,28.11,33.41,41.85,2.63,0.08,23.53
2023-07-09,2023,190,38.63,27.12,32.41,48.18,2.39,0.59,24.8
2023-07-10,2023,191,36.21,26.48,30.58,52.65,2.59,0.79,25.43
2023-07-11,2023,192,41.86,24.94,32.54,50.34,2.11,0.02,27.38
2023-07-12,2023,193,42.53,26.13,33.87,39.12,4.16,0.0,28.4
2023-07-13,2023,194,41.61,25.77,33.43,38.38,3.55,0.02,27.15
2023-07-14,2023,195,40.18,25.82,32.15,50.21,1.61,0.04,26.94
2023-07-15,2023,196,44.25,24.36,33.84,35.68,2.47,0.0,28.05
2023-07-16,2023,197,42.03,27.08,33.57,40.8,2.74,0.02,26.17
2023-07-17,2023,198,40.65,26.28,32.85,56.09,1.78,0.22,27.15
2023-07-18,2023,199,40.23,28.37,33.51,44.08,1.85,0.0,26.42
2023-07-19,2023,200,43.66,28.1,35.44,35.34,1.52,0.03,26.16
2023-07-20,2023,201,40.28,26.87,32.93,47.16,3.07,0.0,26.56
2023-07-21,2023,202,46.19,26.93,34.98,37.98,2.53,0.0,26.32
2023-07-22,2023,203,42.14,27.67,34.42,49.83,2.2,0.0,25.83
2023-07-23,2023,204,46.07,28.71,36.66,37.83,2.85,0.0,27.0
2023-07-24,2023,205,45.98,30.78,38.47,19.32,4.3,0.0,27.37
2023-07-25,2023,206,41.25,27.87,33.65,34.9,5.88,0.01,22.63
2023-07-26,2023,207,31.66,25.32,28.3,53.29,5.68,0.0,25.37
2023-07-27,2023,208,32.45,24.1,27.79,51.81,4.51,0.0,26.84
2023-07-28,2023,209,40.43,24.99,31.61,54.41,3.77,0.0,24.35
2023-07-29,2023,210,38.65,26.58,31.66,58.22,2.79,0.02,23.79
2023-07-30,2023,211,36.11,25.77,30.35,59.53,2.41,0.0,24.92
2023-07-31,2023,212,35.28,24.16,29.56,59.89,4.08,0.0,26.94
2023-08-01,2023,213,33.97,24.8,28.85,57.21,4.71,0.0,26.37
2023-08-02,2023,214,35.28,23.72,29.25,56.39,2.71,0.0,25.14
2023-08-03,2023,215,38.7,25.03,31.77,48.4,1.92,0.0,25.98
2023-08-04,2023,216,33.27,24.54,28.13,60.77,4.85,2.0,18.45
2023-08-05,2023,217,28.93,23.16,25.72,54.42,8.36,0.16,24.82
2023-08-06,2023,218,30.31,23.39,26.38,54.65,6.73,0.02,24.0
2023-08-07,2023,219,29.93,21.72,25.28,54.44,6.41,0.0,24.74
2023-08-08,2023,220,31.35,19.83,24.84,52.11,3.25,0.0,26.52
2023-08-09,2023,221,32.8,19.37,25.51,48.99,2.52,0.0,27.2
2023-08-10,2023,222,32.68,20.92,26.31,60.83,2.96,0.0,25.86
2023-08-11,2023,223,35.67,21.4,27.89,55.06,2.48,0.0,24.12
2023-08-12,2023,224,33.3,22.42,27.67,57.83,2.35,0.0,24.88
2023-08-13,2023,225,33.29,22.54,27.55,54.63,2.29,0.0,23.8
2023-08-14,2023,226,34.98,21.25,27.98,49.7,2.77,0.0,25.98
2023-08-15,2023,227,36.1,22.74,29.07,55.43,3.54,0.0,24.15
2023-08-16,2023,228,35.3,23.02,28.84,52.84,2.82,0.0,25.15
2023-08-17,2023,229,37.43,22.24,29.72,47.0,2.78,0.0,24.16
2023-08-18,2023,230,40.73,23.58,31.92,38.28,2.02,0.0,22.72
2023-08-19,2023,231,35.95,24.3,29.27,60.16,2.64,0.07,21.66
2023-08-20,2023,232,34.82,23.35,28.5,67.37,3.59,0.18,21.81
2023-08-21,2023,233,34.31,24.65,28.98,69.02,3.1,0.39,20.74
2023-08-22,2023,234,34.41,24.5,28.98,69.71,2.91,1.12,20.66
2023-08-23,2023,235,35.13,24.6,29.27,66.61,2.73,0.17,20.12
2023-08-24,2023,236,36.79,23.8,30.06,53.64,2.06,0.01,18.97
2023-08-25,2023,237,38.62,24.38,31.47,45.78,3.32,0.0,20.82
2023-08-26,2023,238,38.37,25.41,31.28,48.89,2.57,0.0,21.94
2023-08-27,2023,239,44.19,24.94,33.41,43.89,3.55,0.03,21.21
2023-08-28,2023,240,29.36,23.65,26.25,54.26,7.21,0.03,16.53
2023-08-29,2023,241,30.53,22.26,25.8,56.82,5.27,0.39,21.67
2023-08-30,2023,242,32.57,21.25,26.18,54.73,2.03,0.54,19.95
2023-08-31,2023,243,30.33,21.89,25.52,55.68,2.45,0.65,18.99
2023-09-01,2023,244,32.22,20.96,26.19,48.47,2.61,0.0,24.1
2023-09-02,2023,245,34.36,22.94,27.73,56.1,4.91,0.0,20.84
2023-09-03,2023,246,33.87,23.11,28.26,60.16,4.13,0.0,18.65
2023-09-04,2023,247,32.15,22.61,26.56,66.82,3.54,0.0,20.91
2023-09-05,2023,248,29.44,22.25,25.43,63.24,3.83,0.0,21.24
2023-09-06,2023,249,30.15,21.65,25.31,63.42,3.93,0.0,20.41
2023-09-07,2023,250,29.84,21.46,25.25,63.0,3.94,0.01,18.12
2023-09-08,2023,251,31.15,21.43,25.65,64.75,3.12,0.04,19.71
2023-09-09,2023,252,31.14,20.45,25.5,65.99,2.64,0.0,19.55
2023-09-10,2023,253,32.72,20.97,26.3,62.82,2.1,0.0,19.93
2023-09-11,2023,254,33.12,21.04,26.31,63.04,1.93,0.01,22.68
2023-09-12,2023,255,34.09,20.77,27.19,57.36,3.13,0.0,22.09
2023-09-13,2023,256,37.06,22.13,28.8,53.91,2.57,0.01,20.72
2023-09-14,2023,257,36.31,23.27,29.27,50.38,2.18,0.04,19.29
2023-09-15,2023,258,37.33,23.99,29.72,48.39,3.82,0.0,19.34
2023-09-16,2023,259,37.9,25.16,30.64,46.9,4.18,0.07,17.35
2023-09-17,2023,260,38.92,25.26,31.37,41.07,4.48,0.0,18.25
2023-09-18,2023,261,35.12,26.53,30.14,47.02,4.16,0.05,17.08
2023-09-19,2023,262,37.48,26.37,30.59,46.6,1.54,0.05,17.19
2023-09-20,2023,263,37.11,25.07,30.15,53.29,2.2,0.07,13.05
2023-09-21,2023,264,38.67,24.83,29.7,45.76,2.47,0.04,19.18
2023-09-22,2023,265,38.53,23.38,28.61,62.19,2.45,0.06,18.82
2023-09-23,2023,266,27.13,22.16,24.65,64.31,6.06,0.53,14.95
2023-09-24,2023,267,27.12,20.7,23.43,54.95,5.66,0.01,17.94
2023-09-25,2023,268,27.34,18.4,22.6,59.27,3.76,0.02,18.17
2023-09-26,2023,269,27.6,19.9,23.37,62.84,4.55,0.15,14.89
2023-09-27,2023,270,28.9,20.72,24.22,66.94,3.91,0.08,18.47
2023-09-28,2023,271,29.7,19.89,23.87,68.71,3.48,0.0,16.96
2023-09-29,2023,272,29.46,19.39,23.75,68.96,2.74,0.01,16.94
2023-09-30,2023,273,29.65,19.31,23.82,69.98,2.45,0.01,16.57
2023-10-01,2023,274,30.24,19.05,24.0,72.47,2.25,0.0,16.15
2023-10-02,2023,275,28.97,20.27,23.72,67.55,1.94,0.0,18.1
2023-10-03,2023,276,30.41,18.95,23.99,64.51,1.81,0.0,16.46
2023-10-04,2023,277,33.15,18.49,24.61,58.83,1.88,0.0,18.57
2023-10-05,2023,278,29.78,19.54,23.77,71.07,3.79,0.01,16.61
2023-10-06,2023,279,28.45,18.95,22.91,71.82,2.8,0.03,15.84
2023-10-07,2023,280,28.1,18.09,22.74,69.29,1.88,0.04,15.06
2023-10-08,2023,281,27.92,19.87,23.24,67.69,2.03,0.0,14.91
2023-10-09,2023,282,28.45,19.41,23.1,71.89,1.85,0.0,15.97
2023-10-10,2023,283,30.14,18.25,23.61,63.35,1.49,0.0,15.63
2023-10-11,2023,284,31.87,19.73,24.43,53.85,1.45,0.0,16.05
2023-10-12,2023,285,32.24,18.51,24.41,50.53,1.6,0.0,17.41
2023-10-13,2023,286,32.64,19.71,24.75,44.84,1.65,0.0,17.21
2023-10-14,2023,287,33.07,19.27,25.29,35.99,1.54,0.0,16.83
2023-10-15,2023,288,31.2,19.88,24.74,52.54,3.14,0.04,15.31
2023-10-16,2023,289,33.08,19.78,25.54,51.48,1.97,0.04,15.11
2023-10-17,2023,290,34.24,19.86,25.8,42.08,2.39,0.02,13.45
2023-10-18,2023,291,36.6,21.19,27.59,31.55,2.25,0.0,13.86
2023-10-19,2023,292,36.19,19.61,27.12,35.25,2.57,0.0,15.11
2023-10-20,2023,293,32.24,22.07,25.74,44.57,5.3,0.01,8.88
2023-10-21,2023,294,27.04,19.28,22.51,59.53,4.26,0.75,14.03
2023-10-22,2023,295,29.9,17.4,23.19,56.91,3.86,0.0,11.99
2023-10-23,2023,296,33.92,19.79,25.24,68.77,3.61,0.07,13.99
2023-10-24,2023,297,30.23,21.2,24.16,65.21,3.21,0.76,10.37
2023-10-25,2023,298,26.37,19.81,22.47,66.29,3.36,0.83,10.25
2023-10-26,2023,299,27.85,19.14,22.63,69.37,3.87,0.14,13.16
2023-10-27,2023,300,28.07,18.51,22.65,69.98,4.05,0.4,14.15
2023-10-28,2023,301,28.67,19.79,23.34,71.78,2.82,0.09,11.67
2023-10-29,2023,302,31.47,20.38,25.14,57.62,5.04,0.01,8.83
2023-10-30,2023,303,34.35,21.58,25.9,58.18,5.68,0.01,8.76
2023-10-31,2023,304,26.86,19.28,22.33,72.46,3.19,0.01,12.34
2023-11-01,2023,305,26.79,18.28,21.45,73.72,3.72,0.03,5.53
2023-11-02,2023,306,29.78,16.77,22.92,60.92,3.17,0.15,13.04
2023-11-03,2023,307,24.2,17.76,21.59,54.41,6.96,2.54,8.5
2023-11-04,2023,308,24.02,16.57,19.74,54.7,4.43,1.16,12.05
2023-11-05,2023,309,26.91,15.98,20.35,61.88,4.49,1.3,13.26
2023-11-06,2023,310,26.53,16.6,20.64,72.6,2.61,1.3,11.47
2023-11-07,2023,311,23.35,17.63,19.95,81.15,2.95,1.44,9.62
2023-11-08,2023,312,21.59,15.85,18.01,66.91,3.91,0.38,11.07
2023-11-09,2023,313,22.52,14.69,17.85,63.63,2.29,1.27,8.62
2023-11-10,2023,314,21.85,15.98,18.12,71.39,3.53,0.08,7.77
2023-11-11,2023,315,24.2,16.95,19.87,67.37,4.13,0.05,11.35
2023-11-12,2023,316,24.8,17.34,20.24,75.32,5.15,0.03,10.91
2023-11-13,2023,317,24.82,16.08,19.61,80.45,3.33,0.0,12.3
2023-11-14,2023,318,27.22,14.17,19.34,75.06,2.36,0.0,12.94
2023-11-15,2023,319,24.77,15.08,19.17,80.21,4.3,0.0,12.42
2023-11-16,2023,320,23.96,15.5,18.99,72.07,2.98,0.0,11.93
2023-11-17,2023,321,23.81,14.83,18.67,82.14,4.09,1.35,11.17
2023-11-18,2023,322,21.41,14.48,17.65,67.23,5.04,0.28,9.86
2023-11-19,2023,323,23.03,13.6,17.38,74.16,2.04,0.05,10.93
2023-11-20,2023,324,27.61,12.39,18.5,59.95,1.88,0.0,12.26
2023-11-21,2023,325,23.03,14.92,17.95,79.71,4.74,3.58,10.0
2023-11-22,2023,326,18.87,13.68,15.74,71.47,4.14,1.27,6.7
2023-11-23,2023,327,20.22,13.58,16.44,81.49,4.63,25.13,5.6
2023-11-24,2023,328,19.16,12.11,15.26,78.14,2.71,1.23,8.14
2023-11-25,2023,329,18.65,14.32,16.3,59.37,9.41,0.51,9.61
2023-11-26,2023,330,17.68,12.16,14.53,64.4,4.32,0.05,9.62
2023-11-27,2023,331,20.13,8.73,13.7,68.0,1.97,0.01,10.34
2023-11-28,2023,332,20.64,12.88,16.21,77.71,5.43,2.41,8.73
2023-11-29,2023,333,20.77,13.44,16.49,81.01,3.12,1.45,7.1
2023-11-30,2023,334,26.22,12.07,17.66,62.75,3.35,0.0,10.01
2023-12-01,2023,335,24.48,12.4,16.79,51.01,3.83,0.0,6.57
2023-12-02,2023,336,20.33,13.96,16.32,59.82,5.16,0.67,5.9
2023-12-03,2023,337,17.16,12.74,14.63,67.78,4.56,0.98,9.25
2023-12-04,2023,338,18.39,11.72,14.31,65.11,2.82,0.39,10.48
2023-12-05,2023,339,18.45,11.81,14.69,72.98,5.11,16.33,6.16
2023-12-06,2023,340,15.59,9.54,13.16,76.86,1.4,26.36,3.45
2023-12-07,2023,341,16.99,9.27,13.32,79.05,3.23,0.32,7.86
2023-12-08,2023,342,16.47,8.9,12.43,82.75,4.02,20.87,5.06
2023-12-09,2023,343,17.7,13.29,15.13,80.89,5.53,6.64,7.9
2023-12-10,2023,344,19.5,13.32,15.83,82.09,6.0,0.18,10.14
2023-12-11,2023,345,21.54,13.68,16.66,85.9,3.08,0.83,9.78
2023-12-12,2023,346,23.93,11.92,16.75,71.9,2.47,0.0,10.13
2023-12-13,2023,347,22.01,13.68,16.8,71.0,3.26,0.02,8.36
2023-12-14,2023,348,17.03,12.44,14.57,80.57,5.18,6.17,4.65
2023-12-15,2023,349,16.12,12.46,14.32,73.12,6.67,10.21,7.81
2023-12-16,2023,350,15.33,10.82,13.21,71.94,4.42,8.58,6.55
2023-12-17,2023,351,16.73,10.65,13.45,75.16,3.64,3.8,6.17
2023-12-18,2023,352,15.23,13.05,14.14,92.26,4.29,99.26,5.27
2023-12-19,2023,353,16.22,12.59,13.8,86.1,2.71,14.4,6.48
2023-12-20,2023,354,16.11,11.82,13.73,79.12,5.16,2.79,9.13
2023-12-21,2023,355,16.47,12.86,14.32,76.44,7.38,5.08,4.96
2023-12-22,2023,356,17.59,14.38,15.29,78.53,9.57,0.96,7.03
2023-12-23,2023,357,16.95,13.44,15.08,75.35,8.77,0.02,9.5
2023-12-24,2023,358,17.94,12.54,14.29,83.85,4.95,0.01,10.09
2023-12-25,2023,359,17.45,10.08,13.49,85.11,3.02,0.01,10.02
2023-12-26,2023,360,17.59,8.17,12.12,85.42,1.69,0.01,10.38
2023-12-27,2023,361,17.34,9.02,12.17,83.47,1.57,0.03,7.79
2023-12-28,2023,362,18.87,8.0,12.12,79.21,2.74,0.01,9.66
2023-12-29,2023,363,17.55,9.96,12.8,84.26,1.65,0.0,9.33
2023-12-30,2023,364,15.76,9.2,12.21,86.33,1.61,0.02,5.93
2023-12-31,2023,365,18.07,9.32,12.82,89.97,1.85,0.06,9.51
2024-01-01,2024,1,19.04,8.68,13.04,75.25,1.86,1.03,8.22
2024-01-02,2024,2,16.84,9.52,12.87,86.04,2.6,1.02,9.48
2024-01-03,2024,3,19.62,7.08,12.25,75.53,2.87,0.0,9.65
2024-01-04,2024,4,19.23,9.06,13.43,76.99,2.9,0.0,10.34
2024-01-05,2024,5,18.9,8.18,13.19,70.53,1.71,0.0,8.77
2024-01-06,2024,6,13.18,9.55,11.58,81.75,7.12,19.1,4.85
2024-01-07,2024,7,13.49,10.26,11.47,71.79,6.86,2.11,7.25
2024-01-08,2024,8,12.38,8.32,10.51,73.12,7.33,1.57,7.96
2024-01-09,2024,9,13.63,7.84,10.59,68.12,4.68,0.17,9.22
2024-01-10,2024,10,14.08,5.84,8.92,77.89,3.1,3.2,3.71
2024-01-11,2024,11,14.96,7.44,11.23,89.34,3.62,2.87,7.3
2024-01-12,2024,12,15.52,11.0,12.61,83.07,5.17,3.09,7.05
2024-01-13,2024,13,15.03,8.53,11.47,80.01,3.37,0.04,10.75
2024-01-14,2024,14,15.91,5.88,10.46,79.47,2.59,0.01,10.39
2024-01-15,2024,15,19.26,10.16,13.88,74.44,4.99,0.05,10.6
2024-01-16,2024,16,19.96,12.42,15.06,81.35,3.82,0.08,10.65
2024-01-17,2024,17,23.3,12.33,15.94,67.57,3.15,0.0,10.66
2024-01-18,2024,18,21.32,11.8,15.16,70.17,3.47,0.0,11.41
2024-01-19,2024,19,16.79,11.75,14.3,79.31,1.87,0.0,6.66
2024-01-20,2024,20,16.56,11.72,13.68,89.57,3.43,2.71,6.54
2024-01-21,2024,21,13.37,7.44,10.05,71.79,3.6,0.02,6.6
2024-01-22,2024,22,14.23,7.1,9.85,75.58,2.71,0.06,6.98
2024-01-23,2024,23,16.61,7.88,12.66,78.27,5.77,0.03,8.96
2024-01-24,2024,24,17.02,11.36,13.55,81.11,4.31,0.01,10.04
2024-01-25,2024,25,19.54,12.51,15.08,87.15,6.17,0.04,12.24
2024-01-26,2024,26,20.44,12.57,15.12,86.86,4.65,0.1,12.25
2024-01-27,2024,27,18.88,12.31,14.56,89.5,3.77,0.23,9.6
2024-01-28,2024,28,16.55,9.44,12.51,84.09,2.14,0.04,9.71
2024-01-29,2024,29,16.54,8.94,11.8,79.86,2.07,0.04,12.24
2024-01-30,2024,30,15.78,7.48,10.58,80.3,1.92,0.03,12.99
2024-01-31,2024,31,15.83,5.78,10.03,75.64,1.54,0.01,12.93
2024-02-01,2024,32,15.81,6.21,10.76,78.66,2.6,0.18,10.21
2024-02-02,2024,33,15.44,9.46,12.44,87.99,3.07,7.78,5.37
2024-02-03,2024,34,16.7,9.76,12.48,83.01,2.77,0.02,12.99
2024-02-04,2024,35,17.35,8.85,11.93,87.36,3.7,0.05,14.18
2024-02-05,2024,36,18.94,8.42,12.58,81.39,2.55,0.1,14.38
2024-02-06,2024,37,23.39,8.38,14.31,67.86,1.42,0.0,14.4
2024-02-07,2024,38,18.11,8.63,12.98,74.91,4.24,0.07,13.48
2024-02-08,2024,39,19.46,10.05,14.0,72.47,3.15,0.31,13.9
2024-02-09,2024,40,23.22,8.71,14.94,51.32,4.21,0.06,9.55
2024-02-10,2024,41,18.89,11.43,14.34,72.75,4.81,7.22,4.92
2024-02-11,2024,42,14.64,9.42,11.99,78.13,5.81,4.86,12.74
2024-02-12,2024,43,17.34,9.7,13.16,76.49,3.51,1.52,10.03
2024-02-13,2024,44,17.63,11.56,14.02,79.29,5.51,0.84,12.61
2024-02-14,2024,45,17.19,9.18,12.45,82.41,3.35,0.02,15.17
2024-02-15,2024,46,18.9,7.85,12.41,75.39,2.59,0.03,16.26
2024-02-16,2024,47,17.61,10.63,13.34,84.4,2.19,0.23,9.12
2024-02-17,2024,48,14.74,11.21,12.99,91.45,1.62,5.9,6.02
2024-02-18,2024,49,18.31,9.36,13.39,85.71,1.49,0.12,13.68
2024-02-19,2024,50,17.75,9.16,13.34,85.96,4.35,0.22,11.52
2024-02-20,2024,51,15.96,11.37,13.59,85.44,4.31,10.77,7.69
2024-02-21,2024,52,16.57,10.17,12.65,83.87,3.26,3.05,11.45
2024-02-22,2024,53,17.72,7.91,12.16,75.93,2.64,0.02,16.33
2024-02-23,2024,54,19.34,9.23,13.83,73.35,3.61,6.38,9.01
2024-02-24,2024,55,16.51,8.81,12.2,70.42,2.22,0.26,10.46
2024-02-25,2024,56,14.91,8.6,11.52,74.92,5.41,0.53,15.13
2024-02-26,2024,57,20.14,8.43,13.72,69.27,2.51,0.06,13.51
2024-02-27,2024,58,16.97,9.82,12.82,76.97,2.38,2.67,7.18
2024-02-28,2024,59,14.36,9.48,11.77,82.94,3.59,4.14,14.12
2024-02-29,2024,60,15.79,8.14,11.66,80.93,2.72,2.37,8.81
2024-03-01,2024,61,16.64,8.52,12.14,82.63,4.83,3.31,9.15
2024-03-02,2024,62,18.95,9.46,13.49,71.0,2.82,0.04,16.97
2024-03-03,2024,63,21.56,7.54,12.88,68.76,3.94,3.17,16.45
2024-03-04,2024,64,14.96,9.35,12.22,69.17,6.33,0.67,15.58
2024-03-05,2024,65,18.61,9.98,13.68,72.53,4.96,0.03,14.36
2024-03-06,2024,66,17.59,8.86,12.71,71.81,2.55,0.0,19.25
2024-03-07,2024,67,20.18,6.97,12.96,78.53,1.92,0.02,17.73
2024-03-08,2024,68,21.08,10.8,14.59,77.82,2.47,0.32,12.57
2024-03-09,2024,69,21.38,11.7,15.61,75.79,2.87,1.13,13.96
2024-03-10,2024,70,16.83,8.67,13.46,78.15,3.78,12.41,10.96
2024-03-11,2024,71,17.23,8.77,12.65,79.67,4.36,0.65,16.59
2024-03-12,2024,72,17.62,10.17,13.18,75.02,5.18,0.62,15.65
2024-03-13,2024,73,17.67,9.88,12.87,75.17,2.81,0.01,17.95
2024-03-14,2024,74,19.94,8.12,13.4,78.73,2.17,0.04,17.96
2024-03-15,2024,75,19.96,8.55,13.48,82.7,2.14,0.06,18.54
2024-03-16,2024,76,19.71,9.25,14.39,84.78,3.5,0.08,17.93
2024-03-17,2024,77,19.72,11.58,15.09,80.26,3.09,0.25,18.24
2024-03-18,2024,78,24.88,9.17,16.6,65.41,1.56,0.0,17.3
2024-03-19,2024,79,21.11,10.44,15.34,77.9,2.64,0.06,18.97
2024-03-20,2024,80,21.25,11.41,15.33,81.28,1.78,0.37,18.45
2024-03-21,2024,81,23.62,11.28,16.32,81.16,3.52,0.34,17.71
2024-03-22,2024,82,20.61,11.25,15.23,86.0,2.42,0.05,16.94
2024-03-23,2024,83,20.59,10.94,15.05,81.04,1.67,0.32,18.66
2024-03-24,2024,84,25.43,10.04,16.18,69.65,2.1,0.0,15.13
2024-03-25,2024,85,26.41,12.47,17.92,64.91,2.72,1.05,8.9
2024-03-26,2024,86,21.52,14.21,17.13,77.24,3.27,0.82,15.67
2024-03-27,2024,87,18.45,10.8,13.99,72.38,5.71,0.55,17.24
2024-03-28,2024,88,25.47,10.11,17.49,55.37,2.92,0.0,20.15
2024-03-29,2024,89,26.05,11.97,18.19,48.89,4.44,0.0,20.16
2024-03-30,2024,90,27.81,12.57,18.15,71.2,2.71,0.01,18.23
2024-03-31,2024,91,29.37,11.91,20.04,58.43,2.19,0.0,18.77
2024-04-01,2024,92,22.16,13.15,17.58,64.79,4.25,0.0,20.14
2024-04-02,2024,93,21.98,12.2,16.36,78.53,2.45,0.04,21.69
2024-04-03,2024,94,24.69,10.64,16.49,70.65,2.49,0.0,21.32
2024-04-04,2024,95,22.94,10.48,16.06,73.49,1.88,0.12,25.13
2024-04-05,2024,96,27.06,10.58,18.06,58.0,2.91,0.0,25.37
2024-04-06,2024,97,28.44,11.75,19.12,58.46,3.09,0.0,23.87
2024-04-07,2024,98,30.5,11.85,20.11,55.17,2.54,0.02,24.63
2024-04-08,2024,99,30.38,13.24,20.61,53.19,3.56,0.01,22.29
2024-04-09,2024,100,25.3,14.66,18.92,68.12,4.99,3.42,17.68
2024-04-10,2024,101,18.41,11.37,15.19,66.47,5.9,0.7,22.48
2024-04-11,2024,102,18.61,9.93,14.16,69.92,2.29,0.22,18.73
2024-04-12,2024,103,20.35,12.0,15.63,79.62,3.31,0.36,12.23
2024-04-13,2024,104,23.2,12.85,17.49,79.55,2.47,0.22,17.1
2024-04-14,2024,105,24.95,13.72,18.02,75.68,2.54,0.26,10.41
2024-04-15,2024,106,24.55,13.62,18.35,74.91,3.06,0.07,14.98
2024-04-16,2024,107,21.39,14.13,17.06,77.99,4.36,0.42,7.99
2024-04-17,2024,108,19.71,12.45,15.79,67.91,6.42,0.02,22.09
2024-04-18,2024,109,20.23,11.34,15.43,65.36,4.67,0.06,22.41
2024-04-19,2024,110,18.71,10.91,14.49,62.17,6.2,0.13,21.71
2024-04-20,2024,111,21.47,8.95,14.96,63.52,3.21,0.0,25.77
2024-04-21,2024,112,20.01,11.87,15.08,65.68,3.13,0.0,21.11
2024-04-22,2024,113,19.8,11.13,14.94,64.02,2.9,0.0,22.76
2024-04-23,2024,114,18.97,10.89,14.63,61.06,4.07,2.24,23.64
2024-04-24,2024,115,15.94,10.37,13.13,67.13,5.08,3.63,10.62
2024-04-25,2024,116,21.91,9.54,15.29,60.29,2.9,0.04,26.1
2024-04-26,2024,117,24.2,11.66,16.98,64.44,2.46,0.01,14.08
2024-04-27,2024,118,24.52,11.45,17.73,65.66,4.37,0.03,24.23
2024-04-28,2024,119,23.3,12.72,17.55,73.87,3.75,0.09,17.94
2024-04-29,2024,120,24.55,13.11,18.5,76.67,3.58,0.13,12.75
2024-04-30,2024,121,21.09,14.85,17.5,86.83,3.2,10.64,9.5
2024-05-01,2024,122,22.88,13.35,17.58,70.08,4.08,0.21,25.79
2024-05-02,2024,123,21.54,12.69,16.81,72.85,4.04,0.04,21.43
2024-05-03,2024,124,21.38,11.1,16.24,66.31,2.98,0.0,26.15
2024-05-04,2024,125,24.03,10.09,17.14,52.11,2.01,0.0,28.13
2024-05-05,2024,126,28.56,11.05,19.44,55.86,2.95,0.0,27.91
2024-05-06,2024,127,32.55,13.83,22.47,58.1,2.24,0.0,26.6
2024-05-07,2024,128,25.7,16.85,20.13,72.13,2.43,0.41,21.03
2024-05-08,2024,129,18.84,13.68,16.34,76.65,5.08,7.37,15.83
2024-05-09,2024,130,19.43,13.77,16.41,81.54,4.59,2.07,11.57
2024-05-10,2024,131,23.2,14.03,18.28,76.86,3.63,0.13,23.94
2024-05-11,2024,132,27.05,13.57,19.93,63.96,1.89,0.0,27.5
2024-05-12,2024,133,28.8,14.22,21.18,62.93,2.77,0.0,28.14
2024-05-13,2024,134,29.03,16.04,22.31,71.44,2.14,1.41,24.2
2024-05-14,2024,135,30.6,18.84,22.59,71.11,2.74,1.03,24.6
2024-05-15,2024,136,31.58,17.66,23.46,62.89,2.3,0.01,22.91
2024-05-16,2024,137,26.37,16.94,20.72,69.56,3.86,0.18,25.12
2024-05-17,2024,138,30.45,15.57,22.36,63.58,3.23,0.02,19.0
2024-05-18,2024,139,32.46,18.97,24.04,74.41,1.68,23.13,17.59
2024-05-19,2024,140,29.59,19.17,23.49,68.36,2.41,0.24,21.5
2024-05-20,2024,141,29.81,18.03,22.01,75.62,3.63,0.72,22.62
2024-05-21,2024,142,26.05,16.49,20.74,71.56,3.52,0.04,28.14
2024-05-22,2024,143,29.67,15.27,21.13,66.31,2.59,0.08,27.12
2024-05-23,2024,144,29.67,15.53,21.81,60.57,2.19,0.03,25.57
2024-05-24,2024,145,30.46,16.54,23.04,64.6,2.3,0.05,25.59
2024-05-25,2024,146,29.42,16.99,22.89,64.62,2.0,0.03,26.46
2024-05-26,2024,147,28.22,17.11,22.15,63.19,1.64,0.19,29.15
2024-05-27,2024,148,30.85,16.28,23.37,52.57,2.59,0.0,28.99
2024-05-28,2024,149,33.35,18.2,24.57,55.88,3.22,0.06,24.16
2024-05-29,2024,150,26.68,17.57,21.74,69.77,5.06,0.04,26.79
2024-05-30,2024,151,28.44,17.88,22.72,65.85,3.27,0.03,26.61
2024-05-31,2024,152,31.58,17.88,23.35,61.43,2.6,0.0,27.33
2024-06-01,2024,153,29.01,17.71,22.76,65.19,2.18,0.0,24.21
2024-06-02,2024,154,25.41,18.12,21.47,73.86,2.9,2.54,22.06
2024-06-03,2024,155,26.44,17.86,21.54,64.29,3.31,0.0,20.19
2024-06-04,2024,156,27.82,17.25,21.85,67.48,2.33,0.0,24.38
2024-06-05,2024,157,27.58,17.22,22.18,66.01,2.85,0.0,23.83
2024-06-06,2024,158,30.58,16.32,23.47,60.58,2.11,0.0,29.85
2024-06-07,2024,159,32.42,17.52,25.04,53.24,2.57,0.0,29.38
2024-06-08,2024,160,36.54,19.55,27.62,52.51,3.56,0.0,27.65
2024-06-09,2024,161,34.64,21.35,26.74,55.85,3.07,0.0,11.55
2024-06-10,2024,162,30.9,19.61,24.76,60.61,2.99,0.0,25.22
2024-06-11,2024,163,31.46,19.76,25.24,66.64,2.82,0.0,27.05
2024-06-12,2024,164,27.93,20.29,23.53,66.59,4.0,0.0,19.17
2024-06-13,2024,165,27.48,19.19,23.04,61.86,5.18,0.0,25.58
2024-06-14,2024,166,29.45,16.82,22.98,53.86,2.88,0.0,31.85
2024-06-15,2024,167,36.9,19.08,26.85,49.37,3.23,0.32,25.22
2024-06-16,2024,168,31.33,22.63,25.81,69.58,2.54,0.77,14.88
2024-06-17,2024,169,36.95,21.49,28.67,52.44,3.3,0.0,28.43
2024-06-18,2024,170,40.83,23.34,31.3,41.02,4.64,0.0,20.77
2024-06-19,2024,171,38.9,25.16,31.25,36.58,3.45,0.0,16.01
2024-06-20,2024,172,39.18,24.48,31.21,34.33,3.25,0.0,24.33
2024-06-21,2024,173,31.16,21.79,25.95,60.83,4.35,0.1,26.54
2024-06-22,2024,174,29.07,20.69,24.43,62.96,5.46,0.01,27.57
2024-06-23,2024,175,27.32,20.1,23.65,66.41,4.04,0.0,24.85
2024-06-24,2024,176,28.75,20.25,24.08,62.14,2.8,0.23,18.58
2024-06-25,2024,177,28.71,20.26,24.17,61.33,3.11,0.01,24.99
2024-06-26,2024,178,31.28,18.62,24.93,59.32,2.74,0.0,29.27
2024-06-27,2024,179,36.98,20.8,27.88,55.37,4.3,0.0,25.12
2024-06-28,2024,180,35.64,22.12,28.41,52.84,3.49,0.0,24.83
2024-06-29,2024,181,39.19,22.91,29.14,50.66,2.88,0.31,23.73
2024-06-30,2024,182,38.94,21.97,29.23,55.43,2.3,0.0,25.35
2024-07-01,2024,183,37.64,23.5,28.64,54.25,5.4,0.0,22.5
2024-07-02,2024,184,29.11,22.14,24.99,62.41,7.95,0.01,26.96
2024-07-03,2024,185,28.81,21.23,24.22,61.8,6.6,0.01,27.27
2024-07-04,2024,186,28.89,20.6,24.29,60.47,6.51,0.01,28.07
2024-07-05,2024,187,32.92,18.4,25.6,56.23,3.03,0.0,29.07
2024-07-06,2024,188,38.74,21.84,29.59,50.01,5.8,0.0,25.71
2024-07-07,2024,189,35.61,24.5,29.17,57.11,2.17,0.0,22.3
2024-07-08,2024,190,36.28,23.86,29.33,55.42,2.49,0.0,23.22
2024-07-09,2024,191,39.0,23.68,29.76,56.43,2.85,0.0,23.04
2024-07-10,2024,192,35.49,23.4,28.64,61.74,2.33,0.0,27.24
2024-07-11,2024,193,35.73,22.09,28.72,58.11,2.38,0.0,27.26
2024-07-12,2024,194,40.36,23.34,31.55,39.8,2.61,0.0,28.01
2024-07-13,2024,195,37.36,24.41,30.14,47.77,2.57,0.0,27.71
2024-07-14,2024,196,41.73,24.9,31.5,52.18,3.12,0.0,24.22
2024-07-15,2024,197,37.05,22.82,29.01,59.4,2.2,0.02,27.15
2024-07-16,2024,198,36.4,21.88,28.56,57.08,2.39,0.0,27.15
2024-07-17,2024,199,38.58,22.36,29.91,55.05,1.97,0.01,26.77
2024-07-18,2024,200,36.95,24.08,29.97,53.52,1.89,0.0,27.11
2024-07-19,2024,201,37.02,23.0,29.58,55.51,2.08,0.08,27.06
2024-07-20,2024,202,37.06,23.62,30.27,47.86,2.51,0.0,26.87
2024-07-21,2024,203,42.3,25.55,33.96,36.77,2.57,0.0,25.62
2024-07-22,2024,204,31.5,23.78,27.55,61.35,7.78,0.0,25.73
2024-07-23,2024,205,32.49,23.66,27.44,60.56,6.56,0.0,25.4
2024-07-24,2024,206,32.5,22.58,27.01,61.9,5.94,0.0,26.41
2024-07-25,2024,207,33.24,23.17,27.66,59.76,4.92,0.0,27.73
2024-07-26,2024,208,35.62,21.58,28.43,54.07,2.33,0.0,24.26
2024-07-27,2024,209,36.89,23.87,29.89,54.47,4.11,0.0,23.71
2024-07-28,2024,210,36.77,23.43,29.99,55.75,3.42,0.0,23.73
2024-07-29,2024,211,36.63,24.37,30.1,47.25,1.99,0.0,26.14
2024-07-30,2024,212,37.24,23.26,30.02,50.61,2.25,0.05,27.05
2024-07-31,2024,213,37.42,24.11,30.74,48.91,2.35,0.0,26.07
2024-08-01,2024,214,40.84,25.65,32.95,38.07,2.3,0.01,25.94
2024-08-02,2024,215,42.99,26.15,33.94,35.36,2.1,0.0,25.78
2024-08-03,2024,216,35.26,25.9,30.57,53.75,4.84,0.09,21.03
2024-08-04,2024,217,33.41,24.63,28.48,56.53,6.37,0.0,24.87
2024-08-05,2024,218,32.93,23.68,27.79,64.12,4.11,0.12,24.69
2024-08-06,2024,219,34.65,22.86,28.3,62.44,2.42,0.0,24.36
2024-08-07,2024,220,35.62,23.9,29.35,58.91,1.94,0.0,23.35
2024-08-08,2024,221,36.07,23.62,29.7,55.5,1.93,0.01,25.3
2024-08-09,2024,222,38.35,24.85,31.05,47.6,1.88,0.0,24.97
2024-08-10,2024,223,37.4,24.63,30.5,61.49,2.41,0.07,25.42
2024-08-11,2024,224,40.02,25.06,32.19,48.79,3.65,0.0,25.04
2024-08-12,2024,225,40.96,26.68,33.34,42.81,5.21,0.0,24.01
2024-08-13,2024,226,39.91,27.27,32.94,45.86,3.32,0.03,23.22
2024-08-14,2024,227,40.51,26.78,32.51,49.08,2.62,1.72,22.96
2024-08-15,2024,228,37.5,26.56,31.66,49.74,3.22,0.22,16.11
2024-08-16,2024,229,36.3,26.25,30.94,54.72,3.11,0.83,21.39
2024-08-17,2024,230,31.49,25.89,28.36,64.4,3.32,0.93,19.87
2024-08-18,2024,231,32.0,24.57,27.88,67.26,4.09,0.88,20.2
2024-08-19,2024,232,32.99,24.47,27.94,58.9,4.02,0.13,19.39
2024-08-20,2024,233,31.36,23.34,27.02,62.78,5.33,0.5,21.24
2024-08-21,2024,234,31.42,23.67,27.05,65.23,5.51,0.01,22.36
2024-08-22,2024,235,32.04,22.69,26.62,62.97,4.5,0.02,22.04
2024-08-23,2024,236,32.51,22.51,26.83,63.81,2.1,0.19,22.53
2024-08-24,2024,237,36.32,22.41,29.16,55.13,2.84,0.03,22.53
2024-08-25,2024,238,37.11,23.06,29.28,55.69,2.32,0.02,24.08
2024-08-26,2024,239,33.99,23.61,27.85,66.61,2.67,0.33,19.75
2024-08-27,2024,240,33.73,23.42,27.78,63.66,3.43,0.22,22.12
2024-08-28,2024,241,32.42,23.01,27.07,58.73,1.89,5.57,16.56
2024-08-29,2024,242,32.98,23.15,27.48,56.93,2.03,0.07,20.07
2024-08-30,2024,243,34.2,22.66,28.07,61.14,2.79,0.04,20.19
2024-08-31,2024,244,35.72,23.82,29.14,60.68,2.75,0.02,21.5
2024-09-01,2024,245,35.83,24.71,29.89,58.8,3.25,0.09,20.74
2024-09-02,2024,246,37.88,26.2,30.69,54.6,2.47,0.3,19.77
2024-09-03,2024,247,38.25,26.37,30.9,58.63,2.26,1.77,20.61
2024-09-04,2024,248,36.33,25.77,29.55,66.75,1.88,7.02,19.46
2024-09-05,2024,249,30.55,23.99,26.96,70.7,3.57,1.02,17.49
2024-09-06,2024,250,39.13,24.19,30.83,57.69,3.09,0.14,21.01
2024-09-07,2024,251,38.77,25.99,31.83,48.88,3.46,0.01,20.52
2024-09-08,2024,252,36.77,25.57,30.83,56.38,3.57,78.88,14.0
2024-09-09,2024,253,29.9,23.7,26.37,71.16,6.26,8.85,20.21
2024-09-10,2024,254,27.81,22.43,24.76,64.55,7.81,1.19,21.16
2024-09-11,2024,255,28.46,21.09,24.26,68.09,5.1,0.34,19.81
2024-09-12,2024,256,30.79,20.28,24.76,69.12,3.56,0.62,21.1
2024-09-13,2024,257,26.96,19.74,23.21,62.78,5.99,0.66,13.74
2024-09-14,2024,258,24.79,18.46,21.33,55.66,6.84,0.0,21.26
2024-09-15,2024,259,25.53,19.22,21.79,60.02,5.49,0.01,16.07
2024-09-16,2024,260,26.81,18.64,22.37,61.44,4.44,0.01,18.81
2024-09-17,2024,261,27.68,19.38,22.75,64.84,4.12,0.07,17.24
2024-09-18,2024,262,28.93,18.43,23.34,65.86,1.62,1.42,14.65
2024-09-19,2024,263,27.63,19.65,23.49,70.23,1.75,0.75,15.07
2024-09-20,2024,264,28.58,20.22,23.65,71.96,1.87,0.85,16.15
2024-09-21,2024,265,30.56,20.25,24.76,72.02,2.63,0.54,15.76
2024-09-22,2024,266,32.34,22.32,26.2,68.02,2.47,0.33,15.17
2024-09-23,2024,267,27.67,21.48,24.23,78.82,1.91,4.33,7.18
2024-09-24,2024,268,31.22,19.37,24.74,68.97,2.13,0.35,18.27
2024-09-25,2024,269,31.45,21.17,24.85,69.67,2.14,3.12,11.77
2024-09-26,2024,270,34.78,19.3,26.35,62.38,1.95,0.02,19.93
2024-09-27,2024,271,34.52,21.64,26.93,59.85,2.04,0.0,19.43
2024-09-28,2024,272,28.22,21.01,24.16,69.78,4.76,0.26,14.35
2024-09-29,2024,273,25.58,18.26,21.34,60.29,4.07,0.0,20.39
2024-09-30,2024,274,27.21,17.34,21.55,59.23,1.83,0.0,19.96
2024-10-01,2024,275,32.46,16.59,23.78,63.76,2.84,0.0,19.09
2024-10-02,2024,276,29.9,20.61,24.24,68.92,2.81,0.08,15.98
2024-10-03,2024,277,29.58,20.17,23.73,72.15,4.18,0.9,11.15
2024-10-04,2024,278,27.01,18.11,21.87,58.51,3.31,0.03,16.88
2024-10-05,2024,279,24.78,18.48,21.12,64.97,2.15,0.08,14.75
2024-10-06,2024,280,29.11,15.65,21.76,62.76,1.86,0.0,16.51
2024-10-07,2024,281,31.2,17.72,24.05,63.17,3.95,3.12,15.04
2024-10-08,2024,282,32.39,20.06,24.39,65.42,3.98,0.32,10.79
2024-10-09,2024,283,31.41,19.89,24.5,68.25,2.21,0.0,16.12
2024-10-10,2024,284,31.05,21.89,25.46,63.64,4.2,0.01,14.54
2024-10-11,2024,285,26.92,19.66,22.88,65.61,2.73,0.02,12.32
2024-10-12,2024,286,28.78,19.08,23.24,62.45,1.82,0.0,16.1
2024-10-13,2024,287,33.31,18.87,25.05,62.95,2.27,0.0,15.34
2024-10-14,2024,288,34.8,21.11,26.33,60.79,1.94,0.05,15.4
2024-10-15,2024,289,34.5,20.35,26.44,57.63,3.69,0.04,14.96
2024-10-16,2024,290,31.72,21.39,25.71,60.6,5.15,0.08,9.94
2024-10-17,2024,291,32.48,20.79,25.37,69.62,3.97,7.01,9.1
2024-10-18,2024,292,24.35,18.57,21.57,78.41,3.94,54.26,5.22
2024-10-19,2024,293,20.98,17.46,18.9,79.67,5.03,4.36,13.07
2024-10-20,2024,294,23.6,17.94,20.03,75.04,3.55,2.84,13.61
2024-10-21,2024,295,24.18,17.82,20.28,76.83,1.59,3.64,12.91
2024-10-22,2024,296,21.29,17.19,19.36,89.27,1.73,25.62,4.11
2024-10-23,2024,297,25.13,18.56,21.29,88.79,1.84,5.85,10.11
2024-10-24,2024,298,26.04,18.71,21.57,86.22,3.64,0.36,10.24
2024-10-25,2024,299,25.78,17.46,21.24,80.78,4.09,0.02,12.0
2024-10-26,2024,300,24.25,19.34,21.31,80.96,4.28,1.15,10.22
2024-10-27,2024,301,25.57,17.75,21.29,86.59,3.21,1.72,9.39
2024-10-28,2024,302,25.71,20.04,22.05,84.21,4.61,0.4,10.88
2024-10-29,2024,303,25.3,19.65,21.62,86.42,3.66,0.18,11.5
2024-10-30,2024,304,26.12,18.81,21.72,85.97,2.75,0.06,12.2
2024-10-31,2024,305,26.85,19.15,22.02,82.55,3.8,0.04,12.31
2024-11-01,2024,306,25.77,18.8,21.56,81.18,4.2,0.19,11.47
2024-11-02,2024,307,25.73,17.13,20.9,79.69,3.15,0.01,12.11
2024-11-03,2024,308,25.29,16.92,20.41,77.77,2.23,0.0,10.3
2024-11-04,2024,309,26.92,15.34,20.22,78.22,1.82,0.0,12.54
2024-11-05,2024,310,26.18,16.76,20.76,81.73,2.19,0.1,11.82
2024-11-06,2024,311,23.92,17.0,20.1,84.92,2.04,0.52,11.44
2024-11-07,2024,312,24.58,16.77,20.01,82.14,2.79,3.62,10.61
2024-11-08,2024,313,23.82,16.32,19.43,77.57,1.79,0.9,10.93
2024-11-09,2024,314,24.11,16.68,19.56,75.55,1.21,1.82,10.51
2024-11-10,2024,315,21.5,16.51,18.44,83.45,1.72,3.81,8.17
2024-11-11,2024,316,19.92,16.05,17.35,82.26,1.4,5.95,9.85
2024-11-12,2024,317,20.11,14.52,16.7,82.92,2.4,2.16,10.74
2024-11-13,2024,318,23.03,13.54,17.28,75.96,1.81,0.02,11.19
2024-11-14,2024,319,23.94,13.21,18.01,73.45,1.37,0.3,10.78
2024-11-15,2024,320,20.64,13.86,17.15,81.63,2.51,0.72,8.81
2024-11-16,2024,321,20.34,13.17,15.78,65.73,1.32,0.0,11.74
2024-11-17,2024,322,24.89,11.62,16.78,73.23,1.7,0.0,11.39
2024-11-18,2024,323,23.05,14.98,17.76,86.81,2.87,0.13,9.73
2024-11-19,2024,324,23.52,13.85,17.35,83.67,1.94,0.16,11.5
2024-11-20,2024,325,23.86,15.04,18.63,82.51,5.08,0.78,10.97
2024-11-21,2024,326,22.12,14.78,18.33,77.57,4.08,0.8,7.15
2024-11-22,2024,327,21.87,13.66,16.76,74.16,5.6,5.21,9.33
2024-11-23,2024,328,18.44,12.1,14.87,63.03,3.21,0.0,11.23
2024-11-24,2024,329,20.7,10.4,14.74,71.1,3.71,0.1,11.44
2024-11-25,2024,330,22.77,11.09,15.62,72.54,3.74,0.52,10.66
2024-11-26,2024,331,22.67,9.95,15.34,70.46,2.36,0.0,11.05
2024-11-27,2024,332,23.75,12.35,16.94,68.72,1.5,0.05,8.64
2024-11-28,2024,333,21.35,13.9,16.8,77.39,1.78,0.05,8.97
2024-11-29,2024,334,21.41,13.9,16.88,81.31,3.61,0.73,8.39
2024-11-30,2024,335,18.71,11.47,15.72,71.34,4.53,0.48,8.84
2024-12-01,2024,336,17.67,10.84,13.61,71.13,3.32,0.06,8.14
2024-12-02,2024,337,18.09,13.17,15.51,75.98,3.74,1.43,9.31
2024-12-03,2024,338,19.74,14.96,16.77,82.94,4.29,3.56,8.52
2024-12-04,2024,339,17.09,11.58,14.24,86.62,2.28,13.92,6.07
2024-12-05,2024,340,16.22,13.42,14.57,66.7,7.05,1.54,7.23
2024-12-06,2024,341,18.2,11.58,15.16,70.36,5.74,0.7,9.42
2024-12-07,2024,342,19.2,14.77,16.75,73.29,6.62,0.35,8.37
2024-12-08,2024,343,15.99,11.52,13.57,72.63,6.57,6.5,8.0
2024-12-09,2024,344,14.83,9.78,11.93,79.4,4.47,4.4,9.9
2024-12-10,2024,345,15.09,8.33,11.04,78.93,4.13,1.51,10.66
2024-12-11,2024,346,16.68,7.04,11.23,72.83,1.88,0.03,10.36
2024-12-12,2024,347,19.44,10.97,15.05,89.61,2.84,2.79,6.54
2024-12-13,2024,348,19.61,10.61,14.21,85.31,2.35,0.02,9.16
2024-12-14,2024,349,19.61,8.58,13.18,79.66,2.58,0.04,10.43
2024-12-15,2024,350,15.54,12.31,13.68,74.81,4.97,2.0,5.82
2024-12-16,2024,351,16.97,10.55,13.54,72.71,3.55,0.37,8.07
2024-12-17,2024,352,17.51,10.05,12.78,76.62,2.23,0.0,8.94
2024-12-18,2024,353,16.76,6.51,11.26,78.65,1.93,0.01,10.36
2024-12-19,2024,354,19.17,8.73,13.16,75.01,2.98,0.33,9.25
2024-12-20,2024,355,15.47,12.1,13.57,67.41,7.77,2.9,6.5
2024-12-21,2024,356,15.13,11.71,12.91,69.26,6.11,2.98,6.18
2024-12-22,2024,357,17.1,10.56,13.83,78.04,5.89,7.13,6.02
2024-12-23,2024,358,13.79,9.99,12.25,63.35,8.81,12.8,7.6
2024-12-24,2024,359,14.45,10.02,11.89,62.86,7.08,6.91,8.39
2024-12-25,2024,360,13.28,9.89,11.41,66.98,5.32,3.71,5.87
2024-12-26,2024,361,14.52,9.57,11.49,78.41,3.36,3.02,6.94
2024-12-27,2024,362,14.88,9.63,11.81,84.79,2.33,9.11,5.14
2024-12-28,2024,363,15.71,9.98,12.15,82.71,3.07,1.57,8.52
2024-12-29,2024,364,16.47,9.41,12.69,84.97,2.69,0.39,8.67
2024-12-30,2024,365,15.94,7.82,11.22,82.96,1.53,0.04,9.28
2024-12-31,2024,366,16.7,7.11,11.12,86.23,1.97,1.8,8.33
